g laalaa_geo_0
v 0.002262355 0.005435833 0.003598856
v 0.002487106 0.007885236 0.004216627
v 0.003974236 0.007834181 0.002862692
v 0.003442461 0.005358421 0.002359991
v 0.003851068 0.007703921 0.0006791091
v 0.003511862 0.005356932 0.0006351485
v 0.001300607 0.007394795 0.003894935
v 0.0008488721 0.006764854 0.003245683
v 0.0007567912 0.005566095 0.003162184
v 0.000436851 0.006206281 0.001349553
v 0.002119527 0.004028612 0.003027675
v 0.003283783 0.004036843 0.002107173
v 0.003306989 0.00421146 0.0006498167
v 0.002303951 0.004322018 -0.0005704842
v 0.002291516 0.005409431 -0.0008870091
v 0.0008183973 0.004041047 0.002936908
v 0.0001362633 0.005433819 0.001221919
v 0.0002071519 0.004177964 0.001267499
v 0.002090891 0.002628921 -0.0001004468
v 0.002988099 0.002436309 0.0005045804
v 0.00321088 0.003082057 0.001969205
v 0.003069102 0.002202625 0.001902957
v 0.002070006 0.002975045 0.00287158
v 0.002002051 0.002195794 0.002688864
v 0.0008298691 0.004290405 -0.0001762832
v 0.000862139 0.005414466 -0.0003030865
v 0.0001362633 0.005433819 0.001221919
v 0.0002071519 0.004177964 0.001267499
v 0.0009440177 0.002579444 -9.488608E-05
v 0.0003836079 0.001473773 0.001510727
v 0.0006451821 0.003009373 0.002863655
v 0.0003836079 0.001473773 0.001510727
v 0.0007109478 0.001978181 0.002652303
v 0.002909592 0.001501095 0.000536894
v 0.00300719 0.001625708 0.001735259
v 0.002095095 0.001482486 -5.563778E-06
v 0.001069683 0.001354501 0.0001203631
v 0.000436851 0.006206281 0.001349553
v 0.000612562 0.00632192 -0.0005959673
v -5.820437E-06 0.006168276 -0.0004292324
v 0.001261156 0.006839333 -0.001777519
v -5.820437E-06 0.006119193 0.001703646
v 0.003254447 0.007643541 -0.001473122
v 0.003210968 0.001337162 0.003421306
v 0.002045661 0.002049288 0.003814238
v 0.002002051 0.002195794 0.002688864
v 0.00300719 0.001625708 0.001735259
v 0.0007109478 0.001978181 0.002652303
v 0.000517679 0.001292895 0.004179015
v 0.003458224 -8.717984E-05 0.003228519
v 0.003338953 3.169763E-05 0.001688102
v 0.003090908 0.0002045625 0.0006852391
v 0.002909592 0.001501095 0.000536894
v 9.17773E-05 0.001103479 0.002873332
v 0.002506241 0.0004092157 8.844356E-05
v 0.002095095 0.001482486 -5.563778E-06
v 0.001079228 0.0002795232 -0.0001251418
v 0.001069683 0.001354501 0.0001203631
v 0.0002133257 0.0008770644 0.001288648
v 0.0003836079 0.001473773 0.001510727
v 0.0003836079 0.001473773 0.001510727
v 0.0002133257 0.0008770644 0.001288648
v 0.0004759077 9.544923E-05 0.0009565349
v 0.0001525077 -0.0001165599 0.002491041
v 0.0001525077 -0.0001165599 0.002491041
v 0.0005640915 -0.0001037307 0.004545762
v 0.001880852 0.0004903501 0.005208631
v 0.002000562 0.001328405 0.004887157
v 0.003072868 0.0009889801 0.004504603
v 0.002874783 -2.329688E-05 0.004632413
v 0.001710221 -2.995227E-05 0.005071625
v 0.003090908 0.0002045625 0.0006852391
v 0.002506241 0.0004092157 8.844356E-05
v 0.001079228 0.0002795232 -0.0001251418
v 0.0004759077 9.544923E-05 0.0009565349
v 0.003338953 3.169763E-05 0.001688102
v 0.0001525077 -0.0001165599 0.002491041
v 0.003458224 -8.717984E-05 0.003228519
v 0.0005640915 -0.0001037307 0.004545762
v 0.002874783 -2.329688E-05 0.004632413
v 0.001710221 -2.995227E-05 0.005071625
v -5.820437E-06 0.006119193 0.001703646
v 3.026898E-09 0.008713658 0.005315686
v 0.002336615 0.008785641 0.004891054
v 0.001300607 0.007394795 0.003894935
v 0.002487106 0.007885236 0.004216627
v 0.004106994 0.009355245 0.003277077
v 0.003974236 0.007834181 0.002862692
v 0.004270357 0.009358091 0.0007723721
v 0.003851068 0.007703921 0.0006791091
v 0.003678859 0.00936952 -0.001673922
v 0.003254447 0.007643541 -0.001473122
v 7.649619E-05 0.006647465 0.003250937
v 0.0008488721 0.006764854 0.003245683
v -5.820437E-06 0.006119193 0.001703646
v -0.001304804 0.007397904 0.003894935
v -0.002364851 0.008783101 0.004891098
v -0.002490997 0.00788528 0.00421667
v -0.004111191 0.009354764 0.003276989
v -0.003978609 0.007836722 0.002863042
v -0.004276656 0.009356472 0.0007723721
v -0.004573741 0.01151024 0.0008662495
v -0.003526348 0.01160315 -0.001523519
v -0.004198062 0.01348426 0.0008825815
v -0.003149968 0.01341499 -0.001269432
v -0.003477308 0.01504981 0.0006539763
v -0.002145003 0.01475851 -0.001460468
v -0.001887019 0.01344691 -0.002339987
v 9.241755E-06 0.01461901 -0.002507685
v 7.096268E-06 0.01348895 -0.003006664
v -0.003459662 0.01540688 0.003168314
v -0.003351118 0.01698465 0.002067328
v -0.003284915 0.01700072 0.0007965855
v -0.002922459 0.01700304 0.003442805
v -0.003242049 0.01773325 0.003058982
v -0.0024952 0.01837952 0.00333483
v -0.002950788 0.01906323 0.002823547
v -0.001514318 0.01933102 0.00354662
v -0.002538154 0.02005891 0.002050602
v -0.001366367 0.01805433 0.004453549
v -0.00161555 0.01668016 0.004870606
v 1.191267E-05 0.01793383 0.004943071
v -6.302077E-06 0.01679282 0.005384736
v -2.273816E-06 0.01938992 0.004323332
v -4.348275E-07 0.01497152 0.005713651
v -0.0018942 0.01506619 0.005000867
v -1.317639E-05 0.013081 0.006014896
v -0.002696438 0.01320329 0.00507504
v -0.002689958 0.01122559 0.00542423
v -1.286989E-05 0.01124481 0.006139378
v -0.00260589 0.009919509 0.005291473
v -1.751115E-05 0.009711442 0.00576024
v -0.001529424 0.01981131 0.003883419
v 8.760115E-06 0.01988364 0.004445318
v -0.00424605 0.01127467 0.003524728
v -0.003912887 0.01339932 0.003392364
v 0.002735808 0.0112336 0.005461842
v 0.002661066 0.009974724 0.005326195
v 0.004244393 0.01127467 0.003524728
v 0.004572083 0.01151024 0.0008662495
v 0.003917797 0.01339025 0.003397706
v 0.004196404 0.01348426 0.0008825815
v 0.003458005 0.01540688 0.003168314
v 0.003475651 0.01504981 0.0006539763
v 0.003349461 0.01698465 0.002067328
v 0.003283258 0.01700072 0.0007965855
v 0.002920801 0.01700304 0.003442805
v 0.003240392 0.01773325 0.003058982
v 0.002493499 0.01837952 0.00333483
v 0.00294913 0.01906323 0.002823547
v 0.001513317 0.01933278 0.003548547
v 0.002538116 0.02005891 0.002050602
v 0.001364709 0.01805433 0.004453549
v 0.001619978 0.01668568 0.00488164
v 0.001922974 0.0150812 0.005010062
v 0.002694781 0.01320329 0.00507504
v 0.001544448 0.01980487 0.003887316
v 0.002438592 0.02045719 0.002046617
v 0.001840044 0.02070847 0.0005346172
v 0.001813423 0.02018436 0.0003483977
v 1.221916E-05 0.02080283 -4.120512E-05
v -1.895607E-05 0.02018353 -0.0001715544
v 0.00147067 0.01899904 -0.0006713219
v 1.016125E-05 0.01901008 -0.0009871471
v 1.651014E-05 0.01776696 -0.001585388
v 0.001643228 0.01767204 -0.001206556
v 0.002932229 0.01807359 -4.028563E-05
v 0.00270669 0.01943585 0.0004245406
v 7.621694E-06 0.01632581 -0.002099254
v 0.001909488 0.01627449 -0.001288303
v 0.002143346 0.01475851 -0.001460468
v 0.003148311 0.01341499 -0.001269432
v 0.001885362 0.01344691 -0.002339987
v 9.241755E-06 0.01461901 -0.002507685
v 7.096268E-06 0.01348895 -0.003006664
v 0.002093475 0.01172658 -0.003069409
v 8.672544E-06 0.0118406 -0.003787184
v 0.003524691 0.01160315 -0.001523519
v -3.104085E-05 0.009939739 -0.003930845
v 0.001972101 0.009663365 -0.003198445
v 0.001756721 0.008057752 -0.002742594
v 0.001261156 0.006839333 -0.001777519
v -5.820437E-06 0.007274473 -0.002459084
v -5.820437E-06 0.008397046 -0.003453058
v -5.820437E-06 0.006168276 -0.0004292324
v -0.0008235149 0.02391541 0.004984973
v -0.001188554 0.02414839 0.004905328
v -0.0007356799 0.02469939 0.005395157
v -0.0004766015 0.02371522 0.005442314
v -0.0007326149 0.02352738 0.00513656
v -0.0007453565 0.0231912 0.005629146
v -0.0009115236 0.02324374 0.005153373
v -0.001395834 0.02284984 0.005496258
v -0.001269513 0.02309377 0.005115761
v -3.19331E-06 0.02391273 0.005647492
v 3.533104E-07 0.0249392 0.005573232
v -4.075854E-08 0.02348894 0.00589453
v -0.001025191 0.0257054 0.005115322
v -0.001947356 0.02533887 0.004619847
v 4.408813E-07 0.02588737 0.005324838
v -0.001764201 0.02309395 0.004977661
v -0.002422692 0.0228146 0.004600099
v -0.001988821 0.02324076 0.004655181
v -0.002542139 0.0234751 0.004273591
v -0.002044691 0.02349458 0.004625101
v -0.001969862 0.02382687 0.004692312
v -0.002229553 0.0245066 0.004581534
v -0.001689766 0.02411726 0.004795995
v -0.001517864 0.02459759 0.005007523
v -0.002629447 0.02478635 0.004172228
v -0.002756599 0.02355155 0.004033647
v -8.288964E-07 0.02667183 0.004766922
v -0.001114206 0.0264977 0.004649402
v -0.002050427 0.02575339 0.004381654
v -0.002860984 0.02489301 0.004211766
v -0.002296196 0.02596006 0.004471589
v -0.00304554 0.02358518 0.00403356
v -0.002736677 0.02247618 0.004081373
v -0.001226647 0.02683358 0.004671776
v 5.038353E-06 0.02707834 0.004763113
v 1.272805E-06 0.02760723 0.003802504
v -0.001159656 0.02758021 0.003279529
v -3.149525E-06 0.02790339 0.00258588
v -0.0004813741 0.02786096 0.002388583
v -0.001312598 0.02764598 0.002219001
v -0.00231244 0.02695802 0.002766802
v -0.003064455 0.02592411 0.002853497
v -0.002718769 0.02658094 0.001102165
v -0.001389091 0.02745188 0.0007947465
v -0.003347922 0.02558039 0.001167493
v -0.0004551904 0.02792406 0.001815956
v -0.003685946 0.0244594 0.00169826
v -0.003485452 0.02474821 0.002977716
v -0.003673817 0.02336546 0.00223218
v -0.003493946 0.02337102 0.003084421
v -0.003166037 0.02190876 0.003274538
v -0.00341614 0.02207112 0.002464025
v -8.454398E-08 0.02789984 0.001472984
v -3.937663E-06 0.02757863 0.0001733873
v -0.001720985 0.02633101 -0.0007689636
v 4.994567E-06 0.02660314 -0.001109527
v -0.002929902 0.02567541 -6.230971E-05
v -0.001733245 0.02483101 -0.001435072
v -0.002712639 0.02452863 -0.0007779833
v -0.003506338 0.02463787 0.0004153894
v -0.003292271 0.02415312 -2.224603E-05
v -1.748391E-06 0.02493005 -0.001784481
v -0.003110342 0.0229738 -1.432087E-05
v -0.002055506 0.02333127 -0.001178139
v -1.238825E-05 0.02312591 -0.001568092
v 1.734206E-05 0.02191778 -0.0008666927
v -0.001859741 0.02174636 -0.0003454708
v 1.221916E-05 0.02080283 -4.120512E-05
v -0.001797829 0.02072839 0.0005960919
v -0.002907616 0.02170052 0.0007530189
v -0.002857262 0.02122264 0.001544355
v -0.002423042 0.02044563 0.002036021
v -0.002864968 0.02120355 0.00219991
v -0.002173508 0.02217262 0.00521695
v -0.001436817 0.02204095 0.005681032
v -0.001568962 0.02165897 0.005456588
v -0.0009329347 0.02257881 0.006183601
v -0.0004079021 0.02298514 0.006393114
v 3.286935E-06 0.02327172 0.006340397
v -0.0004388584 0.02229942 0.006413518
v -0.0006160143 0.02195544 0.00602917
v 4.846667E-07 0.02269243 0.006484276
v 1.929586E-06 0.02198153 0.006069015
v -2.536529E-06 0.02227564 0.006408965
v -5.732866E-06 0.02305397 0.00651405
v -0.00113553 0.02182675 0.005516311
v -0.001146476 0.02159784 0.005547835
v -0.0008389711 0.02157827 0.005739836
v -0.0006360243 0.02178091 0.005376636
v 7.473794E-07 0.02155905 0.005779724
v -0.0004142072 0.02133224 0.005899696
v -0.0009163838 0.02123692 0.005462017
v -4.550659E-06 0.02131972 0.005933937
v -0.0004984066 0.02099544 0.005439118
v 2.542583E-06 0.02090459 0.005444372
v 1.185234E-06 0.02173796 0.005378912
v -0.001044018 0.02075129 0.004946179
v 4.681234E-08 0.02027316 0.004877174
v -0.001491418 0.0202905 0.004515199
v 8.760115E-06 0.01988364 0.004445318
v -0.001529424 0.01981131 0.003883419
v -0.002602694 0.02086067 0.003625478
v -0.002423042 0.02044563 0.002036021
v -0.002864968 0.02120355 0.00219991
v -0.002283761 0.02152581 0.004627772
v 0.001493569 0.02028962 0.004521329
v 0.001544448 0.01980487 0.003887316
v 0.002611763 0.02084263 0.003634366
v 0.002438592 0.02045719 0.002046617
v 0.002887305 0.02118442 0.002195619
v 0.003193191 0.02190001 0.003279135
v 0.003414482 0.02207112 0.002464025
v 0.002282102 0.02152581 0.004627772
v 0.002735019 0.02247618 0.004081373
v 0.003492289 0.02337102 0.003084421
v 0.003043882 0.02358518 0.00403356
v 0.003483795 0.02474821 0.002977716
v 0.002859326 0.02489301 0.004211766
v 0.003062797 0.02592411 0.002853497
v 0.002294537 0.02596006 0.004471589
v 0.002310782 0.02695802 0.002766802
v 0.00367216 0.02336546 0.00223218
v 0.002717111 0.02658094 0.001102165
v 0.00131094 0.02764598 0.002219001
v 0.001157998 0.02758021 0.003279529
v 0.0004786224 0.02786061 0.002389678
v -3.149525E-06 0.02790339 0.00258588
v 0.001387434 0.02745188 0.0007947465
v 0.003346221 0.02558039 0.001167493
v 0.0004560291 0.02792266 0.001802908
v 0.003692476 0.02449846 0.001713454
v -8.454398E-08 0.02789984 0.001472984
v -3.937663E-06 0.02757863 0.0001733873
v 0.001719328 0.02633101 -0.0007689636
v 4.994567E-06 0.02660314 -0.001109527
v 0.002928244 0.02567541 -6.230971E-05
v 0.001731588 0.02483101 -0.001435072
v 0.002710981 0.02452863 -0.0007779833
v 0.003504681 0.02463787 0.0004153894
v 0.003290614 0.02415312 -2.224603E-05
v -1.748391E-06 0.02493005 -0.001784481
v 0.003108684 0.0229738 -1.432087E-05
v 0.002053849 0.02333127 -0.001178139
v -1.238825E-05 0.02312591 -0.001568092
v 1.734206E-05 0.02191778 -0.0008666927
v 0.001891799 0.02168143 -0.0004016913
v 1.221916E-05 0.02080283 -4.120512E-05
v 0.001840044 0.02070847 0.0005346172
v 0.002905958 0.02170052 0.0007530189
v 0.002855605 0.02122264 0.001544355
v 0.002438592 0.02045719 0.002046617
v 0.002887305 0.02118442 0.002195619
v -0.005465476 0.0192114 0.0006245963
v -0.005501862 0.01807666 0.000348135
v -0.00424535 0.01803651 0.0002053507
v -0.003988636 0.01934618 0.0004811552
v -0.006806275 0.01810818 0.0005950411
v -0.006770852 0.01919818 0.0007900614
v -0.005728014 0.019712 0.002015705
v -0.005001743 0.01978561 0.001924675
v -0.004887814 0.01898017 0.002893341
v -0.003828206 0.01901117 0.002904113
v -0.004035661 0.01778032 0.002967646
v -0.005035633 0.01796557 0.00276886
v -0.004329067 0.01723676 0.00179866
v -0.005408949 0.01740258 0.001873227
v -0.005501862 0.01807666 0.000348135
v -0.00424535 0.01803651 0.0002053507
v -0.003605993 0.01983092 0.002020258
v -0.005678843 0.0179957 0.002743814
v -0.005695919 0.01897356 0.002882089
v -0.006667388 0.01739417 0.001738237
v -0.006806275 0.01810818 0.0005950411
v -0.006583495 0.01801781 0.002831341
v -0.006571191 0.01896305 0.002854898
v -0.006587611 0.01964063 0.00207464
v -0.007649276 0.01744908 0.001809388
v -0.007805065 0.01811068 0.0008131801
v -0.007681897 0.0181098 0.002781951
v -0.007730805 0.01891187 0.002700598
v -0.007754362 0.01956996 0.002098985
v -0.007814522 0.01921889 0.001038107
v -0.007805065 0.01811068 0.0008131801
v -0.008670573 0.01817649 0.0008240841
v -0.008673901 0.01923575 0.001066261
v -0.008607128 0.01950739 0.002229816
v -0.008580156 0.01892632 0.002816848
v -0.009400038 0.01948949 0.002282316
v -0.009345831 0.01904808 0.002904595
v -0.009548166 0.01933102 0.001079222
v -0.00956533 0.01818555 0.0008281561
v -0.01058951 0.01903039 0.001003079
v -0.01052051 0.01818393 0.0008490418
v -0.01045321 0.01913202 0.002612108
v -0.01045269 0.01841963 0.00298713
v -0.009337031 0.01860664 0.003095587
v -0.01121849 0.01872254 0.0012527
v -0.01119682 0.01815648 0.001254626
v -0.01072468 0.0192766 0.00178443
v -0.01135988 0.01875143 0.001901512
v -0.01119682 0.01815648 0.001254626
v -0.01137625 0.01813279 0.00200813
v -0.01117401 0.01879544 0.002482634
v -0.01126727 0.01827255 0.00266754
v -0.008758581 0.01871352 0.003111568
v -0.008050834 0.01830894 0.002858883
v -0.008724079 0.01856933 0.003319768
v -0.008396783 0.01755749 0.002972462
v -0.009134524 0.0184043 0.003041161
v -0.009414926 0.01836669 0.002936908
v -0.009315883 0.01821051 0.00293774
v -0.008943138 0.01839327 0.003578846
v -0.009418253 0.01835172 0.003403442
v -0.008765807 0.01776215 0.003469164
v -0.009075326 0.01783544 0.003876589
v -0.00916872 0.01825403 0.003945989
v -0.009388173 0.01809106 0.003806269
v -0.009388173 0.01809106 0.003806269
v -0.008309255 0.01744142 0.001680484
v -0.008670573 0.01817649 0.0008240841
v -0.002935857 0.01806755 -4.667831E-05
v -0.002713033 0.019433 0.0004218697
v -0.002538154 0.02005891 0.002050602
v -0.002950788 0.01906323 0.002823547
v -0.003242049 0.01773325 0.003058982
v -0.003351118 0.01698465 0.002067328
v -0.003284915 0.01700072 0.0007965855
v -0.002935857 0.01806755 -4.667831E-05
v -0.001462782 0.01899502 -0.0006437371
v 1.016125E-05 0.01901008 -0.0009871471
v -1.895607E-05 0.02018353 -0.0001715544
v -0.001811402 0.02015205 0.0003597819
v 1.651014E-05 0.01776696 -0.001585388
v -0.00162527 0.0176529 -0.001185802
v -0.002935857 0.01806755 -4.667831E-05
v -0.002713033 0.019433 0.0004218697
v 7.621694E-06 0.01632581 -0.002099254
v -0.001896171 0.01626718 -0.001281517
v 1.221916E-05 0.02080283 -4.120512E-05
v -0.001797829 0.02072839 0.0005960919
v -0.002423042 0.02044563 0.002036021
v -0.002095132 0.01172658 -0.003069409
v 8.672544E-06 0.0118406 -0.003787184
v -3.104085E-05 0.009939739 -0.003930845
v -0.001983304 0.009646552 -0.003200722
v -0.003681874 0.0093686 -0.001673966
v -0.003854433 0.007705672 0.0006787588
v -0.003260657 0.007646517 -0.001474479
v -0.00175181 0.008056876 -0.002750782
v -0.001269951 0.006839815 -0.001777913
v -5.820437E-06 0.007274473 -0.002459084
v -5.820437E-06 0.008397046 -0.003453058
v -5.820437E-06 0.006168276 -0.0004292324
v -0.003372223 0.02111274 0.001939474
v -0.002864968 0.02120355 0.00219991
v -0.002857262 0.02122264 0.001544355
v -0.003640058 0.02126463 0.001160969
v -0.003886222 0.02135417 0.001493826
v -0.002907616 0.02170052 0.0007530189
v -0.004122707 0.02168686 0.0005727105
v -0.003110342 0.0229738 -1.432087E-05
v -0.004596465 0.02230564 4.006065E-05
v -0.004866359 0.02323612 -0.0003072461
v -0.003292271 0.02415312 -2.224603E-05
v -0.004974946 0.02415019 -0.0004307211
v -0.004072047 0.0247497 0.0001892814
v -0.003506338 0.02463787 0.0004153894
v -0.004724406 0.02488622 0.000126318
v -0.005304083 0.0232606 -6.371084E-05
v -0.005330267 0.02414055 -0.0001460275
v -0.004980201 0.02235568 0.0003602636
v -0.004462963 0.02171545 0.000866337
v -0.005282891 0.02463984 0.0001377898
v -0.005058839 0.02497926 0.0003503681
v -0.004397679 0.02363483 0.0007528
v -0.005330267 0.02414055 -0.0001460275
v -0.005282891 0.02463984 0.0001377898
v -0.005081126 0.02486555 0.0009466396
v -0.005058839 0.02497926 0.0003503681
v -0.004768192 0.02505199 0.0009377073
v -0.004374079 0.02499652 0.0006885668
v -0.004724406 0.02488622 0.000126318
v -0.004072047 0.0247497 0.0001892814
v -0.003915602 0.02472789 0.0009510617
v -0.003506338 0.02463787 0.0004153894
v -0.004189567 0.02467351 0.001599743
v -0.004597166 0.02436241 0.001660211
v -0.003673817 0.02336546 0.00223218
v -0.003685946 0.0244594 0.00169826
v -0.004054927 0.02329987 0.002071269
v -0.004037019 0.0224137 0.001421055
v -0.003886222 0.02135417 0.001493826
v -0.00341614 0.02207112 0.002464025
v -0.003372223 0.02111274 0.001939474
v -0.002864968 0.02120355 0.00219991
v -0.002264714 0.005434958 0.003598944
v -0.003445476 0.005360742 0.002360341
v -0.003978609 0.007836722 0.002863042
v -0.002490997 0.00788528 0.00421667
v -0.003854433 0.007705672 0.0006787588
v -0.003513869 0.005357676 0.0006351923
v -0.001304804 0.007397904 0.003894935
v -0.0008507494 0.00677059 0.003245464
v -0.0007623015 0.005562811 0.003161965
v -0.0004500237 0.006209391 0.001349247
v -0.002120921 0.004027692 0.003027675
v -0.003285177 0.00403588 0.002107173
v -0.00330834 0.004210497 0.0006498167
v -0.002305303 0.004321055 -0.0005704404
v -0.00230018 0.005402513 -0.0008869654
v -0.0001402417 0.005435527 0.001221875
v -0.0008199683 0.004040084 0.002936952
v -0.002092286 0.002627958 -0.000100403
v -0.002989451 0.00243539 0.0005045804
v -0.003212231 0.003081093 0.001969205
v -0.003070454 0.002201662 0.001903001
v -0.0020714 0.002974082 0.00287158
v -0.002003401 0.002194831 0.002688864
v -0.0008315276 0.004289398 -0.0001762394
v -0.0008803484 0.00539901 -0.0003022546
v -0.0009454136 0.002578481 -9.488608E-05
v -0.0002086346 0.004177088 0.001267543
v -0.0003849586 0.001472853 0.001510727
v -0.0006465766 0.00300841 0.002863699
v -0.0007122985 0.001977217 0.002652303
v -0.0003849586 0.001472853 0.001510727
v -0.0002086346 0.004177088 0.001267543
v -0.002910943 0.001500175 0.000536894
v -0.003008541 0.001624745 0.001735303
v -0.002096445 0.001481522 -5.563778E-06
v -0.001071034 0.001353581 0.0001204069
v -0.0001402417 0.005435527 0.001221875
v -0.0004500237 0.006209391 0.001349247
v -0.0006224508 0.006325772 -0.000595617
v -5.820437E-06 0.006168276 -0.0004292324
v -0.001269951 0.006839815 -0.001777913
v -5.820437E-06 0.006119193 0.001703646
v -0.003260657 0.007646517 -0.001474479
v -0.0008507494 0.00677059 0.003245464
v -0.002003401 0.002194831 0.002688864
v -0.002047011 0.002048325 0.003814238
v -0.003212318 0.001336242 0.003421306
v -0.003008541 0.001624745 0.001735303
v -0.0007122985 0.001977217 0.002652303
v -0.0005190296 0.001291932 0.004179059
v -0.003459619 -8.814311E-05 0.003228563
v -0.003340303 3.073435E-05 0.001688146
v -0.003092259 0.0002035993 0.0006852829
v -0.002910943 0.001500175 0.000536894
v -9.317238E-05 0.001102516 0.002873332
v -0.002507592 0.0004082524 8.848734E-05
v -0.002096445 0.001481522 -5.563778E-06
v -0.001080623 0.0002786037 -0.000125098
v -0.001071034 0.001353581 0.0001204069
v -0.000214677 0.000876145 0.001288648
v -0.0003849586 0.001472853 0.001510727
v -0.0003849586 0.001472853 0.001510727
v -0.000214677 0.000876145 0.001288648
v -0.000532209 -9.707535E-05 0.0009586368
v -0.000153859 -0.0001175231 0.002491041
v -0.000153859 -0.0001175231 0.002491041
v -0.0005654421 -0.000104694 0.004545762
v -0.001882247 0.0004893868 0.005208675
v -0.002001912 0.001327441 0.004887201
v -0.003074219 0.0009880606 0.004504647
v -0.002876134 -2.426016E-05 0.004632413
v -0.001711615 -3.091555E-05 0.005071669
v -0.001080623 0.0002786037 -0.000125098
v -0.002507592 0.0004082524 8.848734E-05
v -0.003092259 0.0002035993 0.0006852829
v -0.000532209 -9.707535E-05 0.0009586368
v -0.003340303 3.073435E-05 0.001688146
v -0.000153859 -0.0001175231 0.002491041
v -0.003459619 -8.814311E-05 0.003228563
v -0.0005654421 -0.000104694 0.004545762
v -0.002876134 -2.426016E-05 0.004632413
v -0.001711615 -3.091555E-05 0.005071669
v -0.008396783 0.01755749 0.002972462
v -0.009347013 0.0180115 0.00223218
v -0.008765807 0.01776215 0.003469164
v -0.008807096 0.01772799 0.00187511
v -0.008670573 0.01817649 0.0008240841
v -0.00956533 0.01818555 0.0008281561
v -0.01071995 0.01793238 0.001911364
v -0.01052051 0.01818393 0.0008490418
v -0.01119682 0.01815648 0.001254626
v -0.01137625 0.01813279 0.00200813
v -0.01126727 0.01827255 0.00266754
v -0.01045269 0.01841963 0.00298713
v -0.009414926 0.01836669 0.002936908
v -0.009337031 0.01860664 0.003095587
v -0.008309255 0.01744142 0.001680484
v -0.009414926 0.01836669 0.002936908
v -0.009315883 0.01821051 0.00293774
v -0.009347013 0.0180115 0.00223218
v -0.00943301 0.01784078 0.003541804
v -0.009418253 0.01835172 0.003403442
v -0.009388173 0.01809106 0.003806269
v -0.008765807 0.01776215 0.003469164
v -0.009075326 0.01783544 0.003876589
v -0.001210184 0.02382683 0.005104288
v -0.001674704 0.02379614 0.004995482
v -0.001221656 0.02340793 0.00518017
v -0.001663845 0.02338814 0.005057438
v 0.0007340229 0.02469939 0.005395157
v 0.001186458 0.02414975 0.004909969
v 0.0008313578 0.02393244 0.005016367
v 0.0004857594 0.0237154 0.005458426
v 0.0007472023 0.02353544 0.005153505
v 0.0007436994 0.0231912 0.005629146
v 0.0009187536 0.02325232 0.005165546
v 0.001558547 0.02459006 0.004997102
v 0.001394177 0.02284984 0.005496258
v 0.001267856 0.02309377 0.005115761
v 0.001023533 0.0257054 0.005115322
v 0.001945699 0.02533887 0.004619847
v 0.002227896 0.0245066 0.004581534
v 0.001758122 0.02310117 0.004986243
v 0.002421034 0.0228146 0.004600099
v 0.001987163 0.02324076 0.004655181
v 0.002540481 0.0234751 0.004273591
v 0.001968204 0.02382687 0.004692312
v 0.001688064 0.02411726 0.004795995
v 0.002043034 0.02349458 0.004625101
v 0.002171851 0.02217262 0.00521695
v 0.00143516 0.02204095 0.005681032
v 0.00156726 0.02165897 0.005456588
v 0.0009312762 0.02257881 0.006183601
v 0.0004371575 0.02229942 0.006413518
v 0.000406245 0.02298514 0.006393114
v 0.0006143134 0.02195544 0.00602917
v 0.001133872 0.02182675 0.005516311
v 0.001144819 0.02159784 0.005547835
v 0.0008373125 0.02157827 0.005739836
v 0.0006343672 0.02178091 0.005376636
v 0.0004125501 0.02133224 0.005899696
v 0.0009147254 0.02123692 0.005462017
v 0.0004967495 0.02099544 0.005439118
v 0.001042361 0.02075129 0.004946179
v 0.002754942 0.02355155 0.004033647
v 0.002627789 0.02478635 0.004172228
v 0.00204877 0.02575339 0.004381654
v 0.001112549 0.0264977 0.004649402
v 0.001224946 0.02683358 0.004671776
v 0.002855605 0.02122264 0.001544355
v 0.002887305 0.02118442 0.002195619
v 0.003370566 0.02111274 0.001939474
v 0.003638401 0.02126463 0.001160969
v 0.003884564 0.02135417 0.001493826
v 0.002905958 0.02170052 0.0007530189
v 0.004121049 0.02168686 0.0005727105
v 0.003108684 0.0229738 -1.432087E-05
v 0.004594808 0.02230564 4.006065E-05
v 0.004864702 0.02323612 -0.0003072461
v 0.003290614 0.02415312 -2.224603E-05
v 0.004973289 0.02415019 -0.0004307211
v 0.004070345 0.0247497 0.0001892814
v 0.003504681 0.02463787 0.0004153894
v 0.004722749 0.02488622 0.000126318
v 0.005302425 0.0232606 -6.371084E-05
v 0.005328609 0.02414055 -0.0001460275
v 0.004978544 0.02235568 0.0003602636
v 0.004461305 0.02171545 0.000866337
v 0.005281233 0.02463984 0.0001377898
v 0.005057182 0.02497926 0.0003503681
v 0.004396021 0.02363483 0.0007528
v 0.005281233 0.02463984 0.0001377898
v 0.005079469 0.02486555 0.0009466396
v 0.005057182 0.02497926 0.0003503681
v 0.004766535 0.02505199 0.0009377073
v 0.004372421 0.02499652 0.0006885668
v 0.004722749 0.02488622 0.000126318
v 0.004070345 0.0247497 0.0001892814
v 0.003913944 0.02472789 0.0009510617
v 0.003504681 0.02463787 0.0004153894
v 0.004187909 0.02467351 0.001599743
v 0.004595509 0.02436241 0.001660211
v 0.00367216 0.02336546 0.00223218
v 0.003692476 0.02449846 0.001713454
v 0.004053269 0.02329987 0.002071269
v 0.004035361 0.0224137 0.001421055
v 0.004461305 0.02171545 0.000866337
v 0.003884564 0.02135417 0.001493826
v 0.003414482 0.02207112 0.002464025
v 0.002887305 0.02118442 0.002195619
v 0.003370566 0.02111274 0.001939474
v 0.001673002 0.02379614 0.004995482
v 0.001208526 0.02382683 0.005104288
v 0.001219998 0.02340793 0.00518017
v 0.001662187 0.02338814 0.005057438
v -5.820437E-06 0.006119193 0.001703646
v -3.149525E-06 0.02790339 0.00258588
v -0.0004813741 0.02786096 0.002388583
v -0.0004385957 0.02813265 0.002308193
v 2.426016E-05 0.02809631 0.002567227
v -0.0004551904 0.02792406 0.001815956
v -0.0004277369 0.02810699 0.001777074
v -8.454398E-08 0.02789984 0.001472984
v 3.012741E-05 0.02807739 0.001533277
v 0.0004786224 0.02786061 0.002389678
v 0.000444207 0.02808098 0.002309244
v 0.0004560291 0.02792266 0.001802908
v 0.0004294951 0.02806671 0.001766785
v 3.012741E-05 0.02807739 0.001533277
v -8.454398E-08 0.02789984 0.001472984
v -0.0004714348 0.02877341 0.002165758
v -0.0003859218 0.02865681 0.001679652
v -0.0003692834 0.02936994 0.001466635
v -0.0004906128 0.02960669 0.001863726
v 2.185196E-05 0.02976392 0.002207135
v 2.898899E-05 0.02884473 0.002500367
v 0.0004814684 0.02954464 0.001868104
v 0.0004830447 0.0287463 0.002153279
v 0.0002924467 0.02864363 0.00160526
v 0.0002901698 0.02934174 0.00141024
v 0.0002924467 0.02864363 0.00160526
v 0.0002901698 0.02934174 0.00141024
v -0.0004244092 0.03016649 0.001177345
v 2.058218E-05 0.03063355 0.001452361
v 0.0004688144 0.03031729 0.001275074
v 0.0002360503 0.02985342 0.000984295
v 0.0002360503 0.02985342 0.000984295
v 0.0002351746 0.0299529 0.0003086405
v -0.0004669687 0.03038682 0.0002859597
v -9.62977E-06 0.03085961 0.0002469906
v 0.0004749444 0.03050451 0.0003013721
v 0.0002351746 0.0299529 0.0003086405
v -0.0003928399 0.02977285 -0.0004034428
v 0.0002461648 0.02961702 -3.214154E-05
v 0.0001955926 0.03014078 -0.0007326217
v 0.000518905 0.02997181 -0.0004485418
v 0.0002461648 0.02961702 -3.214154E-05
v -0.0001733873 0.02889071 -0.0004388214
v 0.0003451205 0.02909571 -8.783662E-05
v 0.0003161784 0.02890818 -0.0009576349
v 0.0006814365 0.02900197 -0.0006577048
v 0.0003451205 0.02909571 -8.783662E-05
v 2.715E-05 0.02826173 -6.813317E-05
v 0.0005188174 0.0286921 0.000147335
v 0.0005101041 0.02805243 -0.0004311151
v 0.000861745 0.02833555 -0.0002527764
v 0.0005188174 0.0286921 0.000147335
v 0.0002091223 0.02810699 0.0006359805
v 0.0005442129 0.02855483 0.0005504237
v 0.0006744308 0.02773048 0.0005703461
v 0.001047878 0.02807704 0.0005640848
v 0.0009098651 0.02847461 0.0005358432
v 0.0005442129 0.02855483 0.0005504237
v 0.0003310654 0.02840508 0.001125941
v 0.0006673376 0.02872774 0.0007852888
v 0.0007802602 0.02817403 0.001364703
v 0.001137112 0.02834768 0.001153351
v 0.0006673376 0.02872774 0.0007852888
v 0.001080673 0.02860475 0.0008700588
v 0.0003937224 0.02892421 0.00126404
v 0.0003310654 0.02840508 0.001125941
v 0.0006673376 0.02872774 0.0007852888
v 0.0006690452 0.02899518 0.0008722481
v 0.0007815738 0.02889964 0.001638975
v 0.0007802602 0.02817403 0.001364703
v 0.001137112 0.02834768 0.001153351
v 0.001174374 0.02892635 0.001409627
v 0.001080673 0.02860475 0.0008700588
v 0.001134923 0.02897202 0.0009985253
v 0.0006690452 0.02899518 0.0008722481
v 0.0006673376 0.02872774 0.0007852888
v 0.0004679825 0.02963484 0.001011267
v 0.0007500045 0.0294833 0.0007171587
v 0.0008411219 0.02982846 0.001413655
v 0.001254195 0.02963379 0.0009773769
v 0.0007500045 0.0294833 0.0007171587
v 0.0005599757 0.03082362 0.0002432251
v 0.0009453314 0.0306906 -9.738185E-05
v 0.0009316265 0.0309224 0.0006342728
v 0.001329462 0.03079581 0.0002698028
v 0.0009453314 0.0306906 -9.738185E-05
v 0.000584408 0.03131673 0.0002288635
v 0.0009287367 0.0314198 -0.0001550473
v 0.0009325898 0.03121546 0.0005799789
v 0.001344217 0.0313057 0.0001803054
v 0.0009287367 0.0314198 -0.0001550473
v 0.0006191736 0.03233684 0.0004958233
v 0.0009774268 0.03242849 8.31893E-05
v 0.0009695447 0.03231119 0.0008269739
v 0.001369744 0.03232936 0.0004579489
v 0.0009774268 0.03242849 8.31893E-05
v 0.0006392273 0.03334128 0.0004632907
v 0.0009905186 0.03331274 0.0001151527
v 0.0009638526 0.03337229 0.0008380079
v 0.001362082 0.03337158 0.0004512935
v 0.0009905186 0.03331274 0.0001151527
v 0.0006755693 0.03410928 0.0002602138
v 0.0009737043 0.03411502 1.67668E-05
v 0.000997568 0.03424375 0.0005958292
v 0.001289573 0.03405188 0.0002743565
v 0.0009737043 0.03411502 1.67668E-05
v 0.0009136745 0.0345361 0.0003590376
v 0.0008606941 0.03446408 8.975712E-05
v 0.001091313 0.03450685 0.0003369697
v 0.001076251 0.03446013 9.728822E-05
v 0.0009136745 0.0345361 0.0003590376
v 0.0008606941 0.03446408 8.975712E-05
v 0.005465438 0.01921136 0.0006245963
v 0.003988642 0.01934618 0.0004811552
v 0.004245356 0.01803651 0.0002053507
v 0.005501868 0.01807661 0.000348135
v 0.006806237 0.01810818 0.0005950411
v 0.006770859 0.01919818 0.0007900614
v 0.005726356 0.019712 0.002015705
v 0.005000086 0.01978561 0.001924675
v 0.004887776 0.01898017 0.002893341
v 0.003828167 0.01901117 0.002904113
v 0.004035667 0.01778032 0.002967646
v 0.00503564 0.01796557 0.00276886
v 0.00432903 0.01723676 0.00179866
v 0.005408955 0.01740254 0.001873227
v 0.005501868 0.01807661 0.000348135
v 0.004245356 0.01803651 0.0002053507
v 0.003604336 0.01983092 0.002020258
v 0.005677141 0.0179957 0.002743814
v 0.005695925 0.01897356 0.002882089
v 0.00666735 0.01739417 0.001738237
v 0.006806237 0.01810818 0.0005950411
v 0.006581837 0.01801781 0.002831341
v 0.006569533 0.01896305 0.002854898
v 0.006585953 0.01964063 0.00207464
v 0.007649239 0.01744908 0.001809388
v 0.007805071 0.01811068 0.0008131801
v 0.007680239 0.0181098 0.002781951
v 0.007729148 0.01891187 0.002700598
v 0.007752704 0.01956996 0.002098985
v 0.00781453 0.01921885 0.001038107
v 0.007805071 0.01811068 0.0008131801
v 0.008668916 0.01817649 0.0008240841
v 0.008672243 0.01923575 0.001066261
v 0.00860547 0.01950739 0.002229816
v 0.008578498 0.01892632 0.002816848
v 0.009398381 0.01948949 0.002282316
v 0.009345839 0.01904808 0.002904595
v 0.009546508 0.01933102 0.001079222
v 0.009563628 0.01818555 0.0008281561
v 0.01058935 0.01895802 0.001003079
v 0.01051885 0.01818393 0.0008490418
v 0.01045322 0.01913202 0.002612108
v 0.01045269 0.01841963 0.00298713
v 0.009336994 0.01860664 0.003095587
v 0.0112185 0.01872254 0.0012527
v 0.01119683 0.01815648 0.001254626
v 0.01072298 0.0192766 0.00178443
v 0.01135984 0.01875139 0.001901512
v 0.01119683 0.01815648 0.001254626
v 0.01137626 0.01813279 0.00200813
v 0.01117401 0.01879544 0.002482634
v 0.01126715 0.01827255 0.00266754
v 0.008756924 0.01871352 0.003111568
v 0.008049175 0.01830894 0.002858883
v 0.008722422 0.01856933 0.003319768
v 0.008395125 0.01755749 0.002972462
v 0.009134485 0.0184043 0.003041161
v 0.009414933 0.01836669 0.002936908
v 0.00931589 0.01821051 0.00293774
v 0.0089431 0.01839327 0.003578846
v 0.009418216 0.01835172 0.003403442
v 0.008765813 0.01776215 0.003469164
v 0.009075288 0.0178354 0.003876589
v 0.009168726 0.01825403 0.003945989
v 0.00938818 0.01809106 0.003806269
v 0.00938818 0.01809106 0.003806269
v 0.008309218 0.01744142 0.001680484
v 0.008668916 0.01817649 0.0008240841
v 0.002932229 0.01807359 -4.028563E-05
v 0.00270669 0.01943585 0.0004245406
v 0.002538116 0.02005891 0.002050602
v 0.00294913 0.01906323 0.002823547
v 0.003240392 0.01773325 0.003058982
v 0.003349461 0.01698465 0.002067328
v 0.003283258 0.01700072 0.0007965855
v 0.002932229 0.01807359 -4.028563E-05
v 0.008395125 0.01755749 0.002972462
v 0.009345356 0.0180115 0.00223218
v 0.008805394 0.01772799 0.00187511
v 0.009563628 0.01818555 0.0008281561
v 0.008668916 0.01817649 0.0008240841
v 0.01071825 0.01793238 0.001911364
v 0.01051885 0.01818393 0.0008490418
v 0.01119683 0.01815648 0.001254626
v 0.01137626 0.01813279 0.00200813
v 0.01126715 0.01827255 0.00266754
v 0.01045269 0.01841963 0.00298713
v 0.009414933 0.01836669 0.002936908
v 0.009336994 0.01860664 0.003095587
v 0.008765813 0.01776215 0.003469164
v 0.008309218 0.01744142 0.001680484
v 0.009345356 0.0180115 0.00223218
v 0.00931589 0.01821051 0.00293774
v 0.009414933 0.01836669 0.002936908
v 0.009432929 0.01784078 0.003541804
v 0.009418216 0.01835172 0.003403442
v 0.00938818 0.01809106 0.003806269
v 0.008765813 0.01776215 0.003469164
v 0.009075288 0.0178354 0.003876589
vt 0.6213889 0.7121086
vt 0.5538535 0.7139904
vt 0.573244 0.6630754
vt 0.6337187 0.6685704
vt 0.5928602 0.6085924
vt 0.6479906 0.6246257
vt 0.5543202 0.7534639
vt 0.5686824 0.7756394
vt 0.6194318 0.757062
vt 0.5905569 0.823935
vt 0.6622624 0.7147131
vt 0.6688414 0.6738094
vt 0.6768203 0.6340048
vt 0.6901739 0.5926946
vt 0.6650627 0.5733795
vt 0.662699 0.7513412
vt 0.6372867 0.8084136
vt 0.6681187 0.8000582
vt 0.7314238 0.6175048
vt 0.7233695 0.6460485
vt 0.6941182 0.6774677
vt 0.7170315 0.6832487
vt 0.6905803 0.7160078
vt 0.7122591 0.7176036
vt 0.7173024 0.5617873
vt 0.6934257 0.5379106
vt 0.7328238 0.5141994
vt 0.7521993 0.5369771
vt 0.7507541 0.5942302
vt 0.8044391 0.5854383
vt 0.6909115 0.7524853
vt 0.7378823 0.7810441
vt 0.7188079 0.7519283
vt 0.7463882 0.6562405
vt 0.7330196 0.6844531
vt 0.7575136 0.6344865
vt 0.7763169 0.6156079
vt 0.7199822 0.46896
vt 0.6711447 0.4856105
vt 0.6687661 0.44832
vt 0.6375125 0.4997318
vt 0.722677 0.4349664
vt 0.6106851 0.5511587
vt 0.2446297 0.5191825
vt 0.282673 0.5192728
vt 0.2844495 0.5503909
vt 0.2368615 0.5674328
vt 0.3302007 0.5390698
vt 0.3197226 0.491271
vt 0.20481 0.5026976
vt 0.1919834 0.5471692
vt 0.1848625 0.5764506
vt 0.2170194 0.5978885
vt 0.3508558 0.5112787
vt 0.1802558 0.6010199
vt 0.2050208 0.6239482
vt 0.161603 0.6394997
vt 0.1915468 0.6512274
vt 0.1699885 0.6908062
vt 0.188566 0.696527
vt 0.3705323 0.5472595
vt 0.3882968 0.537203
vt 0.144275 0.6720179
vt 0.1318248 0.7165347
vt 0.3805587 0.489344
vt 0.3269338 0.4500061
vt 0.2788792 0.4583765
vt 0.2791953 0.4837587
vt 0.2500645 0.4879439
vt 0.2380508 0.4620499
vt 0.2831246 0.4444961
vt 0.4297274 0.4572173
vt 0.4484254 0.432377
vt 0.4999125 0.4219592
vt 0.524271 0.4618542
vt 0.4239915 0.4943272
vt 0.5412076 0.517406
vt 0.4222151 0.5502102
vt 0.5293745 0.5931613
vt 0.4454144 0.6001768
vt 0.4884107 0.6142379
vt 0.5577677 0.8340668
vt 0.6068009 0.3840966
vt 0.538031 0.378436
vt 0.5531911 0.4295768
vt 0.5184147 0.3980372
vt 0.4753582 0.3532645
vt 0.4595508 0.3775628
vt 0.4070851 0.3383905
vt 0.3990007 0.3650524
vt 0.3403777 0.3281081
vt 0.3347171 0.3633361
vt 0.6051599 0.4597616
vt 0.5633831 0.4558925
vt 0.6032179 0.5034955
vt 0.6574149 0.4328588
vt 0.6757665 0.3828621
vt 0.6939827 0.403743
vt 0.7397039 0.3621016
vt 0.7537951 0.3874387
vt 0.8088351 0.3520903
vt 0.8004195 0.3068358
vt 0.8650946 0.2929403
vt 0.7950299 0.2533615
vt 0.8556854 0.24332
vt 0.7966859 0.2071887
vt 0.8656516 0.199029
vt 0.8972213 0.2306138
vt 0.9285351 0.1799698
vt 0.9473836 0.2107265
vt 0.7277354 0.2064962
vt 0.7484807 0.1612718
vt 0.7821431 0.1564844
vt 0.708932 0.1639214
vt 0.7191392 0.1443052
vt 0.6982883 0.125276
vt 0.7179498 0.1088363
vt 0.6723341 0.09491065
vt 0.7325378 0.07673961
vt 0.6556383 0.1351669
vt 0.6584837 0.1742941
vt 0.6147799 0.1389908
vt 0.6141174 0.1717348
vt 0.6166767 0.09537735
vt 0.6123561 0.2198196
vt 0.6648519 0.217456
vt 0.6110012 0.2687775
vt 0.6809905 0.2682355
vt 0.6758869 0.3202495
vt 0.6094505 0.3166515
vt 0.6741858 0.353656
vt 0.6081558 0.3570132
vt 0.6660412 0.08038285
vt 0.6168725 0.08154207
vt 0.735338 0.320114
vt 0.7319959 0.2621835
vt 0.5416442 0.3155977
vt 0.5409666 0.3475738
vt 0.4825544 0.3115479
vt 0.4185718 0.2938135
vt 0.4899462 0.2542346
vt 0.4275746 0.2407908
vt 0.4979253 0.1986677
vt 0.4290951 0.1945728
vt 0.480251 0.1521336
vt 0.4470855 0.144817
vt 0.5196341 0.157478
vt 0.510782 0.1372294
vt 0.5331081 0.1196756
vt 0.5148919 0.1018509
vt 0.5611249 0.09108675
vt 0.5021405 0.06891116
vt 0.5749301 0.132442
vt 0.5693749 0.1712681
vt 0.5595592 0.2136471
vt 0.5404999 0.2634632
vt 0.5680652 0.07702565
vt 0.5035105 0.05796639
vt 0.4583614 0.03744682
vt 0.4487565 0.04903895
vt 0.4149587 0.007247074
vt 0.4041344 0.02028445
vt 0.4090121 0.07145541
vt 0.3763434 0.04929488
vt 0.3509762 0.07999143
vt 0.3875892 0.1048769
vt 0.4338072 0.1114859
vt 0.4539053 0.07887738
vt 0.3258649 0.1163485
vt 0.3758315 0.1421222
vt 0.360822 0.1817312
vt 0.3677472 0.2266243
vt 0.3271597 0.211118
vt 0.29973 0.1587727
vt 0.2787588 0.1881445
vt 0.3037797 0.2560261
vt 0.2509226 0.2338355
vt 0.3549807 0.2754919
vt 0.2314719 0.2855936
vt 0.2841333 0.3073176
vt 0.2775995 0.3501783
vt 0.2800083 0.3907658
vt 0.2286868 0.3761176
vt 0.2267598 0.3323234
vt 0.2374637 0.4380075
vt 0.332745 0.7722521
vt 0.323396 0.7783945
vt 0.343494 0.7929825
vt 0.348176 0.7661701
vt 0.3352591 0.7627978
vt 0.3401971 0.7505433
vt 0.3295533 0.7553457
vt 0.3223723 0.7370241
vt 0.3204904 0.7492937
vt 0.3645104 0.7701294
vt 0.3648868 0.7981161
vt 0.3645104 0.7577394
vt 0.33687 0.8216767
vt 0.3069261 0.81293
vt 0.3651277 0.8251544
vt 0.3061433 0.7466742
vt 0.2845097 0.7384393
vt 0.2958308 0.7522444
vt 0.2776598 0.760374
vt 0.294777 0.7598922
vt 0.2990676 0.7695724
vt 0.2950028 0.7898962
vt 0.3089134 0.7778676
vt 0.3184581 0.7915975
vt 0.2809567 0.7998023
vt 0.2690786 0.7640774
vt 0.3653384 0.8529454
vt 0.3337988 0.8473902
vt 0.3039604 0.825591
vt 0.2754166 0.8041682
vt 0.2988267 0.8321549
vt 0.2611899 0.766697
vt 0.2659472 0.7297226
vt 0.3320073 0.8572661
vt 0.3655943 0.8652
vt 0.3658201 0.9008946
vt 0.3189097 0.8977332
vt 0.3328955 0.9361377
vt 0.31486 0.9326751
vt 0.2914649 0.9168978
vt 0.2773135 0.8792459
vt 0.2533163 0.8458847
vt 0.229831 0.8922081
vt 0.2523829 0.9361979
vt 0.2069026 0.8617073
vt 0.2972911 0.9465556
vt 0.1978096 0.8194788
vt 0.2365153 0.8099341
vt 0.2033648 0.7710629
vt 0.2302073 0.7653722
vt 0.238924 0.7135087
vt 0.2135116 0.7202231
vt 0.2921273 0.9643803
vt 0.2507871 0.982446
vt 0.1946782 0.9407144
vt 0.1985924 0.9925327
vt 0.1876025 0.8944061
vt 0.1476172 0.9362431
vt 0.148942 0.8992687
vt 0.1689798 0.8585909
vt 0.1471655 0.8687679
vt 0.1397285 0.9886787
vt 0.108219 0.8639052
vt 0.1095438 0.9127427
vt 0.08410137 0.9705076
vt 0.04498923 0.9510871
vt 0.06103755 0.8931866
vt 0.00822563 0.9292427
vt 0.02523745 0.8721251
vt 0.06397323 0.8476913
vt 0.04261059 0.8295805
vt 0.01209469 0.82532
vt 0.03515851 0.8111686
vt 0.3017774 0.7170767
vt 0.3249165 0.7118226
vt 0.3194968 0.6998842
vt 0.3406035 0.7289397
vt 0.3545291 0.7390264
vt 0.3644351 0.7457258
vt 0.3537463 0.7236254
vt 0.3477244 0.7125753
vt 0.3642695 0.732041
vt 0.3641039 0.7129216
vt 0.3640889 0.7228426
vt 0.3642093 0.7397641
vt 0.3323535 0.7017359
vt 0.3312244 0.6945096
vt 0.3404831 0.6905653
vt 0.3466404 0.6985443
vt 0.3638028 0.68772
vt 0.352572 0.6830981
vt 0.3356204 0.6810658
vt 0.363577 0.6813819
vt 0.3474835 0.6711447
vt 0.3636372 0.667366
vt 0.3639082 0.6972948
vt 0.3258499 0.66434
vt 0.363306 0.6438957
vt 0.3062487 0.6526575
vt 0.3634264 0.6268989
vt 0.2913896 0.6341704
vt 0.2604673 0.6770613
vt 0.2178023 0.6518897
vt 0.2143848 0.681412
vt 0.288168 0.6973249
vt 0.4204687 0.6514983
vt 0.4353729 0.63271
vt 0.466762 0.6746374
vt 0.5092463 0.6495864
vt 0.5134315 0.6782054
vt 0.4892838 0.7110247
vt 0.5146812 0.717167
vt 0.4394979 0.6958044
vt 0.4623058 0.7278709
vt 0.4987984 0.7627226
vt 0.4678309 0.7647098
vt 0.493469 0.8075856
vt 0.4544021 0.802497
vt 0.4773153 0.8438523
vt 0.4314888 0.8309204
vt 0.453815 0.8776351
vt 0.5257614 0.7677658
vt 0.5015082 0.8899047
vt 0.4402356 0.9155128
vt 0.4125048 0.8968299
vt 0.4170513 0.9316665
vt 0.3990459 0.9355657
vt 0.4795133 0.9342258
vt 0.5240301 0.8590426
vt 0.4352374 0.9454114
vt 0.5315875 0.8173259
vt 0.4402205 0.9629803
vt 0.4815909 0.9806094
vt 0.537218 0.9380648
vt 0.5338308 0.989612
vt 0.5437668 0.891636
vt 0.5842038 0.9331267
vt 0.5825477 0.8961675
vt 0.5620432 0.8557155
vt 0.583993 0.8656516
vt 0.592514 0.9855925
vt 0.6229697 0.8603222
vt 0.6221567 0.9093704
vt 0.6480207 0.9677978
vt 0.6864102 0.946932
vt 0.6712802 0.8892423
vt 0.7234448 0.9253134
vt 0.7056351 0.868256
vt 0.6672907 0.843491
vt 0.6884125 0.825034
vt 0.7184165 0.8197498
vt 0.6956538 0.8066371
vt 0.9467814 0.7853799
vt 0.9801878 0.7906942
vt 0.9875495 0.7555565
vt 0.9506204 0.7429256
vt 0.9730067 0.8272319
vt 0.9414369 0.8225801
vt 0.9035443 0.7921093
vt 0.906224 0.7709123
vt 0.8695658 0.7687595
vt 0.8705745 0.7381834
vt 0.8360239 0.7436783
vt 0.8390499 0.7735168
vt 0.8004798 0.7559027
vt 0.8083684 0.7870961
vt 0.7612923 0.7986581
vt 0.7494593 0.7660044
vt 0.9048541 0.7300689
vt 0.8408564 0.7926212
vt 0.8702132 0.7920491
vt 0.8093018 0.8236339
vt 0.771379 0.8330581
vt 0.8450718 0.8192831
vt 0.8720799 0.8177174
vt 0.9020087 0.8173259
vt 0.8133515 0.851455
vt 0.7787709 0.8596598
vt 0.8488957 0.8517259
vt 0.8743833 0.8524938
vt 0.9018582 0.8513797
vt 0.9355657 0.8528099
vt 0.968686 0.8552638
vt 0.9666085 0.8792158
vt 0.9353097 0.8773642
vt 0.8999914 0.8764458
vt 0.8753167 0.8792459
vt 0.901542 0.8987418
vt 0.8815644 0.9018732
vt 0.9344065 0.9021141
vt 0.9668644 0.9055917
vt 0.9391336 0.9322988
vt 0.9620619 0.934557
vt 0.8950685 0.9308836
vt 0.8742177 0.9399014
vt 0.8697314 0.9050798
vt 0.9380196 0.9546701
vt 0.9559798 0.9567928
vt 0.9182678 0.9354151
vt 0.9174247 0.9565218
vt 0.936213 0.9723142
vt 0.911734 0.9733981
vt 0.9000516 0.9526226
vt 0.8906574 0.9645008
vt 0.8660581 0.8880831
vt 0.8567994 0.8632278
vt 0.8586211 0.8895434
vt 0.8386735 0.8730585
vt 0.8629718 0.9027464
vt 0.865501 0.911162
vt 0.8628364 0.9110867
vt 0.8492871 0.897688
vt 0.853924 0.9106501
vt 0.8359185 0.8871196
vt 0.8303483 0.8990429
vt 0.8390349 0.9068412
vt 0.8308601 0.9102286
vt 0.8421963 0.9148353
vt 0.809648 0.8707551
vt 0.7795236 0.8844549
vt 0.9938575 0.7177842
vt 0.9535711 0.706463
vt 0.90511 0.6982733
vt 0.8721251 0.7130871
vt 0.8353164 0.7206296
vt 0.8024217 0.7255223
vt 0.7680218 0.7273289
vt 0.7284731 0.7342842
vt 0.8247328 0.08560684
vt 0.8593587 0.06562924
vt 0.8321247 0.03571553
vt 0.7868702 0.06147414
vt 0.8829193 0.0977861
vt 0.8444545 0.1207445
vt 0.7981161 0.1240867
vt 0.7795988 0.09036413
vt 0.9052154 0.1359347
vt 0.8535928 0.1585469
vt 0.8235435 0.02105224
vt 0.7772353 0.04768403
vt 0.7321464 0.06588516
vt 0.917515 0.2769823
vt 0.9721184 0.2580886
vt 0.986285 0.3115931
vt 0.9335784 0.3298996
vt 0.8761145 0.3464297
vt 0.8150377 0.3792489
vt 0.8793513 0.3819588
vt 0.9375378 0.3726851
vt 0.9321332 0.4130619
vt 0.9840568 0.4019214
vt 0.9897476 0.3584433
vt 0.971441 0.4631639
vt 0.08322819 0.2710658
vt 0.08670583 0.2906219
vt 0.1055694 0.2773888
vt 0.09962278 0.248273
vt 0.08512509 0.2457438
vt 0.1316893 0.2563423
vt 0.1085502 0.2207078
vt 0.17178 0.2191271
vt 0.1231232 0.19379
vt 0.1411286 0.1649
vt 0.2003237 0.1864132
vt 0.1610761 0.1420921
vt 0.2016937 0.1501915
vt 0.2154688 0.1669023
vt 0.1890779 0.1289644
vt 0.1280912 0.1527659
vt 0.1523293 0.1305753
vt 0.1108536 0.1850131
vt 0.09320946 0.2132106
vt 0.1694465 0.1180798
vt 0.1852389 0.1145721
vt 0.08584771 0.1472258
vt 0.1243727 0.1202778
vt 0.1116665 0.1032359
vt 0.08327336 0.1021369
vt 0.09740973 0.08952107
vt 0.07518898 0.09498592
vt 0.06832404 0.08258084
vt 0.0899426 0.07410504
vt 0.0648765 0.0621516
vt 0.04769908 0.08514015
vt 0.04098468 0.06176018
vt 0.04685601 0.1086857
vt 0.05804167 0.1215876
vt 0.02523745 0.1587727
vt 0.02919684 0.1124644
vt 0.03993085 0.1599771
vt 0.06394311 0.1912758
vt 0.0622871 0.2283405
vt 0.02215124 0.2061047
vt 0.0394491 0.2398875
vt 0.01953172 0.2424619
vt 0.6213889 0.7121086
vt 0.6337187 0.6685704
vt 0.573244 0.6630754
vt 0.5538535 0.7139904
vt 0.5928602 0.6085924
vt 0.6479906 0.6246257
vt 0.5543202 0.7534639
vt 0.5686824 0.7756394
vt 0.6194318 0.757062
vt 0.5905569 0.823935
vt 0.6622624 0.7147131
vt 0.6688414 0.6738094
vt 0.6768203 0.6340048
vt 0.6901739 0.5926946
vt 0.6650627 0.5733795
vt 0.6372867 0.8084136
vt 0.662699 0.7513412
vt 0.7314238 0.6175048
vt 0.7233695 0.6460485
vt 0.6941182 0.6774677
vt 0.7170315 0.6832487
vt 0.6905803 0.7160078
vt 0.7122591 0.7176036
vt 0.7173024 0.5617873
vt 0.6934257 0.5379106
vt 0.7507541 0.5942302
vt 0.7521993 0.5369771
vt 0.8044391 0.5854383
vt 0.6909115 0.7524853
vt 0.7188079 0.7519283
vt 0.7378823 0.7810441
vt 0.6681187 0.8000582
vt 0.7463882 0.6562405
vt 0.7330196 0.6844531
vt 0.7575136 0.6344865
vt 0.7763169 0.6156079
vt 0.7328238 0.5141994
vt 0.7199822 0.46896
vt 0.6711447 0.4856105
vt 0.6687661 0.44832
vt 0.6375125 0.4997318
vt 0.722677 0.4349664
vt 0.6106851 0.5511587
vt 0.6456571 0.4584668
vt 0.2844495 0.5503909
vt 0.282673 0.5192728
vt 0.2446297 0.5191825
vt 0.2368615 0.5674328
vt 0.3302007 0.5390698
vt 0.3197226 0.491271
vt 0.20481 0.5026976
vt 0.1919834 0.5471692
vt 0.1848625 0.5764506
vt 0.2170194 0.5978885
vt 0.3508558 0.5112787
vt 0.1802558 0.6010199
vt 0.2050208 0.6239482
vt 0.161603 0.6394997
vt 0.1915468 0.6512274
vt 0.1699885 0.6908062
vt 0.188566 0.696527
vt 0.3705323 0.5472595
vt 0.3882968 0.537203
vt 0.144275 0.6720179
vt 0.1318248 0.7165347
vt 0.3805587 0.489344
vt 0.3269338 0.4500061
vt 0.2788792 0.4583765
vt 0.2791953 0.4837587
vt 0.2500645 0.4879439
vt 0.2380508 0.4620499
vt 0.2831246 0.4444961
vt 0.4999125 0.4219592
vt 0.4484254 0.432377
vt 0.4297274 0.4572173
vt 0.524271 0.4618542
vt 0.4239915 0.4943272
vt 0.5412076 0.517406
vt 0.4222151 0.5502102
vt 0.5293745 0.5931613
vt 0.4454144 0.6001768
vt 0.4884107 0.6142379
vt 0.3171633 0.1036424
vt 0.2748596 0.0712597
vt 0.2990977 0.1235598
vt 0.297547 0.05251659
vt 0.2991428 0.01057416
vt 0.2627406 0.01281732
vt 0.2176517 0.05987834
vt 0.2234026 0.01495508
vt 0.1960181 0.03315623
vt 0.189936 0.06519265
vt 0.1949191 0.09336001
vt 0.2291083 0.1078577
vt 0.2720142 0.104365
vt 0.2752059 0.1162281
vt 0.3254735 0.05102617
vt 0.9675117 0.100511
vt 0.9584488 0.09531713
vt 0.9299352 0.1254265
vt 0.9536765 0.05670179
vt 0.9771618 0.07154574
vt 0.9671806 0.04327299
vt 0.9175301 0.04748831
vt 0.9443426 0.03241855
vt 0.3222066 0.768624
vt 0.309651 0.7674045
vt 0.3216045 0.75789
vt 0.309651 0.755707
vt 0.386129 0.7925007
vt 0.4057904 0.7775213
vt 0.3962909 0.771936
vt 0.3810254 0.7657636
vt 0.3938671 0.7622408
vt 0.3886431 0.7502121
vt 0.3993018 0.7546833
vt 0.412294 0.7904984
vt 0.4061216 0.7362564
vt 0.4081992 0.7485108
vt 0.3932649 0.8211197
vt 0.423013 0.8118611
vt 0.4344696 0.7886167
vt 0.4222452 0.7457408
vt 0.4439993 0.7369338
vt 0.4329039 0.7509648
vt 0.4511502 0.7588534
vt 0.4299532 0.7683228
vt 0.4202881 0.7767535
vt 0.4340481 0.7585976
vt 0.4262949 0.7158723
vt 0.4030806 0.7110698
vt 0.4082443 0.699011
vt 0.3877699 0.7285333
vt 0.3745218 0.7234448
vt 0.3740852 0.7388759
vt 0.3803178 0.7122742
vt 0.3954327 0.7011186
vt 0.3963963 0.6938623
vt 0.3870774 0.6900986
vt 0.3810856 0.698198
vt 0.3748379 0.6828724
vt 0.3917293 0.6804937
vt 0.3796404 0.6708135
vt 0.4011234 0.6635421
vt 0.459897 0.7622257
vt 0.4487716 0.7982365
vt 0.4262347 0.8244619
vt 0.3967726 0.846788
vt 0.3987448 0.8566338
vt 0.03180131 0.4873267
vt 0.03850065 0.5087044
vt 0.05239615 0.4965251
vt 0.05450381 0.4691858
vt 0.06654757 0.4764723
vt 0.02556865 0.4553656
vt 0.06490661 0.4427798
vt 0.01975754 0.4030806
vt 0.07505349 0.413935
vt 0.07371362 0.3813415
vt 0.0177101 0.3602499
vt 0.07485777 0.3514881
vt 0.03949426 0.3321578
vt 0.01861338 0.3361624
vt 0.06252797 0.3242089
vt 0.08821131 0.3790532
vt 0.08952107 0.3488535
vt 0.09295354 0.4148232
vt 0.07982583 0.4473414
vt 0.08425192 0.3287103
vt 0.07469217 0.3160643
vt 0.1259685 0.3786317
vt 0.1034015 0.3335579
vt 0.1312076 0.3345816
vt 0.1182454 0.3213034
vt 0.1395479 0.3281232
vt 0.1469548 0.3164708
vt 0.1264202 0.3068358
vt 0.1513357 0.2967491
vt 0.1668571 0.3200388
vt 0.1743995 0.2974718
vt 0.1665259 0.3433133
vt 0.1546628 0.3551163
vt 0.1837184 0.3938069
vt 0.1831313 0.3475588
vt 0.1693411 0.3937466
vt 0.143432 0.4218839
vt 0.1154603 0.4408227
vt 0.1424685 0.4579399
vt 0.1831162 0.4399496
vt 0.1815505 0.4756593
vt 0.1634096 0.4712182
vt 0.4192493 0.7663357
vt 0.4065732 0.7678411
vt 0.40707 0.757077
vt 0.4190837 0.7546231
vt 0.5577677 0.8340668
vt 0.07421042 0.5382417
vt 0.05608455 0.5392203
vt 0.05683729 0.548765
vt 0.07562557 0.5444744
vt 0.03842537 0.5483886
vt 0.03872647 0.5547267
vt 0.01960699 0.55289
vt 0.02148883 0.5589871
vt 0.09235135 0.5365406
vt 0.09343529 0.5443389
vt 0.1116665 0.5424721
vt 0.1124193 0.5474703
vt 0.1278654 0.5498791
vt 0.1306505 0.544098
vt 0.05730398 0.5706545
vt 0.04054809 0.5743429
vt 0.04370958 0.6008995
vt 0.05956219 0.59831
vt 0.08041296 0.5951034
vt 0.07798915 0.5678995
vt 0.1009175 0.5948625
vt 0.09748501 0.5672973
vt 0.1174777 0.5690588
vt 0.1175228 0.5982649
vt 0.01801119 0.5805455
vt 0.02246739 0.6067557
vt 0.05618994 0.6253031
vt 0.08167756 0.6238428
vt 0.09945717 0.6242343
vt 0.1190584 0.6268237
vt 0.02836883 0.632153
vt 0.03308096 0.6603053
vt 0.05998372 0.6522511
vt 0.0803678 0.6507155
vt 0.09942706 0.6519048
vt 0.1176282 0.6579418
vt 0.05971274 0.6771215
vt 0.0349929 0.6802378
vt 0.08417664 0.6755557
vt 0.09926146 0.6765193
vt 0.1169507 0.6795452
vt 0.05722871 0.7009832
vt 0.03573059 0.7031811
vt 0.08047318 0.7009079
vt 0.0961602 0.7029102
vt 0.1171163 0.7032263
vt 0.05765024 0.7212619
vt 0.0357908 0.7250255
vt 0.07835047 0.7210209
vt 0.0940977 0.7234749
vt 0.1151893 0.7256879
vt 0.0557684 0.7403061
vt 0.03803395 0.7433622
vt 0.07488788 0.7403663
vt 0.0907706 0.7437385
vt 0.1046812 0.745786
vt 0.1157163 0.7442955
vt 0.05512105 0.7556769
vt 0.03729628 0.7571222
vt 0.07265979 0.7575287
vt 0.08697682 0.7591997
vt 0.1140301 0.7575136
vt 0.1002099 0.7592599
vt 0.8453578 0.4614477
vt 0.8475106 0.4461972
vt 0.8296859 0.4476425
vt 0.8300924 0.4593701
vt 0.862746 0.4650759
vt 0.8650494 0.448049
vt 0.8793664 0.449705
vt 0.8781319 0.4658737
vt 0.8925995 0.4497803
vt 0.8916811 0.46345
vt 0.9070972 0.4592347
vt 0.9064197 0.4480339
vt 0.8429641 0.4836082
vt 0.8288578 0.4804467
vt 0.8633181 0.4877934
vt 0.8856443 0.4861073
vt 0.905682 0.4801155
vt 0.8442137 0.5304133
vt 0.8256963 0.530323
vt 0.8641009 0.5309252
vt 0.8842291 0.5296456
vt 0.9031829 0.5288777
vt 0.846502 0.5464165
vt 0.8288428 0.5519716
vt 0.8640708 0.5414635
vt 0.884771 0.5459949
vt 0.9035895 0.5497887
vt 0.8504313 0.5815843
vt 0.8321549 0.5860705
vt 0.8660882 0.5805003
vt 0.8838978 0.5801089
vt 0.9025807 0.5825929
vt 0.8518464 0.6155326
vt 0.835497 0.6179112
vt 0.8680453 0.614253
vt 0.8862013 0.6140271
vt 0.9031227 0.6137863
vt 0.8550079 0.6416526
vt 0.8434459 0.6467862
vt 0.8714777 0.6444828
vt 0.8868185 0.6364436
vt 0.899073 0.6439108
vt 0.8637697 0.6554276
vt 0.8538638 0.6553373
vt 0.8816848 0.650866
vt 0.8893929 0.6507908
vt 0.8806461 0.6568277
vt 0.8917112 0.6569331
vt 0.9467814 0.7853799
vt 0.9506204 0.7429256
vt 0.9875495 0.7555565
vt 0.9801878 0.7906942
vt 0.9730067 0.8272319
vt 0.9414369 0.8225801
vt 0.9035443 0.7921093
vt 0.906224 0.7709123
vt 0.8695658 0.7687595
vt 0.8705745 0.7381834
vt 0.8360239 0.7436783
vt 0.8390499 0.7735168
vt 0.8004798 0.7559027
vt 0.8083684 0.7870961
vt 0.7612923 0.7986581
vt 0.7494593 0.7660044
vt 0.9048541 0.7300689
vt 0.8408564 0.7926212
vt 0.8702132 0.7920491
vt 0.8093018 0.8236339
vt 0.771379 0.8330581
vt 0.8450718 0.8192831
vt 0.8720799 0.8177174
vt 0.9020087 0.8173259
vt 0.8133515 0.851455
vt 0.7787709 0.8596598
vt 0.8488957 0.8517259
vt 0.8743833 0.8524938
vt 0.9018582 0.8513797
vt 0.9355657 0.8528099
vt 0.968686 0.8552638
vt 0.9666085 0.8792158
vt 0.9353097 0.8773642
vt 0.8999914 0.8764458
vt 0.8753167 0.8792459
vt 0.901542 0.8987418
vt 0.8815644 0.9018732
vt 0.9344065 0.9021141
vt 0.9668644 0.9055917
vt 0.9391336 0.9322988
vt 0.9620619 0.934557
vt 0.8950685 0.9308836
vt 0.8742177 0.9399014
vt 0.8697314 0.9050798
vt 0.9380196 0.9546701
vt 0.9559798 0.9567928
vt 0.9182678 0.9354151
vt 0.9174247 0.9565218
vt 0.936213 0.9723142
vt 0.911734 0.9733981
vt 0.9000516 0.9526226
vt 0.8906574 0.9645008
vt 0.8660581 0.8880831
vt 0.8567994 0.8632278
vt 0.8586211 0.8895434
vt 0.8386735 0.8730585
vt 0.8629718 0.9027464
vt 0.865501 0.911162
vt 0.8628364 0.9110867
vt 0.8492871 0.897688
vt 0.853924 0.9106501
vt 0.8359185 0.8871196
vt 0.8303483 0.8990429
vt 0.8390349 0.9068412
vt 0.8308601 0.9102286
vt 0.8421963 0.9148353
vt 0.809648 0.8707551
vt 0.7795236 0.8844549
vt 0.9938575 0.7177842
vt 0.9535711 0.706463
vt 0.90511 0.6982733
vt 0.8721251 0.7130871
vt 0.8353164 0.7206296
vt 0.8024217 0.7255223
vt 0.7680218 0.7273289
vt 0.7284731 0.7342842
vt 0.3171633 0.1036424
vt 0.2748596 0.0712597
vt 0.297547 0.05251659
vt 0.2627406 0.01281732
vt 0.2991428 0.01057416
vt 0.2176517 0.05987834
vt 0.2234026 0.01495508
vt 0.1960181 0.03315623
vt 0.189936 0.06519265
vt 0.1949191 0.09336001
vt 0.2291083 0.1078577
vt 0.2720142 0.104365
vt 0.2752059 0.1162281
vt 0.2990977 0.1235598
vt 0.3254735 0.05102617
vt 0.9299352 0.1254265
vt 0.9584488 0.09531713
vt 0.9675117 0.100511
vt 0.9536765 0.05670179
vt 0.9771618 0.07154574
vt 0.9671806 0.04327299
vt 0.9175301 0.04748831
vt 0.9443426 0.03241855
vn 0.341396 -0.3178725 0.884537
vn 0.4745816 -0.3413756 0.8113167
vn 0.9055666 -0.2316767 0.3553521
vn 0.9055575 -0.2395108 0.350143
vn 0.9525784 -0.2473465 -0.1772404
vn 0.9290781 -0.1376544 -0.343315
vn -0.04259234 -0.5607634 0.8268798
vn -0.5362506 -0.4510806 0.7134154
vn -0.7477983 -0.07495527 0.6596813
vn -0.904521 -0.4197579 0.07513485
vn 0.2865158 -0.247326 0.9256017
vn 0.8898864 -0.1689749 0.4237328
vn 0.9055674 -0.1768229 -0.3855922
vn 0.3413665 -0.2708572 -0.9000584
vn 0.4667762 -0.4040565 -0.7866755
vn -0.6616248 -0.05928954 0.7474874
vn -0.9907273 0.1052511 -0.08591664
vn -0.9982426 -0.05925915 -2.44081E-05
vn 0.2865244 -0.1376375 -0.9481348
vn 0.866381 -0.1062984 -0.487939
vn 0.9290661 -0.1689822 0.3290614
vn 0.8977315 -0.2003298 0.3923597
vn 0.3178632 -0.1768302 0.931501
vn 0.4197061 0.6694587 0.6129206
vn -0.669457 -0.1219758 -0.7327682
vn -0.7164546 -0.2865385 -0.6360728
vn -0.9907252 0.1052715 -0.0859163
vn -0.9982424 -0.05926474 -1.177192E-05
vn -0.7086458 -0.1141282 -0.6962728
vn -0.9828858 0.06607889 -0.1719566
vn -0.7948306 -0.05930558 0.6039265
vn -0.9828913 0.06609595 -0.1719185
vn -0.700812 0.5362294 0.4704472
vn 0.8977225 0.03472367 -0.4391909
vn 0.9525757 0.2933429 0.08092885
vn 0.2238416 -0.01227196 -0.9745482
vn -0.6459538 -0.004426569 -0.7633637
vn -0.9045313 -0.4197399 0.07510968
vn -0.5597361 -0.7410275 -0.3709092
vn -0.003391639 -0.9604154 -0.2785514
vn 0.1141293 -0.6548041 -0.7471318
vn -0.00340499 -0.9839202 0.1785764
vn 0.756685 -0.3962237 -0.5200333
vn 0.8585385 0.5049127 0.08930106
vn 0.06711707 0.9280374 0.3663903
vn 0.4197053 0.6694747 0.6129038
vn 0.9525762 0.2933421 0.08092616
vn -0.7008058 0.5362333 0.470452
vn -0.6694393 0.5127443 0.5375355
vn 0.4583617 -0.8887657 3.322959E-06
vn 0.5059412 -0.8428785 -0.183247
vn 0.5451024 -0.7645339 -0.3440222
vn 0.8977261 0.03475421 -0.4391811
vn -0.9750531 0.1914559 0.1123215
vn 0.3883842 -0.3100474 -0.8677721
vn 0.223833 -0.01229519 -0.9745499
vn -0.2697977 -0.7096784 -0.6508193
vn -0.6459377 -0.004433751 -0.7633773
vn -0.9515477 0.07392406 -0.2984829
vn -0.982886 0.06608462 -0.171953
vn -0.9828876 0.06607279 -0.1719481
vn -0.9515419 0.07392009 -0.2985026
vn -0.2619696 -0.9290684 -0.2611584
vn -0.3552345 -0.9347771 3.376603E-05
vn -0.3551993 -0.9347906 2.555456E-05
vn -0.3716996 -0.8742236 0.3123656
vn -0.1052891 0.1522834 0.9827125
vn -0.01124772 0.6459507 0.7632962
vn 0.7723553 0.3403413 0.5363162
vn 0.3884207 -0.8507071 0.3541566
vn -0.03474887 -0.8115283 0.583279
vn 0.5451134 -0.7645141 -0.3440486
vn 0.3884281 -0.3100171 -0.8677633
vn -0.269855 -0.7096543 -0.6508219
vn -0.2619991 -0.9290646 -0.2611425
vn 0.5059332 -0.8428733 -0.1832928
vn -0.3552076 -0.9347875 -7.249415E-06
vn 0.4583361 -0.888779 -1.242757E-05
vn -0.3716835 -0.8742107 0.3124214
vn 0.3884028 -0.8507092 0.3541707
vn -0.034749 -0.8115394 0.5832635
vn -0.003397949 -0.9839197 0.1785794
vn -0.00339973 -0.5764407 0.8171319
vn 0.3884228 -0.4824148 0.7851137
vn -0.0425646 -0.5607893 0.8268636
vn 0.4745876 -0.3413968 0.8113045
vn 0.9212302 -0.1689995 0.3503913
vn 0.9055687 -0.2316642 0.3553548
vn 0.9839236 -0.1376453 -0.1137896
vn 0.9525768 -0.2473502 -0.1772441
vn 0.8585556 -0.05926225 -0.5092843
vn 0.7566757 -0.3962201 -0.5200495
vn -0.003400069 -0.8193578 0.5732724
vn -0.5362431 -0.4510669 0.7134297
vn -0.003404476 -0.9839272 0.1785376
vn 0.04360962 -0.5686323 0.821435
vn -0.4030462 -0.4745675 0.7825212
vn -0.4735578 -0.3413744 0.8119153
vn -0.9202074 -0.1689869 0.3530745
vn -0.9045404 -0.2316502 0.3579734
vn -0.9828967 -0.1376062 -0.1223862
vn -0.9907222 0.03474517 -0.1313867
vn -0.8496816 0.1131002 -0.5150239
vn -0.9515399 0.2619988 -0.1610234
vn -0.7713073 0.3246796 -0.5474195
vn -0.9045321 0.2776551 -0.3236191
vn -0.6145836 0.3325115 -0.7153482
vn -0.4500614 0.4108586 -0.7928682
vn -0.003423333 0.3403358 -0.9402978
vn -0.003389955 0.4187072 -0.908115
vn -0.9045689 0.2305556 0.3586073
vn -0.9672131 -0.1925132 0.1656432
vn -0.8496708 -0.192516 -0.4909146
vn -0.7791467 0.1914771 0.5968811
vn -0.4892196 -0.1298069 0.8624467
vn -0.5676017 0.3011681 0.7662415
vn -0.2855029 0.5283991 0.7995514
vn -0.6067647 0.2776779 0.744803
vn -0.559768 0.8026566 0.2059182
vn -0.4735719 0.3716831 0.7984869
vn -0.5205694 0.2306425 0.8220775
vn 0.00440017 0.3716706 0.9283543
vn -0.003394873 0.2541236 0.9671658
vn -0.003389677 0.2855123 0.958369
vn -0.003412178 0.1601015 0.9870947
vn -0.520564 0.207156 0.8283113
vn -0.003479236 0.1366846 0.9906085
vn -0.5675758 0.1992986 0.7988353
vn -0.5284024 0.02691041 0.8485674
vn -0.003397139 -0.05144295 0.9986701
vn -0.512747 -0.2394977 0.8244582
vn -0.003401132 -0.302215 0.9532337
vn -0.6302704 -0.6156353 0.4730247
vn 0.00443149 -0.5843089 0.8115193
vn -0.9280431 0.02691518 0.3714988
vn -0.9123598 0.2071344 0.3531219
vn 0.5294356 0.04259435 0.8472801
vn 0.5059476 -0.2551976 0.8239485
vn 0.9290786 0.02691374 0.3689019
vn 0.9917579 0.02691314 -0.1252677
vn 0.9134046 0.2071336 0.3504106
vn 0.9525809 0.2619831 -0.1547728
vn 0.9055768 0.2306207 0.3560123
vn 0.905577 0.2776499 -0.3206881
vn 0.9682494 -0.1925067 0.1594815
vn 0.8507134 -0.1924818 -0.4891191
vn 0.780185 0.1914692 0.5955259
vn 0.4902554 -0.129815 0.8618571
vn 0.5686207 0.3011664 0.7654862
vn 0.2865486 0.5283978 0.7991781
vn 0.6078137 0.2698098 0.7468368
vn 0.5764605 0.7869841 0.2198846
vn 0.4745913 0.3795235 0.7941819
vn 0.5137601 0.2384898 0.8241196
vn 0.521601 0.199301 0.8295851
vn 0.5686182 0.1992994 0.7980934
vn 0.6234761 -0.6234809 0.4717512
vn 0.8966575 -0.4427246 1.266599E-05
vn 0.5686318 -0.4432684 -0.6929436
vn 0.4981092 0.5362236 -0.6814334
vn -0.0191038 -0.4275479 -0.9037908
vn -0.0112353 0.4892251 -0.8720852
vn 0.3492258 0.4657196 -0.8131092
vn -0.01122411 0.4970565 -0.8676456
vn -0.01121464 0.3716843 -0.9282915
vn 0.4432456 0.2698266 -0.8548256
vn 0.5764712 0.06608829 -0.8144404
vn 0.3962195 0.6616217 -0.6366057
vn -0.003389269 0.2306403 -0.9730332
vn 0.6391482 0.1366122 -0.7568532
vn 0.6156201 0.3325036 -0.71446
vn 0.7723479 0.3246761 -0.5459526
vn 0.4510688 0.4030313 -0.7963057
vn -0.003410906 0.3403418 -0.9402956
vn -0.003382564 0.418713 -0.9081123
vn 0.5372766 0.1757976 -0.8248812
vn 0.004428744 0.246327 -0.9691767
vn 0.8428869 0.1130866 -0.5260734
vn -0.00338006 -0.08280411 -0.99656
vn 0.5216144 -0.09845407 -0.8474816
vn 0.4118983 -0.4510852 -0.7917462
vn 0.1141349 -0.6548254 -0.7471123
vn 0.004422143 -0.7488455 -0.6627298
vn 0.004447475 -0.4354143 -0.9002192
vn -0.003381438 -0.9604203 -0.2785345
vn -0.5754287 -0.09847918 0.8119012
vn -0.308988 -0.1924992 0.9313809
vn -0.4030258 0.0425924 0.9141969
vn -0.6224357 0.1601164 0.7661178
vn -0.5754175 0.356015 0.736307
vn -0.5440902 0.6851181 0.4843336
vn -0.4970493 0.6381181 0.5880027
vn -0.583268 0.4735345 0.6599723
vn -0.285493 0.591105 0.7543796
vn -0.01122962 0.1287833 0.9916092
vn -0.003394209 0.1679398 0.9857914
vn -0.003396943 0.7634829 0.6458191
vn -0.3873587 0.3011735 0.8713483
vn -0.5597555 0.1993025 0.8043334
vn -0.003388781 0.4265517 0.9044568
vn -0.559752 0.4421975 0.7008132
vn -0.7634796 0.2463146 0.597016
vn -0.5910881 0.2776699 0.7573072
vn -0.6929761 0.0425653 0.719703
vn -0.6459391 -0.02009913 0.7631245
vn -0.5597575 -0.01225819 0.8285659
vn -0.6067486 0.05040352 0.7932941
vn -0.3951864 -0.004448548 0.9185902
vn -0.4500414 -0.01228564 0.8929232
vn -0.3246577 -0.04362328 0.944825
vn -0.3168572 -0.04361372 0.9474699
vn -0.00340167 0.3638577 0.9314483
vn -0.2619865 0.2619961 0.9288278
vn -0.3403433 0.05824555 0.9384955
vn -0.7948161 0.1914501 0.5758595
vn -0.7007735 0.5049085 0.5039682
vn -0.7713039 -0.06711604 0.6329184
vn -0.8575196 -0.1063134 0.5033463
vn -0.4578803 0.7007936 0.5470229
vn 0.004453286 0.7399906 0.6726024
vn -0.00339474 0.9202052 0.3914216
vn -0.3952039 0.8653426 0.3082145
vn -0.01123154 0.9593806 0.2818912
vn -0.3011809 0.9358665 0.1828772
vn -0.4795066 0.8775382 -8.987728E-06
vn -0.6772891 0.7164674 0.1671939
vn -0.8496764 0.473557 0.2319345
vn -0.6929595 0.6929597 -0.1990327
vn -0.4343747 0.8418447 -0.3203376
vn -0.9118071 0.4106189 -3.980473E-06
vn -0.3403445 0.9202011 -0.1933794
vn -0.8966972 0.3795252 0.2278041
vn -0.9358736 0.2149702 0.2791568
vn -0.8888652 0.02691463 0.4573774
vn -0.9358773 -0.08279511 0.3424598
vn -0.8966885 -0.2865207 0.3374249
vn -0.8496804 -0.2943693 0.4374813
vn -0.003397942 0.9593824 -0.2820887
vn -0.003381788 0.8810258 -0.4730561
vn -0.4265408 0.5832577 -0.6912839
vn 0.004448056 0.5989353 -0.8007851
vn -0.7242931 0.4578913 -0.5154951
vn -0.3403566 0.1444464 -0.9291354
vn -0.6851197 0.0895909 -0.7229
vn -0.7634783 0.4970582 -0.4123517
vn -0.2698193 0.08960236 -0.958733
vn -0.003409535 0.1366071 -0.9906194
vn -0.3325199 -0.3413932 -0.8791367
vn -0.4030263 -0.2943672 -0.8665552
vn -0.003387555 -0.3100382 -0.950718
vn -0.01124613 -0.5294425 -0.8482714
vn -0.3717036 -0.5451134 -0.7514571
vn -0.01905976 -0.4275813 -0.9037759
vn -0.5754183 -0.3962491 -0.7154583
vn -0.3638291 -0.6313171 -0.6848847
vn -0.4892253 -0.7880295 -0.3737218
vn -0.8966892 -0.4354185 -0.07974527
vn -0.8026688 -0.5764524 0.153054
vn -0.7478172 0.01124389 0.6638095
vn -0.5675922 -0.1062854 0.8164205
vn -0.5205538 -0.5372699 0.6636
vn -0.6381043 0.2071285 0.7415664
vn -0.5048872 0.5205727 0.688544
vn 0.004439131 0.8496631 0.5273073
vn -0.2933475 -0.3492084 0.8899442
vn -0.1679551 -0.8272071 0.5362084
vn 0.004437475 -0.035766 0.9993504
vn -0.003401769 -0.8820665 0.4711126
vn -0.003403697 -0.5137798 0.8579153
vn -0.003397041 0.2619792 0.9650675
vn -0.1522631 -0.6469908 0.7471405
vn -0.3560119 -0.2238322 0.9072787
vn -0.2463133 0.3952062 0.884953
vn -0.003425397 -0.4432316 0.8964006
vn -0.003405109 0.7948258 0.6068282
vn -0.2149746 -0.2787041 0.9360074
vn -0.4030296 -0.6078098 0.6842033
vn -0.00339525 -0.4902797 0.8715585
vn -0.2541521 -0.7018254 0.6654681
vn 0.004425768 -0.7096792 0.7045111
vn -0.00339777 -0.537278 0.8433984
vn -0.3638418 -0.5607951 0.7437257
vn -0.00336809 -0.7018279 0.7123386
vn -0.4578838 -0.5921291 0.663118
vn 0.004446927 -0.584304 0.8115226
vn -0.630256 -0.6156569 0.473016
vn -0.7948292 -0.5451083 0.2666522
vn -0.8966942 -0.4354089 -0.07974007
vn -0.8026742 -0.576445 0.1530533
vn -0.739983 -0.3805499 0.5546232
vn 0.451093 -0.58429 0.6746261
vn 0.6234772 -0.6234688 0.4717659
vn 0.788029 -0.5451073 0.2861263
vn 0.8966675 -0.4427046 5.945564E-06
vn 0.7958509 -0.5607945 0.2283215
vn 0.8977248 -0.2786877 0.3412087
vn 0.8115216 -0.270861 0.5177519
vn 0.74101 -0.3805593 0.5532438
vn 0.8507155 -0.09063645 0.5177531
vn 0.9369078 -0.07495823 0.3414455
vn 0.8193597 -0.05145903 0.5709655
vn 0.9369042 0.2071387 0.28161
vn 0.8193684 0.2071784 0.5345208
vn 0.8507137 0.4813893 0.2110699
vn 0.6940141 0.5048618 0.5132825
vn 0.6783258 0.7164661 0.1629431
vn 0.8663962 -0.06712061 0.4948259
vn 0.6939949 0.6929595 -0.1953928
vn 0.4802721 0.8771195 5.97909E-06
vn 0.3883865 0.8653589 0.3167176
vn 0.286519 0.9437119 0.1652717
vn -0.01124029 0.9593783 0.2818989
vn 0.4354043 0.8418472 -0.31893
vn 0.9055641 0.4187069 -0.06810404
vn 0.3257073 0.928036 -0.1807319
vn 0.8977379 0.3716735 0.2364859
vn -0.003416616 0.9593784 -0.282102
vn -0.003377512 0.8810192 -0.4730686
vn 0.4275988 0.5832579 -0.6906298
vn 0.004446537 0.5989279 -0.8007907
vn 0.7253246 0.4578931 -0.5140408
vn 0.3414028 0.1444559 -0.92875
vn 0.686147 0.08958331 -0.721926
vn 0.7645046 0.4970716 -0.4104297
vn 0.2708437 0.08957302 -0.9584469
vn -0.003393352 0.1366213 -0.9906176
vn 0.3570591 -0.3257195 -0.8754516
vn 0.3962113 -0.2787058 -0.874837
vn -0.003421441 -0.3100279 -0.9507213
vn -0.01122768 -0.5294422 -0.8482717
vn 0.3648774 -0.5294358 -0.7658735
vn -0.01908663 -0.4275755 -0.9037781
vn 0.5686314 -0.4432484 -0.6929568
vn 0.3962115 -0.6234794 -0.6740102
vn 0.5137782 -0.780185 -0.356852
vn 0.8966494 -0.4427413 0
vn 0.7958724 -0.560773 0.2282997
vn -0.1287754 0.6694598 -0.7316012
vn -0.1288045 -0.5137737 -0.8482016
vn -0.2385003 -0.4040757 -0.8830857
vn -0.1052682 0.708631 -0.6976823
vn -0.1679525 -0.4432426 -0.8805271
vn -0.1287755 0.6772881 -0.7243602
vn -0.06609175 0.9907228 0.1187439
vn -0.07383216 0.9972706 -3.555789E-06
vn -0.04257745 0.4187031 0.9071245
vn -0.01123847 0.4578873 0.8889392
vn -0.1992953 -0.4902516 0.8484896
vn -0.1601223 -0.5529479 0.8176854
vn -0.3011646 -0.9525807 -0.04347164
vn -0.07374821 -0.997277 -3.941357E-06
vn -0.1287544 -0.5137829 -0.8482037
vn -0.2384587 -0.4040479 -0.8831097
vn -0.09742512 0.9828895 0.1563221
vn -0.003395267 -0.6077775 0.7941002
vn -0.01124004 0.4030463 0.9151105
vn -0.03475288 -0.9917607 -0.1232994
vn -0.1679656 -0.4432574 -0.8805172
vn -0.0112311 -0.5686303 0.8225165
vn -0.0739248 0.4422169 0.8938565
vn -0.08175338 0.9828854 0.1650844
vn 0.0435937 -0.9990494 8.153729E-06
vn -0.1131086 -0.3883873 -0.9145281
vn 0.1533068 -0.5059201 0.8488474
vn -0.01906532 0.4892128 0.8719561
vn -0.03474689 0.982884 0.1809193
vn -0.08958863 0.7007792 -0.7077305
vn -0.1130902 -0.3884057 -0.9145226
vn -0.1052466 -0.45109 -0.8862512
vn -0.003399217 0.7086192 -0.705583
vn -0.01907793 0.9828877 0.183215
vn 0.1689803 0.6302748 0.7577595
vn -0.05825007 0.9828905 0.1747374
vn -0.01125937 0.653793 0.7565897
vn -0.02691109 0.7791607 -0.6262463
vn 0.02796404 -0.6939889 -0.7194425
vn -0.2541383 0.5675883 -0.7831075
vn -0.1365891 -0.607791 -0.7822618
vn -0.285496 0.7634761 0.5793067
vn -0.1679934 -0.5137683 0.8413206
vn -0.02690048 0.1209327 0.9922962
vn -0.7242928 0.3873736 -0.5703873
vn -0.5832781 -0.6548159 -0.4806275
vn -0.3323106 0.94317 -4.023081E-06
vn -0.8888655 0.4578674 -0.01659281
vn -0.583267 -0.6547825 -0.4806866
vn -0.7869878 -0.6078066 0.1059305
vn -0.6381117 0.5754189 0.5115728
vn -0.4813951 -0.576479 0.6602504
vn 0.1689842 0.732141 0.6598591
vn 0.3570551 0.07390291 0.9311552
vn 0.5059382 0.363845 0.7820763
vn 0.129826 -0.882045 0.452926
vn -0.4657013 0.8183383 0.3368158
vn -0.08177837 -0.7958589 0.599934
vn -0.9895403 0.1442572 3.747642E-06
vn 0.4197307 0.68513 0.5953343
vn -0.7774797 0.628908 -1.255423E-05
vn 0.2238683 -0.9212312 0.3181446
vn 0.4040784 -0.5686061 0.7165247
vn 0.1611679 0.559765 0.8128272
vn -0.8261813 0.01905771 0.5630819
vn -0.8261775 0.01909173 0.5630864
vn -0.1914561 -0.9369093 -0.2924818
vn -0.1052612 -0.4510776 -0.8862556
vn -0.5675694 0.06608924 -0.8206687
vn -0.387384 0.669444 -0.6338599
vn -0.5597717 0.8026452 0.2059521
vn -0.2855164 0.5284108 0.7995389
vn -0.4892455 -0.1298008 0.862433
vn -0.9672085 -0.1925107 0.1656722
vn -0.8496864 -0.1925136 -0.4908884
vn -0.5675994 0.06610355 -0.8206469
vn -0.355975 0.4656503 -0.8102171
vn -0.01124823 0.4970623 -0.867642
vn -0.01124816 0.4892177 -0.8720892
vn -0.4970783 0.551896 -0.66957
vn -0.01126121 0.3716809 -0.9282923
vn -0.4344032 0.2776822 -0.8568468
vn -0.5675706 0.06608631 -0.8206682
vn -0.3873696 0.6694463 -0.6338663
vn -0.003387242 0.230646 -0.9730318
vn -0.6381015 0.1444488 -0.756281
vn -0.01905453 -0.4275545 -0.9037887
vn -0.5754521 -0.3962162 -0.7154492
vn -0.8966985 -0.4354019 -0.07973142
vn -0.5362385 0.1836462 -0.8238461
vn 0.004460841 0.2463157 -0.9691794
vn -0.003391415 -0.08280656 -0.9965598
vn -0.5205679 -0.09847105 -0.8481229
vn -0.8575122 -0.05929861 -0.5110347
vn -0.9515402 -0.2473506 -0.182726
vn -0.7634806 -0.3883883 -0.5159961
vn -0.4108647 -0.4589201 -0.7877706
vn -0.1130969 -0.6548021 -0.7472906
vn 0.004443779 -0.7488486 -0.6627262
vn 0.00441897 -0.4354192 -0.900217
vn -0.00339818 -0.9604191 -0.2785384
vn -0.4265622 -0.7645209 0.4832728
vn -0.8026741 -0.5764563 0.1530116
vn -0.4892086 -0.7880395 -0.3737228
vn -0.04260059 -0.8977276 -0.4384865
vn -0.7870049 -0.4197398 0.4521524
vn -0.3638615 -0.6312894 -0.684893
vn 0.0357784 -0.6626554 -0.7480694
vn -0.3325104 -0.3413952 -0.8791395
vn -0.02690689 -0.5059243 -0.8621581
vn 0.0200907 -0.2081557 -0.9778894
vn -0.2698476 0.0896029 -0.958725
vn 0.03579856 0.1444254 -0.9888679
vn 0.2551873 0.7086203 -0.6578273
vn -0.7634888 0.4970553 -0.412336
vn 0.05928926 0.7399806 -0.67001
vn -0.9202006 -0.0828004 0.3825896
vn -0.9437107 -0.05143592 0.3267481
vn -0.8888415 -0.1376498 0.4370506
vn -0.8104832 -0.4354424 0.3917997
vn -0.9828852 -0.1141475 0.1445927
vn -0.4500662 0.8653383 -0.2205221
vn -0.8653512 -0.1689849 0.4718173
vn -0.9437124 -0.05144136 0.3267423
vn -0.9828895 -0.1141282 0.1445785
vn -0.8888751 -0.2238121 0.3997614
vn -0.4500478 0.8653487 -0.2205191
vn -0.1052786 0.9280434 0.357284
vn 0.3168486 0.9484761 3.140419E-06
vn 0.05930214 0.7399594 -0.6700324
vn 0.255173 0.7086252 -0.6578275
vn 0.3962343 0.9045305 0.1575527
vn -0.7634954 0.4970606 -0.4123172
vn -0.01909188 0.6929466 0.7207362
vn -0.826166 -0.1454939 0.5443173
vn -0.8888603 0.0268952 0.4573881
vn -0.8966929 0.3795061 0.2278528
vn -0.8496777 -0.1689973 0.4994874
vn -0.8966985 -0.05145412 0.4396411
vn -0.7869893 -0.4197248 0.4521934
vn -0.8496687 -0.2943615 0.4375094
vn -0.4265327 -0.76451 0.483316
vn -0.8026763 -0.5764405 0.1530593
vn -0.3403329 -0.3178719 0.8849469
vn -0.9045289 -0.2395145 0.3527893
vn -0.9045264 -0.2316786 0.3579903
vn -0.4735512 -0.3413818 0.8119161
vn -0.9515447 -0.2473489 -0.1827053
vn -0.9358733 -0.1376544 -0.3243338
vn 0.04360607 -0.568619 0.8214445
vn 0.5059369 -0.4824293 0.7150453
vn 0.7488426 -0.07495394 0.6584958
vn 0.905571 -0.4197253 0.06141427
vn -0.2854982 -0.2473554 0.9259082
vn -0.8888556 -0.1689797 0.4258893
vn -0.9045385 -0.1768194 -0.3880016
vn -0.3403198 -0.270857 -0.9004549
vn -0.4735445 -0.4040766 -0.7826096
vn 0.9917579 0.1131165 -0.060173
vn 0.6626671 -0.05928937 0.7465634
vn -0.2854926 -0.1376302 -0.948447
vn -0.8653401 -0.1062981 -0.4897828
vn -0.9280377 -0.1689837 0.3319496
vn -0.8966819 -0.2003363 0.3947491
vn -0.3168437 -0.1768207 0.93185
vn -0.4187438 0.6694497 0.6135885
vn 0.6704998 -0.1219767 -0.731814
vn 0.7175161 -0.2865072 -0.6348891
vn 0.7096583 -0.114129 -0.6952407
vn 0.9986783 -0.0513965 8.136034E-06
vn 0.9839264 0.06609754 -0.1658917
vn 0.7958617 -0.05926852 0.6025707
vn 0.7018154 0.5362604 0.4689137
vn 0.9839189 0.06611986 -0.1659273
vn 0.9986784 -0.05139388 -2.008677E-05
vn -0.8966925 0.03473866 -0.4412887
vn -0.9562968 0.2923977 1.591444E-05
vn -0.2228017 -0.01226511 -0.9747866
vn 0.6469759 -0.00444752 -0.7624974
vn 0.991758 0.1131137 -0.06017607
vn 0.9055512 -0.4197628 0.06145085
vn 0.5686081 -0.7331838 -0.3729965
vn -0.003406391 -0.9604141 -0.2785557
vn -0.1130979 -0.6548172 -0.7472773
vn -0.003385845 -0.9839257 0.1785462
vn -0.7634823 -0.388395 -0.5159884
vn 0.5059245 -0.4824522 0.7150387
vn -0.4187243 0.6694654 0.6135846
vn -0.07391338 0.9280383 0.3650778
vn -0.8575214 0.5048877 0.09871864
vn -0.9563057 0.2923683 7.312745E-06
vn 0.7018175 0.5362682 0.4689014
vn 0.6704684 0.5127506 0.5362452
vn -0.4575149 -0.889202 1.276284E-05
vn -0.5284016 -0.8350413 -0.1532903
vn -0.5832677 -0.7253475 -0.3656088
vn -0.8966886 0.03475617 -0.4412954
vn 0.9760916 0.1914431 0.1029307
vn -0.3873552 -0.3100208 -0.8682414
vn -0.2228037 -0.01225723 -0.9747863
vn 0.2552048 -0.6391312 -0.7255217
vn 0.6469716 -0.00443557 -0.7625012
vn 0.9447418 0.0504158 -0.3239156
vn 0.9839235 0.06608643 -0.1659131
vn 0.9839252 0.0660955 -0.1658994
vn 0.9447457 0.05041997 -0.3239034
vn 0.2630228 -0.9447442 -0.195646
vn 0.3648631 -0.9290855 0.06062117
vn 0.3648937 -0.9290719 0.06064615
vn 0.3726887 -0.8742281 0.3111727
vn 0.09846185 0.1522905 0.9834189
vn 0.01228656 0.6459494 0.7632813
vn -0.7713254 0.3403436 0.5377949
vn -0.3873287 -0.8507263 0.3553045
vn 0.03575724 -0.8115218 0.5832272
vn 0.2551603 -0.639128 -0.7255403
vn -0.3873745 -0.3100168 -0.8682342
vn -0.5832797 -0.7253277 -0.3656288
vn 0.2630121 -0.9447445 -0.1956593
vn -0.5283983 -0.8350461 -0.1532752
vn 0.3648815 -0.9290726 0.06070722
vn -0.4575047 -0.8892072 -5.405397E-06
vn 0.3727218 -0.8742174 0.311163
vn -0.387354 -0.8507203 0.3552915
vn 0.03576105 -0.8115293 0.5832163
vn 0.1298106 -0.8820453 0.4529296
vn -0.1522888 -0.9839233 0.09329099
vn 0.2238469 -0.9212424 0.3181275
vn -0.5519139 -0.8193733 -0.1549789
vn -0.1053121 -0.4510652 -0.8862559
vn 0.02793055 -0.693986 -0.7194465
vn -0.03474223 -0.9917594 0.1233147
vn -0.1366036 -0.6078022 -0.7822505
vn -0.5832439 -0.6548286 -0.4806516
vn -0.7869894 -0.6077969 0.1059746
vn -0.4814065 -0.5764374 0.6602784
vn -0.1679472 -0.5137522 0.8413396
vn -0.08177441 -0.795873 0.5999159
vn -0.0269416 0.1209567 0.9922921
vn -0.1914861 -0.9369013 -0.2924875
vn -0.08177637 -0.795832 0.59997
vn -0.9895377 0.1442745 -9.201466E-06
vn -0.15228 -0.9839266 0.09327017
vn -0.481382 -0.8742252 -0.06325866
vn -0.7774816 0.6289057 5.930662E-06
vn -0.8261833 0.01906723 0.5630787
vn 0.2238399 -0.9212412 0.3181356
vn 0.4040881 -0.5686346 0.7164967
vn -0.06607869 0.3560283 0.932136
vn -0.4735453 0.2698039 0.8384275
vn -0.1131002 0.04257443 0.992671
vn -0.5048986 0.01907204 0.8629679
vn 0.4040707 0.04256367 0.913737
vn 0.3256951 -0.1846751 0.9272636
vn 0.5921368 -0.08280399 0.8015719
vn 0.5999672 0.1679534 0.7821962
vn 0.5764638 0.3325151 0.7464069
vn 0.5451286 0.6772795 0.4940925
vn 0.5059379 0.6224355 0.5971608
vn 0.4510746 0.003392309 0.8924798
vn 0.5842881 0.4657287 0.6646083
vn 0.2943576 0.5910934 0.7509742
vn 0.3883925 0.3011703 0.8708891
vn 0.5607928 0.199315 0.8036075
vn 0.615623 0.04257565 0.7868898
vn 0.560783 0.4343928 0.7048584
vn 0.756685 0.2149465 0.6174349
vn 0.5921293 0.2854896 0.7535772
vn 0.7410154 0.05042279 0.6695922
vn 0.5607793 -0.01228398 0.8278742
vn 0.3962308 -0.004439306 0.9181402
vn 0.6469939 -0.02013555 0.7622293
vn 0.7488461 0.01123234 0.6626487
vn 0.5607827 -0.1063289 0.8211071
vn 0.5215884 -0.5372795 0.6627791
vn 0.6391368 0.2071209 0.7406788
vn 0.2865093 -0.3492242 0.892163
vn 0.5059206 0.5205534 0.6877997
vn 0.1689943 -0.8193667 0.5477948
vn 0.1533031 -0.6469779 0.7469388
vn 0.3492084 -0.2238491 0.9099149
vn 0.2473515 0.3951748 0.8846774
vn 0.004406676 -0.4432566 0.896384
vn 0.2159995 -0.2865227 0.9334072
vn 0.3962359 -0.6077859 0.6881812
vn 0.2551786 -0.7018455 0.6650538
vn 0.3648874 -0.5529507 0.7490678
vn 0.5529522 0.01123864 0.8331372
vn 0.4040799 -0.02794244 0.9142967
vn 0.3413827 0.05825762 0.9381171
vn 0.2551974 0.2620013 0.9307146
vn 0.4589339 0.7007782 0.5461588
vn 0.5137692 -0.7801831 -0.3568691
vn 0.7958596 -0.5607842 0.228317
vn 0.4902588 -0.6469905 0.5839946
vn 0.03579444 -0.8977351 -0.439079
vn 0.7253519 -0.3962351 0.5629053
vn 0.3962258 -0.6234809 -0.6740006
vn -0.03476679 -0.6548053 -0.7549976
vn 0.3570352 -0.3257191 -0.8754616
vn 0.02012721 -0.5059247 -0.8623428
vn -0.01908094 -0.2081683 -0.9779068
vn 0.270839 0.08961472 -0.9584442
vn -0.0425818 0.1444263 -0.9885989
vn -0.2541469 0.7086409 -0.6582077
vn 0.7645135 0.497049 -0.4104405
vn -0.05826288 0.7399887 -0.670091
vn 0.9212419 -0.08280233 0.380075
vn 0.944749 -0.05143899 0.3237335
vn 0.8898945 -0.1376065 0.4349162
vn 0.8193783 -0.4119044 0.3986905
vn 0.9839191 -0.1141415 0.1373861
vn 0.451097 0.8653446 -0.218381
vn 0.8663827 -0.1690073 0.4699124
vn 0.9839206 -0.1141488 0.1373691
vn 0.8898836 -0.223818 0.3975081
vn 0.4510825 0.8653504 -0.2183877
vn 0.1062929 0.9280338 0.3570084
vn -0.3159206 0.9487857 1.360103E-05
vn -0.05823667 0.7399655 -0.6701189
vn -0.2541286 0.7086453 -0.65821
vn -0.3795227 0.9123629 0.1534805
vn 0.7644958 0.4970683 -0.41045
vn 0.04360798 0.6851296 0.7271146
vn 0.8272071 -0.145508 0.54273
vn 0.8663757 -0.06710078 0.4948643
vn 0.8977358 0.3716732 0.2364945
vn 0.827202 -0.176838 0.5333528
vn 0.8977322 -0.05145708 0.4375261
vn 0.8193823 -0.4118851 0.3987022
vn 0.7253324 -0.3962488 0.5629207
vn 0.8115285 -0.2708513 0.5177461
vn 0.7958785 -0.5607697 0.2282866
vn 0.4902274 -0.6469849 0.5840272
vn 0.4745834 0.269807 0.8378394
vn 0.0984684 0.348176 0.9322432
vn 0.137643 0.04257278 0.9895666
vn 0.5059379 0.02691882 0.8621497
vn -0.003421173 -0.9839205 0.1785745
vn -0.01119052 0.9593871 0.2818711
vn -0.3011755 0.9358668 0.1828844
vn -0.8340133 0.105278 0.5416071
vn 0.01227211 0.1052822 0.9943667
vn -0.3403235 0.9202012 -0.1934154
vn -0.8653464 -0.03576256 -0.4998968
vn -0.003422946 0.9593914 -0.2820578
vn 0.02011278 0.07392234 -0.9970611
vn 0.2865296 0.9437078 0.1652766
vn 0.8663846 0.09742863 0.489781
vn 0.3257263 0.9280293 -0.1807321
vn 0.8898945 -0.02010743 -0.4557229
vn 0.0200927 0.07394287 -0.99706
vn -0.003436714 0.9593781 -0.2821028
vn -0.8653649 0.1366011 0.4821657
vn -0.6537914 -0.09062622 -0.7512282
vn -0.6381141 -0.3100295 -0.7047638
vn -0.8653592 0.31683 0.3882941
vn -0.003424267 0.5205802 0.8538059
vn 0.01226151 0.2463196 0.9691111
vn 0.9212472 0.19145 0.3386009
vn 0.9369115 0.113099 0.3307648
vn 0.537267 -0.08281139 -0.8393369
vn 0.4980892 -0.3727235 -0.7829331
vn 0.5372713 -0.08279225 -0.8393359
vn 0.4980803 -0.37274 -0.7829309
vn -0.9883953 0.1519033 -1.239777E-05
vn -0.207117 0.8496829 0.4849138
vn 0.9212441 0.3246632 0.2142505
vn 0.4119043 -0.7488378 -0.5192078
vn 0.4119041 -0.7488285 -0.5192214
vn 0.1768316 -0.9369078 0.3015533
vn -0.9907256 0.04259678 -0.1290289
vn -0.128753 0.9672226 -0.2188677
vn 0.8742312 0.4813713 -0.06325791
vn 0.1768209 -0.9369175 0.3015293
vn -0.9515527 0.003394276 -0.307467
vn 0.05146921 -0.3570504 0.932666
vn -0.1209537 0.4892288 -0.8637276
vn 0.9447405 0.2306443 -0.2329561
vn 0.05145141 -0.357026 0.9326764
vn -0.9515384 -0.2943777 -0.08897509
vn 0.2551705 0.2149541 0.9426997
vn -0.1836468 -0.208167 -0.9606978
vn 0.9447399 0.1209375 -0.3046977
vn 0.2551949 0.2149691 0.9426897
vn -0.9123557 -0.4040874 0.06573016
vn 0.1298161 0.8418345 0.5238916
vn -0.0661156 -0.795863 -0.601856
vn 0.9369076 -0.1141368 -0.3304192
vn 0.1298278 0.8418409 0.5238785
vn -0.8888647 -0.3491973 0.2966155
vn -0.566246 0.8242362 -8.843839E-06
vn 0.004452763 -0.9995949 0.02811379
vn 0.866386 -0.4980941 -0.03574443
vn 0.7488531 0.6067572 -0.26658
vn -0.5662704 0.8242195 -2.902746E-05
vn -0.9045204 -0.1454934 0.4008423
vn -0.4421936 0.6067978 -0.6605008
vn -0.02692905 -0.6548061 0.755317
vn 0.8428803 -0.4118937 0.3462603
vn -0.4422332 0.606773 -0.6604971
vn 0.8663796 0.2228347 -0.4469129
vn -0.9437197 0.1444356 0.2975421
vn -0.904531 -0.1454799 0.4008233
vn -0.4422097 0.6067768 -0.6605092
vn -0.4265397 -0.07494662 -0.9013584
vn -0.1522857 0.003410551 0.9883306
vn -0.02689507 -0.6548266 0.7553005
vn 0.8428791 -0.4119051 0.3462497
vn 0.7880148 -0.02009156 0.6153283
vn 0.866382 0.2228102 -0.4469204
vn 0.780182 -0.1141425 -0.6150509
vn -0.426531 -0.07495022 -0.9013622
vn -0.4421856 0.6067922 -0.6605112
vn -0.9750512 0.1522783 0.1615135
vn -0.08177639 -0.4275505 -0.9002851
vn -0.03474747 0.4814166 0.8758029
vn 0.9995956 -0.004430549 -0.02809043
vn -0.0817532 -0.4275905 -0.9002682
vn -0.9828887 0.02690959 -0.1822244
vn 0.04361343 -0.435384 -0.8991877
vn -0.00339995 0.4892353 0.8721452
vn 0.9839252 -0.1533074 -0.09158675
vn 0.04359531 -0.4354328 -0.899165
vn -0.9985594 0.0112256 -0.05247079
vn -0.06608912 0.1365921 -0.9884204
vn 0.04363551 -0.1298224 0.9905766
vn 0.9917578 -0.0200904 -0.1265419
vn -0.06609365 0.1366395 -0.9884135
vn -0.9985606 0.02691088 0.04639449
vn -0.02690413 0.1209232 -0.9922972
vn 0.05928563 -0.1063004 0.992565
vn 0.9995951 -0.02794005 0.005387711
vn -0.02692962 0.1209322 -0.9922954
vn -0.9985604 0.03474624 0.04086534
vn -0.01906613 -0.05147083 -0.9984925
vn -0.01123141 0.1209375 0.9925965
vn 0.9917588 0.06608154 0.1097627
vn -0.01909414 -0.0514747 -0.9984918
vn -0.9907222 0.1209461 -0.06198073
vn -0.003391027 -0.08277568 -0.9965624
vn -0.01122006 0.3168457 0.9484107
vn 0.9917622 0.1052568 -0.07299877
vn -0.003424257 -0.08280416 -0.9965599
vn -0.614582 0.6537886 0.4414175
vn -0.6537982 0.497044 -0.5705219
vn 0.7488405 0.5832705 0.3146959
vn 0.6234872 0.4421964 -0.6447682
vn -0.6145983 0.6537863 0.4413981
vn -0.6537685 0.497093 -0.5705131
vn 0.1219734 0.6694438 -0.7327807
vn 0.1062982 0.708638 -0.6975192
vn 0.2317011 -0.4040534 -0.8849042
vn 0.1298131 -0.513759 -0.8480568
vn 0.1689863 -0.4432363 -0.8803325
vn 0.1298081 0.6773071 -0.724158
vn 0.06711859 0.990724 0.1181566
vn 0.06707312 0.9977481 -2.217293E-05
vn 0.04361441 0.4187203 0.9070673
vn 0.01226993 0.4578752 0.8889319
vn 0.200331 -0.4902472 0.8482482
vn 0.161152 -0.5529419 0.8174872
vn 0.3022073 -0.9525775 -0.03559262
vn 0.06700715 -0.9977525 -1.750421E-05
vn 0.1297853 -0.5137677 -0.8480558
vn 0.23169 -0.4040799 -0.884895
vn 0.09846551 0.9828919 0.1556536
vn 0.004432871 -0.6077954 0.7940813
vn 0.01226907 0.4030265 0.9151061
vn 0.03577978 -0.9917572 -0.1230341
vn 0.1689695 -0.4432434 -0.8803321
vn 0.01227208 -0.5686116 0.8225145
vn 0.07495495 0.442193 0.8937825
vn 0.08279476 0.9828876 0.1645507
vn -0.04256177 -0.9990938 -2.294779E-06
vn 0.1141449 -0.3884133 -0.9143884
vn -0.1522639 -0.5059415 0.8490224
vn 0.02008762 0.4892099 0.8719348
vn 0.03578026 0.98289 0.1806855
vn 0.09062944 0.700793 -0.7075843
vn 0.114155 -0.3883889 -0.9143974
vn 0.06713009 -0.3805732 -0.9223111
vn -0.003393948 0.7086203 -0.7055818
vn 0.02009776 0.982885 0.1831203
vn -0.1679694 0.6302687 0.7579892
vn 0.05928914 0.9828863 0.1744115
vn 0.004435622 0.6537774 0.7566739
vn 0.03577926 0.7791684 -0.6257926
vn 0.02010431 -0.6313053 -0.7752738
vn 0.2551683 0.5440763 -0.7992935
vn 0.1297932 -0.6312909 -0.7646081
vn 0.2865206 0.76349 0.5787823
vn 0.1689823 -0.5137762 0.8411177
vn 0.02794032 0.120935 0.9922672
vn 0.7175158 0.4108447 -0.5624747
vn 0.5842921 -0.6548092 -0.4794034
vn 0.333565 0.9358676 -0.1135176
vn 0.8891991 0.4575204 -2.506422E-06
vn 0.5843174 -0.6548182 -0.4793603
vn 0.7880358 -0.615623 0.00282462
vn 0.6391472 0.5754184 0.5102791
vn 0.4823828 -0.5764621 0.6595438
vn -0.1757628 0.7321404 0.6580865
vn -0.3560089 0.07394035 0.9315527
vn -0.5049179 0.3638485 0.7827338
vn -0.1287582 -0.8820632 0.4531951
vn 0.4667331 0.8183445 0.3353691
vn 0.08277479 -0.7958493 0.5998102
vn 0.9906411 0.1364926 -4.738569E-06
vn -0.4186845 0.6851424 0.5960563
vn 0.7778742 0.6284201 8.855015E-06
vn -0.2228265 -0.9212407 0.3188478
vn -0.4108589 -0.5686049 0.7126594
vn -0.1679586 0.5597495 0.8114618
vn 0.8272192 0.01906985 0.5615556
vn 0.8272189 0.01905748 0.5615565
vn 0.1925141 -0.9369043 -0.2918025
vn 0.06712049 -0.3805453 -0.9223232
vn 0.5764636 0.06605526 -0.8144484
vn 0.396207 0.661622 -0.6366131
vn 0.5764378 0.7870048 0.2198702
vn 0.2865159 0.5284157 0.799178
vn 0.4902707 -0.1297932 0.8618518
vn 0.9682477 -0.1925215 0.1594743
vn 0.8507126 -0.1925281 -0.4891023
vn 0.576438 0.06609055 -0.8144639
vn -0.1287792 -0.88205 0.4532147
vn 0.1925133 -0.9760841 0.1009876
vn 0.4432662 -0.8898807 -0.1078306
vn 0.02010466 -0.6313207 -0.7752612
vn 0.06708486 -0.3805507 -0.9223235
vn 0.03579717 -0.9917613 0.1229961
vn 0.1298092 -0.6312982 -0.7645993
vn 0.5842773 -0.6548272 -0.4793969
vn 0.7880099 -0.615656 0.002818826
vn 0.4824489 -0.5764399 0.6595151
vn 0.168975 -0.5137547 0.8411323
vn 0.0828006 -0.7958624 0.5997891
vn 0.02793717 0.1209482 0.9922655
vn -0.2227969 -0.9212353 0.318884
vn 0.1925082 -0.9369128 -0.2917793
vn 0.1924725 -0.9760917 0.1009918
vn 0.9906451 0.1364636 -6.437301E-06
vn 0.08281525 -0.7958395 0.5998175
vn 0.4824325 -0.874218 -0.05478811
vn 0.7778758 0.628418 -6.854534E-06
vn 0.8272151 0.01906112 0.5615621
vn -0.2227802 -0.9212428 0.3188741
vn -0.4108875 -0.5686389 0.7126158
g laalaa_geo_0_0
f 3/3/3 2/2/2 1/1/1
f 4/4/4 3/3/3 1/1/1
f 3/3/3 4/4/4 5/5/5
f 4/4/4 6/6/6 5/5/5
f 1/1/1 2/2/2 7/7/7
f 7/7/7 8/8/8 1/1/1
f 8/8/8 9/9/9 1/1/1
f 10/10/10 9/9/9 8/8/8
f 4/4/4 1/1/1 11/11/11
f 11/11/11 1/1/1 9/9/9
f 12/12/12 4/4/4 11/11/11
f 4/4/4 12/12/12 6/6/6
f 12/12/12 13/13/13 6/6/6
f 13/13/13 14/14/14 6/6/6
f 14/14/14 15/15/15 6/6/6
f 6/6/6 15/15/15 5/5/5
f 16/16/16 11/11/11 9/9/9
f 16/16/16 9/9/9 17/17/17
f 10/10/10 17/17/17 9/9/9
f 18/18/18 16/16/16 17/17/17
f 14/14/14 13/13/13 19/19/19
f 13/13/13 20/20/20 19/19/19
f 13/13/13 21/21/21 20/20/20
f 13/13/13 12/12/12 21/21/21
f 21/21/21 22/22/22 20/20/20
f 21/21/21 23/23/23 22/22/22
f 12/12/12 11/11/11 23/23/23
f 21/21/21 12/12/12 23/23/23
f 11/11/11 16/16/16 23/23/23
f 23/23/23 24/24/24 22/22/22
f 25/25/25 14/14/14 19/19/19
f 25/25/25 15/15/15 14/14/14
f 26/26/26 15/15/15 25/25/25
f 27/27/27 26/26/26 25/25/25
f 28/28/28 27/27/27 25/25/25
f 29/29/29 25/25/25 19/19/19
f 28/28/28 25/25/25 29/29/29
f 30/30/30 28/28/28 29/29/29
f 23/23/23 31/31/31 24/24/24
f 16/16/16 18/18/18 31/31/31
f 16/16/16 31/31/31 23/23/23
f 31/31/31 18/18/18 32/32/32
f 33/33/33 31/31/31 32/32/32
f 31/31/31 33/33/33 24/24/24
f 20/20/20 22/22/22 34/34/34
f 22/22/22 35/35/35 34/34/34
f 35/35/35 22/22/22 24/24/24
f 20/20/20 34/34/34 36/36/36
f 36/36/36 37/37/37 29/29/29
f 30/30/30 29/29/29 37/37/37
f 19/19/19 36/36/36 29/29/29
f 19/19/19 20/20/20 36/36/36
f 27/27/27 38/38/38 26/26/26
f 26/26/26 38/38/38 39/39/39
f 40/40/40 39/39/39 38/38/38
f 39/39/39 40/40/40 41/41/41
f 42/42/42 40/40/40 38/38/38
f 39/39/39 41/41/41 26/26/26
f 15/15/15 26/26/26 41/41/41
f 43/43/43 15/15/15 41/41/41
f 15/15/15 43/43/43 5/5/5
f 46/46/46 45/45/45 44/44/44
f 47/47/47 46/46/46 44/44/44
f 46/46/46 48/48/48 45/45/45
f 48/48/48 49/49/49 45/45/45
f 44/44/44 50/50/50 47/47/47
f 50/50/50 51/51/51 47/47/47
f 51/51/51 52/52/52 47/47/47
f 52/52/52 53/53/53 47/47/47
f 48/48/48 54/54/54 49/49/49
f 52/52/52 55/55/55 53/53/53
f 55/55/55 56/56/56 53/53/53
f 55/55/55 57/57/57 56/56/56
f 57/57/57 58/58/58 56/56/56
f 57/57/57 59/59/59 58/58/58
f 59/59/59 60/60/60 58/58/58
f 54/54/54 48/48/48 61/61/61
f 62/62/62 54/54/54 61/61/61
f 59/59/59 57/57/57 63/63/63
f 64/64/64 59/59/59 63/63/63
f 54/54/54 62/62/62 65/65/65
f 54/54/54 65/65/65 66/66/66
f 49/49/49 54/54/54 66/66/66
f 66/66/66 67/67/67 49/49/49
f 67/67/67 68/68/68 49/49/49
f 49/49/49 68/68/68 45/45/45
f 45/45/45 68/68/68 69/69/69
f 69/69/69 68/68/68 67/67/67
f 44/44/44 45/45/45 69/69/69
f 44/44/44 69/69/69 50/50/50
f 69/69/69 70/70/70 50/50/50
f 70/70/70 69/69/69 67/67/67
f 67/67/67 66/66/66 71/71/71
f 70/70/70 67/67/67 71/71/71
f 74/74/74 73/73/73 72/72/72
f 75/75/75 74/74/74 72/72/72
f 72/72/72 76/76/76 75/75/75
f 76/76/76 77/77/77 75/75/75
f 78/78/78 77/77/77 76/76/76
f 77/77/77 78/78/78 79/79/79
f 78/78/78 80/80/80 79/79/79
f 80/80/80 81/81/81 79/79/79
f 10/10/10 8/8/8 82/82/82
f 85/85/85 84/84/84 83/83/83
f 85/85/85 86/86/86 84/84/84
f 84/84/84 86/86/86 87/87/87
f 86/86/86 88/88/88 87/87/87
f 89/89/89 87/87/87 88/88/88
f 90/90/90 89/89/89 88/88/88
f 91/91/91 89/89/89 90/90/90
f 92/92/92 91/91/91 90/90/90
f 83/83/83 93/93/93 85/85/85
f 93/93/93 94/94/94 85/85/85
f 95/95/95 94/94/94 93/93/93
f 93/93/93 83/83/83 96/96/96
f 83/83/83 97/97/97 96/96/96
f 97/97/97 98/98/98 96/96/96
f 97/97/97 99/99/99 98/98/98
f 99/99/99 100/100/100 98/98/98
f 100/100/100 99/99/99 101/101/101
f 101/101/101 99/99/99 102/102/102
f 101/101/101 102/102/102 103/103/103
f 102/102/102 104/104/104 103/103/103
f 104/104/104 105/105/105 103/103/103
f 104/104/104 106/106/106 105/105/105
f 106/106/106 107/107/107 105/105/105
f 105/105/105 107/107/107 108/108/108
f 108/108/108 107/107/107 109/109/109
f 110/110/110 108/108/108 109/109/109
f 111/111/111 106/106/106 104/104/104
f 111/111/111 112/112/112 106/106/106
f 112/112/112 113/113/113 106/106/106
f 111/111/111 114/114/114 112/112/112
f 114/114/114 115/115/115 112/112/112
f 114/114/114 116/116/116 115/115/115
f 116/116/116 117/117/117 115/115/115
f 117/117/117 116/116/116 118/118/118
f 119/119/119 117/117/117 118/118/118
f 116/116/116 114/114/114 120/120/120
f 116/116/116 120/120/120 118/118/118
f 114/114/114 121/121/121 120/120/120
f 122/122/122 120/120/120 121/121/121
f 123/123/123 122/122/122 121/121/121
f 124/124/124 118/118/118 120/120/120
f 122/122/122 124/124/124 120/120/120
f 123/123/123 121/121/121 125/125/125
f 121/121/121 126/126/126 125/125/125
f 114/114/114 111/111/111 126/126/126
f 121/121/121 114/114/114 126/126/126
f 127/127/127 125/125/125 126/126/126
f 128/128/128 127/127/127 126/126/126
f 127/127/127 128/128/128 129/129/129
f 130/130/130 127/127/127 129/129/129
f 130/130/130 129/129/129 131/131/131
f 132/132/132 130/130/130 131/131/131
f 133/133/133 118/118/118 124/124/124
f 134/134/134 133/133/133 124/124/124
f 129/129/129 128/128/128 135/135/135
f 129/129/129 135/135/135 131/131/131
f 128/128/128 136/136/136 135/135/135
f 136/136/136 128/128/128 111/111/111
f 126/126/126 111/111/111 128/128/128
f 136/136/136 111/111/111 104/104/104
f 136/136/136 104/104/104 102/102/102
f 135/135/135 136/136/136 102/102/102
f 99/99/99 135/135/135 102/102/102
f 135/135/135 99/99/99 131/131/131
f 97/97/97 131/131/131 99/99/99
f 132/132/132 131/131/131 97/97/97
f 83/83/83 132/132/132 97/97/97
f 127/127/127 130/130/130 137/137/137
f 130/130/130 132/132/132 138/138/138
f 137/137/137 130/130/130 138/138/138
f 132/132/132 83/83/83 84/84/84
f 138/138/138 132/132/132 84/84/84
f 87/87/87 138/138/138 84/84/84
f 138/138/138 87/87/87 139/139/139
f 137/137/137 138/138/138 139/139/139
f 140/140/140 139/139/139 87/87/87
f 141/141/141 139/139/139 140/140/140
f 142/142/142 141/141/141 140/140/140
f 143/143/143 141/141/141 142/142/142
f 144/144/144 143/143/143 142/142/142
f 145/145/145 143/143/143 144/144/144
f 146/146/146 145/145/145 144/144/144
f 147/147/147 143/143/143 145/145/145
f 148/148/148 147/147/147 145/145/145
f 147/147/147 148/148/148 149/149/149
f 148/148/148 150/150/150 149/149/149
f 151/151/151 149/149/149 150/150/150
f 152/152/152 151/151/151 150/150/150
f 149/149/149 153/153/153 147/147/147
f 151/151/151 153/153/153 149/149/149
f 153/153/153 154/154/154 147/147/147
f 153/153/153 122/122/122 154/154/154
f 122/122/122 123/123/123 154/154/154
f 124/124/124 122/122/122 153/153/153
f 151/151/151 124/124/124 153/153/153
f 123/123/123 125/125/125 154/154/154
f 125/125/125 155/155/155 154/154/154
f 154/154/154 155/155/155 147/147/147
f 155/155/155 143/143/143 147/147/147
f 155/155/155 125/125/125 127/127/127
f 156/156/156 155/155/155 127/127/127
f 156/156/156 143/143/143 155/155/155
f 143/143/143 156/156/156 141/141/141
f 156/156/156 127/127/127 137/137/137
f 124/124/124 151/151/151 157/157/157
f 134/134/134 124/124/124 157/157/157
f 151/151/151 152/152/152 158/158/158
f 157/157/157 151/151/151 158/158/158
f 156/156/156 137/137/137 139/139/139
f 141/141/141 156/156/156 139/139/139
f 158/158/158 152/152/152 159/159/159
f 152/152/152 160/160/160 159/159/159
f 159/159/159 160/160/160 161/161/161
f 160/160/160 162/162/162 161/161/161
f 162/162/162 160/160/160 163/163/163
f 164/164/164 162/162/162 163/163/163
f 165/165/165 164/164/164 163/163/163
f 166/166/166 165/165/165 163/163/163
f 167/167/167 166/166/166 163/163/163
f 168/168/168 167/167/167 163/163/163
f 168/168/168 163/163/163 160/160/160
f 168/168/168 160/160/160 152/152/152
f 169/169/169 165/165/165 166/166/166
f 170/170/170 169/169/169 166/166/166
f 166/166/166 167/167/167 170/170/170
f 167/167/167 146/146/146 170/170/170
f 170/170/170 146/146/146 144/144/144
f 171/171/171 170/170/170 144/144/144
f 169/169/169 170/170/170 171/171/171
f 171/171/171 144/144/144 172/172/172
f 173/173/173 171/171/171 172/172/172
f 174/174/174 171/171/171 173/173/173
f 174/174/174 169/169/169 171/171/171
f 175/175/175 174/174/174 173/173/173
f 144/144/144 142/142/142 172/172/172
f 175/175/175 173/173/173 176/176/176
f 173/173/173 172/172/172 176/176/176
f 177/177/177 175/175/175 176/176/176
f 172/172/172 178/178/178 176/176/176
f 172/172/172 142/142/142 178/178/178
f 142/142/142 140/140/140 178/178/178
f 177/177/177 176/176/176 179/179/179
f 176/176/176 180/180/180 179/179/179
f 176/176/176 178/178/178 180/180/180
f 178/178/178 91/91/91 180/180/180
f 178/178/178 140/140/140 89/89/89
f 91/91/91 178/178/178 89/89/89
f 89/89/89 140/140/140 87/87/87
f 181/181/181 180/180/180 91/91/91
f 92/92/92 181/181/181 91/91/91
f 181/181/181 92/92/92 182/182/182
f 181/181/181 182/182/182 183/183/183
f 184/184/184 181/181/181 183/183/183
f 184/184/184 179/179/179 180/180/180
f 181/181/181 184/184/184 180/180/180
f 185/185/185 183/183/183 182/182/182
f 188/188/188 187/187/187 186/186/186
f 188/188/188 186/186/186 189/189/189
f 186/186/186 190/190/190 189/189/189
f 189/189/189 190/190/190 191/191/191
f 190/190/190 192/192/192 191/191/191
f 193/193/193 191/191/191 192/192/192
f 194/194/194 193/193/193 192/192/192
f 188/188/188 189/189/189 195/195/195
f 196/196/196 188/188/188 195/195/195
f 197/197/197 195/195/195 189/189/189
f 191/191/191 197/197/197 189/189/189
f 188/188/188 196/196/196 198/198/198
f 198/198/198 199/199/199 188/188/188
f 196/196/196 200/200/200 198/198/198
f 194/194/194 201/201/201 193/193/193
f 201/201/201 202/202/202 193/193/193
f 202/202/202 201/201/201 203/203/203
f 202/202/202 203/203/203 204/204/204
f 203/203/203 205/205/205 204/204/204
f 204/204/204 205/205/205 206/206/206
f 207/207/207 204/204/204 206/206/206
f 208/208/208 207/207/207 206/206/206
f 207/207/207 208/208/208 209/209/209
f 199/199/199 207/207/207 209/209/209
f 207/207/207 210/210/210 204/204/204
f 207/207/207 199/199/199 210/210/210
f 210/210/210 211/211/211 204/204/204
f 198/198/198 200/200/200 212/212/212
f 213/213/213 198/198/198 212/212/212
f 198/198/198 213/213/213 214/214/214
f 199/199/199 214/214/214 210/210/210
f 199/199/199 198/198/198 214/214/214
f 210/210/210 215/215/215 211/211/211
f 210/210/210 216/216/216 215/215/215
f 214/214/214 213/213/213 216/216/216
f 214/214/214 216/216/216 210/210/210
f 211/211/211 215/215/215 217/217/217
f 211/211/211 217/217/217 218/218/218
f 213/213/213 212/212/212 219/219/219
f 219/219/219 216/216/216 213/213/213
f 212/212/212 220/220/220 219/219/219
f 220/220/220 221/221/221 219/219/219
f 221/221/221 222/222/222 219/219/219
f 222/222/222 221/221/221 223/223/223
f 224/224/224 222/222/222 223/223/223
f 224/224/224 225/225/225 222/222/222
f 226/226/226 222/222/222 225/225/225
f 219/219/219 222/222/222 226/226/226
f 216/216/216 219/219/219 226/226/226
f 216/216/216 226/226/226 227/227/227
f 216/216/216 227/227/227 215/215/215
f 228/228/228 226/226/226 225/225/225
f 226/226/226 228/228/228 227/227/227
f 229/229/229 228/228/228 225/225/225
f 228/228/228 230/230/230 227/227/227
f 231/231/231 229/229/229 225/225/225
f 224/224/224 231/231/231 225/225/225
f 227/227/227 230/230/230 232/232/232
f 233/233/233 227/227/227 232/232/232
f 233/233/233 232/232/232 234/234/234
f 235/235/235 233/233/233 234/234/234
f 236/236/236 235/235/235 234/234/234
f 235/235/235 236/236/236 218/218/218
f 237/237/237 236/236/236 234/234/234
f 229/229/229 231/231/231 238/238/238
f 239/239/239 229/229/229 238/238/238
f 229/229/229 239/239/239 240/240/240
f 228/228/228 229/229/229 240/240/240
f 239/239/239 241/241/241 240/240/240
f 242/242/242 228/228/228 240/240/240
f 228/228/228 242/242/242 230/230/230
f 242/242/242 240/240/240 243/243/243
f 244/244/244 242/242/242 243/243/243
f 242/242/242 244/244/244 245/245/245
f 244/244/244 246/246/246 245/245/245
f 240/240/240 241/241/241 247/247/247
f 243/243/243 240/240/240 247/247/247
f 248/248/248 246/246/246 244/244/244
f 249/249/249 248/248/248 244/244/244
f 243/243/243 249/249/249 244/244/244
f 250/250/250 249/249/249 243/243/243
f 247/247/247 250/250/250 243/243/243
f 250/250/250 251/251/251 249/249/249
f 251/251/251 252/252/252 249/249/249
f 249/249/249 252/252/252 248/248/248
f 251/251/251 253/253/253 252/252/252
f 253/253/253 254/254/254 252/252/252
f 252/252/252 255/255/255 248/248/248
f 252/252/252 254/254/254 255/255/255
f 254/254/254 256/256/256 255/255/255
f 242/242/242 245/245/245 230/230/230
f 230/230/230 245/245/245 232/232/232
f 257/257/257 256/256/256 254/254/254
f 258/258/258 256/256/256 257/257/257
f 202/202/202 259/259/259 193/193/193
f 193/193/193 259/259/259 260/260/260
f 259/259/259 261/261/261 260/260/260
f 193/193/193 260/260/260 262/262/262
f 193/193/193 262/262/262 191/191/191
f 262/262/262 263/263/263 191/191/191
f 191/191/191 263/263/263 197/197/197
f 263/263/263 264/264/264 197/197/197
f 262/262/262 265/265/265 263/263/263
f 262/262/262 260/260/260 265/265/265
f 266/266/266 265/265/265 260/260/260
f 265/265/265 267/267/267 263/263/263
f 265/265/265 266/266/266 268/268/268
f 269/269/269 265/265/265 268/268/268
f 267/267/267 265/265/265 269/269/269
f 263/263/263 267/267/267 270/270/270
f 264/264/264 263/263/263 270/270/270
f 261/261/261 271/271/271 260/260/260
f 260/260/260 271/271/271 266/266/266
f 272/272/272 271/271/271 261/261/261
f 271/271/271 272/272/272 273/273/273
f 274/274/274 271/271/271 273/273/273
f 271/271/271 274/274/274 266/266/266
f 274/274/274 273/273/273 275/275/275
f 273/273/273 276/276/276 275/275/275
f 276/276/276 273/273/273 277/277/277
f 273/273/273 272/272/272 277/277/277
f 276/276/276 278/278/278 275/275/275
f 277/277/277 279/279/279 276/276/276
f 278/278/278 276/276/276 279/279/279
f 280/280/280 278/278/278 279/279/279
f 281/281/281 274/274/274 275/275/275
f 281/281/281 268/268/268 266/266/266
f 274/274/274 281/281/281 266/266/266
f 277/277/277 282/282/282 279/279/279
f 283/283/283 280/280/280 279/279/279
f 282/282/282 283/283/283 279/279/279
f 282/282/282 284/284/284 283/283/283
f 285/285/285 283/283/283 284/284/284
f 286/286/286 285/285/285 284/284/284
f 286/286/286 284/284/284 287/287/287
f 288/288/288 286/286/286 287/287/287
f 287/287/287 289/289/289 288/288/288
f 236/236/236 289/289/289 287/287/287
f 287/287/287 290/290/290 236/236/236
f 290/290/290 287/287/287 284/284/284
f 282/282/282 290/290/290 284/284/284
f 290/290/290 282/282/282 261/261/261
f 282/282/282 277/277/277 261/261/261
f 259/259/259 290/290/290 261/261/261
f 218/218/218 290/290/290 259/259/259
f 290/290/290 218/218/218 236/236/236
f 202/202/202 218/218/218 259/259/259
f 202/202/202 204/204/204 218/218/218
f 204/204/204 211/211/211 218/218/218
f 291/291/291 283/283/283 285/285/285
f 292/292/292 291/291/291 285/285/285
f 293/293/293 291/291/291 292/292/292
f 294/294/294 293/293/293 292/292/292
f 294/294/294 295/295/295 293/293/293
f 293/293/293 295/295/295 296/296/296
f 295/295/295 297/297/297 296/296/296
f 293/293/293 296/296/296 298/298/298
f 293/293/293 298/298/298 291/291/291
f 296/296/296 299/299/299 298/298/298
f 299/299/299 296/296/296 300/300/300
f 301/301/301 299/299/299 300/300/300
f 300/300/300 302/302/302 301/301/301
f 302/302/302 303/303/303 301/301/301
f 302/302/302 304/304/304 303/303/303
f 304/304/304 305/305/305 303/303/303
f 304/304/304 306/306/306 305/305/305
f 307/307/307 300/300/300 296/296/296
f 300/300/300 307/307/307 302/302/302
f 297/297/297 307/307/307 296/296/296
f 306/306/306 304/304/304 308/308/308
f 306/306/306 308/308/308 309/309/309
f 309/309/309 310/310/310 306/306/306
f 310/310/310 309/309/309 311/311/311
f 311/311/311 312/312/312 310/310/310
f 312/312/312 221/221/221 310/310/310
f 308/308/308 313/313/313 309/309/309
f 304/304/304 314/314/314 308/308/308
f 309/309/309 313/313/313 315/315/315
f 309/309/309 315/315/315 311/311/311
f 307/307/307 316/316/316 302/302/302
f 316/316/316 314/314/314 304/304/304
f 302/302/302 316/316/316 304/304/304
f 317/317/317 315/315/315 313/313/313
f 318/318/318 317/317/317 313/313/313
f 318/318/318 313/313/313 319/319/319
f 313/313/313 308/308/308 319/319/319
f 320/320/320 318/318/318 319/319/319
f 308/308/308 321/321/321 319/319/319
f 314/314/314 321/321/321 308/308/308
f 322/322/322 319/319/319 321/321/321
f 323/323/323 322/322/322 321/321/321
f 321/321/321 324/324/324 323/323/323
f 314/314/314 324/324/324 321/321/321
f 316/316/316 324/324/324 314/314/314
f 324/324/324 325/325/325 323/323/323
f 326/326/326 320/320/320 319/319/319
f 322/322/322 326/326/326 319/319/319
f 325/325/325 327/327/327 323/323/323
f 327/327/327 328/328/328 323/323/323
f 323/323/323 328/328/328 322/322/322
f 322/322/322 328/328/328 329/329/329
f 326/326/326 322/322/322 329/329/329
f 329/329/329 328/328/328 330/330/330
f 328/328/328 331/331/331 330/330/330
f 331/331/331 328/328/328 327/327/327
f 332/332/332 330/330/330 331/331/331
f 333/333/333 332/332/332 331/331/331
f 334/334/334 331/331/331 327/327/327
f 331/331/331 334/334/334 333/333/333
f 334/334/334 335/335/335 333/333/333
f 333/333/333 335/335/335 336/336/336
f 336/336/336 335/335/335 337/337/337
f 340/340/340 339/339/339 338/338/338
f 341/341/341 340/340/340 338/338/338
f 338/338/338 339/339/339 342/342/342
f 343/343/343 338/338/338 342/342/342
f 344/344/344 338/338/338 343/343/343
f 344/344/344 345/345/345 338/338/338
f 341/341/341 338/338/338 345/345/345
f 346/346/346 345/345/345 344/344/344
f 346/346/346 347/347/347 345/345/345
f 348/348/348 347/347/347 346/346/346
f 349/349/349 348/348/348 346/346/346
f 350/350/350 348/348/348 349/349/349
f 351/351/351 350/350/350 349/349/349
f 350/350/350 351/351/351 352/352/352
f 353/353/353 350/350/350 352/352/352
f 347/347/347 354/354/354 345/345/345
f 354/354/354 341/341/341 345/345/345
f 355/355/355 351/351/351 349/349/349
f 349/349/349 346/346/346 356/356/356
f 355/355/355 349/349/349 356/356/356
f 356/356/356 346/346/346 344/344/344
f 352/352/352 351/351/351 357/357/357
f 357/357/357 351/351/351 355/355/355
f 358/358/358 352/352/352 357/357/357
f 359/359/359 357/357/357 355/355/355
f 359/359/359 355/355/355 356/356/356
f 360/360/360 359/359/359 356/356/356
f 360/360/360 356/356/356 361/361/361
f 356/356/356 344/344/344 361/361/361
f 361/361/361 344/344/344 343/343/343
f 358/358/358 357/357/357 362/362/362
f 357/357/357 359/359/359 362/362/362
f 363/363/363 358/358/358 362/362/362
f 359/359/359 364/364/364 362/362/362
f 359/359/359 360/360/360 364/364/364
f 360/360/360 365/365/365 364/364/364
f 360/360/360 361/361/361 365/365/365
f 361/361/361 366/366/366 365/365/365
f 361/361/361 343/343/343 367/367/367
f 366/366/366 361/361/361 367/367/367
f 367/367/367 343/343/343 368/368/368
f 343/343/343 342/342/342 368/368/368
f 368/368/368 369/369/369 367/367/367
f 369/369/369 370/370/370 367/367/367
f 366/366/366 367/367/367 370/370/370
f 366/366/366 371/371/371 365/365/365
f 371/371/371 366/366/366 370/370/370
f 371/371/371 372/372/372 365/365/365
f 372/372/372 371/371/371 373/373/373
f 373/373/373 371/371/371 370/370/370
f 374/374/374 372/372/372 373/373/373
f 375/375/375 373/373/373 370/370/370
f 376/376/376 375/375/375 370/370/370
f 369/369/369 376/376/376 370/370/370
f 377/377/377 375/375/375 376/376/376
f 378/378/378 377/377/377 376/376/376
f 379/379/379 374/374/374 373/373/373
f 379/379/379 380/380/380 374/374/374
f 380/380/380 381/381/381 374/374/374
f 374/374/374 381/381/381 372/372/372
f 382/382/382 377/377/377 378/378/378
f 383/383/383 382/382/382 378/378/378
f 384/384/384 377/377/377 382/382/382
f 384/384/384 375/375/375 377/377/377
f 384/384/384 379/379/379 373/373/373
f 375/375/375 384/384/384 373/373/373
f 385/385/385 384/384/384 382/382/382
f 382/382/382 386/386/386 385/385/385
f 386/386/386 387/387/387 385/385/385
f 385/385/385 387/387/387 388/388/388
f 384/384/384 385/385/385 388/388/388
f 379/379/379 384/384/384 388/388/388
f 379/379/379 388/388/388 380/380/380
f 387/387/387 389/389/389 388/388/388
f 388/388/388 389/389/389 380/380/380
f 372/372/372 381/381/381 390/390/390
f 391/391/391 372/372/372 390/390/390
f 392/392/392 391/391/391 390/390/390
f 392/392/392 393/393/393 391/391/391
f 393/393/393 364/364/364 391/391/391
f 394/394/394 392/392/392 390/390/390
f 390/390/390 395/395/395 394/394/394
f 395/395/395 396/396/396 394/394/394
f 397/397/397 392/392/392 394/394/394
f 398/398/398 397/397/397 394/394/394
f 398/398/398 394/394/394 396/396/396
f 399/399/399 393/393/393 392/392/392
f 397/397/397 399/399/399 392/392/392
f 400/400/400 399/399/399 397/397/397
f 401/401/401 400/400/400 397/397/397
f 397/397/397 398/398/398 401/401/401
f 402/402/402 400/400/400 401/401/401
f 362/362/362 364/364/364 393/393/393
f 381/381/381 395/395/395 390/390/390
f 364/364/364 365/365/365 391/391/391
f 365/365/365 372/372/372 391/391/391
f 401/401/401 398/398/398 403/403/403
f 404/404/404 362/362/362 393/393/393
f 362/362/362 404/404/404 363/363/363
f 404/404/404 405/405/405 363/363/363
f 406/406/406 340/340/340 341/341/341
f 407/407/407 406/406/406 341/341/341
f 341/341/341 354/354/354 407/407/407
f 354/354/354 408/408/408 407/407/407
f 408/408/408 354/354/354 409/409/409
f 354/354/354 347/347/347 409/409/409
f 409/409/409 347/347/347 410/410/410
f 347/347/347 348/348/348 410/410/410
f 410/410/410 348/348/348 411/411/411
f 348/348/348 350/350/350 411/411/411
f 411/411/411 350/350/350 412/412/412
f 412/412/412 350/350/350 353/353/353
f 413/413/413 412/412/412 353/353/353
f 416/416/416 415/415/415 414/414/414
f 417/417/417 416/416/416 414/414/414
f 414/414/414 415/415/415 418/418/418
f 419/419/419 414/414/414 418/418/418
f 419/419/419 420/420/420 414/414/414
f 420/420/420 421/421/421 414/414/414
f 417/417/417 414/414/414 421/421/421
f 419/419/419 418/418/418 422/422/422
f 423/423/423 419/419/419 422/422/422
f 419/419/419 423/423/423 420/420/420
f 423/423/423 113/113/113 420/420/420
f 424/424/424 416/416/416 417/417/417
f 425/425/425 424/424/424 417/417/417
f 425/425/425 417/417/417 119/119/119
f 119/119/119 417/417/417 421/421/421
f 426/426/426 425/425/425 119/119/119
f 426/426/426 119/119/119 118/118/118
f 133/133/133 426/426/426 118/118/118
f 106/106/106 113/113/113 423/423/423
f 107/107/107 106/106/106 423/423/423
f 107/107/107 423/423/423 422/422/422
f 109/109/109 107/107/107 422/422/422
f 427/427/427 108/108/108 110/110/110
f 428/428/428 427/427/427 110/110/110
f 105/105/105 108/108/108 427/427/427
f 103/103/103 105/105/105 427/427/427
f 427/427/427 428/428/428 429/429/429
f 430/430/430 427/427/427 429/429/429
f 103/103/103 427/427/427 430/430/430
f 431/431/431 103/103/103 430/430/430
f 431/431/431 101/101/101 103/103/103
f 101/101/101 431/431/431 432/432/432
f 432/432/432 100/100/100 101/101/101
f 431/431/431 433/433/433 432/432/432
f 431/431/431 430/430/430 434/434/434
f 433/433/433 431/431/431 434/434/434
f 435/435/435 433/433/433 434/434/434
f 435/435/435 434/434/434 436/436/436
f 434/434/434 437/437/437 436/436/436
f 430/430/430 429/429/429 437/437/437
f 434/434/434 430/430/430 437/437/437
f 435/435/435 436/436/436 438/438/438
f 441/441/441 440/440/440 439/439/439
f 442/442/442 441/441/441 439/439/439
f 442/442/442 439/439/439 443/443/443
f 444/444/444 441/441/441 442/442/442
f 445/445/445 444/444/444 442/442/442
f 442/442/442 443/443/443 445/445/445
f 446/446/446 444/444/444 445/445/445
f 447/447/447 446/446/446 445/445/445
f 446/446/446 447/447/447 448/448/448
f 446/446/446 448/448/448 449/449/449
f 448/448/448 450/450/450 449/449/449
f 450/450/450 451/451/451 449/449/449
f 451/451/451 452/452/452 449/449/449
f 451/451/451 450/450/450 453/453/453
f 448/448/448 454/454/454 450/450/450
f 454/454/454 455/455/455 450/450/450
f 456/456/456 454/454/454 448/448/448
f 447/447/447 456/456/456 448/448/448
f 457/457/457 456/456/456 447/447/447
f 445/445/445 457/457/457 447/447/447
f 443/443/443 457/457/457 445/445/445
f 458/458/458 453/453/453 450/450/450
f 455/455/455 458/458/458 450/450/450
f 459/459/459 453/453/453 458/458/458
f 454/454/454 456/456/456 460/460/460
f 454/454/454 460/460/460 461/461/461
f 461/461/461 460/460/460 462/462/462
f 463/463/463 462/462/462 460/460/460
f 464/464/464 462/462/462 463/463/463
f 465/465/465 464/464/464 463/463/463
f 465/465/465 466/466/466 464/464/464
f 466/466/466 467/467/467 464/464/464
f 467/467/467 466/466/466 468/468/468
f 466/466/466 469/469/469 468/468/468
f 468/468/468 469/469/469 470/470/470
f 465/465/465 471/471/471 466/466/466
f 469/469/469 466/466/466 471/471/471
f 472/472/472 471/471/471 465/465/465
f 463/463/463 472/472/472 465/465/465
f 472/472/472 463/463/463 460/460/460
f 471/471/471 472/472/472 473/473/473
f 474/474/474 471/471/471 473/473/473
f 469/469/469 471/471/471 474/474/474
f 470/470/470 469/469/469 474/474/474
f 475/475/475 473/473/473 472/472/472
f 472/472/472 460/460/460 475/475/475
f 460/460/460 476/476/476 475/475/475
f 456/456/456 476/476/476 460/460/460
f 456/456/456 457/457/457 476/476/476
f 476/476/476 457/457/457 477/477/477
f 476/476/476 477/477/477 475/475/475
f 475/475/475 477/477/477 478/478/478
f 473/473/473 475/475/475 478/478/478
f 479/479/479 478/478/478 477/477/477
f 480/480/480 478/478/478 479/479/479
f 483/483/483 482/482/482 481/481/481
f 484/484/484 483/483/483 481/481/481
f 482/482/482 483/483/483 485/485/485
f 486/486/486 482/482/482 485/485/485
f 487/487/487 484/484/484 481/481/481
f 488/488/488 487/487/487 481/481/481
f 489/489/489 488/488/488 481/481/481
f 488/488/488 489/489/489 490/490/490
f 481/481/481 482/482/482 491/491/491
f 481/481/481 491/491/491 489/489/489
f 482/482/482 492/492/492 491/491/491
f 492/492/492 482/482/482 486/486/486
f 493/493/493 492/492/492 486/486/486
f 493/493/493 486/486/486 494/494/494
f 486/486/486 495/495/495 494/494/494
f 495/495/495 486/486/486 485/485/485
f 490/490/490 489/489/489 496/496/496
f 491/491/491 497/497/497 489/489/489
f 489/489/489 497/497/497 496/496/496
f 493/493/493 494/494/494 498/498/498
f 499/499/499 493/493/493 498/498/498
f 500/500/500 493/493/493 499/499/499
f 500/500/500 492/492/492 493/493/493
f 501/501/501 500/500/500 499/499/499
f 502/502/502 500/500/500 501/501/501
f 502/502/502 491/491/491 492/492/492
f 500/500/500 502/502/502 492/492/492
f 497/497/497 491/491/491 502/502/502
f 503/503/503 502/502/502 501/501/501
f 498/498/498 494/494/494 504/504/504
f 494/494/494 495/495/495 504/504/504
f 504/504/504 495/495/495 505/505/505
f 506/506/506 498/498/498 504/504/504
f 506/506/506 504/504/504 507/507/507
f 508/508/508 506/506/506 507/507/507
f 509/509/509 502/502/502 503/503/503
f 509/509/509 497/497/497 502/502/502
f 510/510/510 509/509/509 503/503/503
f 510/510/510 511/511/511 509/509/509
f 511/511/511 512/512/512 509/509/509
f 509/509/509 512/512/512 497/497/497
f 501/501/501 499/499/499 513/513/513
f 514/514/514 501/501/501 513/513/513
f 503/503/503 501/501/501 514/514/514
f 513/513/513 499/499/499 515/515/515
f 506/506/506 516/516/516 515/515/515
f 516/516/516 506/506/506 508/508/508
f 498/498/498 506/506/506 515/515/515
f 499/499/499 498/498/498 515/515/515
f 504/504/504 505/505/505 517/517/517
f 507/507/507 504/504/504 517/517/517
f 505/505/505 518/518/518 517/517/517
f 519/519/519 518/518/518 505/505/505
f 519/519/519 520/520/520 518/518/518
f 521/521/521 520/520/520 519/519/519
f 519/519/519 505/505/505 521/521/521
f 520/520/520 522/522/522 518/518/518
f 495/495/495 521/521/521 505/505/505
f 523/523/523 521/521/521 495/495/495
f 523/523/523 495/495/495 485/485/485
f 524/524/524 93/93/93 96/96/96
f 93/93/93 524/524/524 95/95/95
f 527/527/527 526/526/526 525/525/525
f 528/528/528 527/527/527 525/525/525
f 529/529/529 525/525/525 526/526/526
f 530/530/530 529/529/529 526/526/526
f 527/527/527 528/528/528 531/531/531
f 528/528/528 532/532/532 531/531/531
f 533/533/533 532/532/532 528/528/528
f 534/534/534 533/533/533 528/528/528
f 530/530/530 535/535/535 529/529/529
f 536/536/536 533/533/533 534/534/534
f 537/537/537 536/536/536 534/534/534
f 538/538/538 536/536/536 537/537/537
f 539/539/539 538/538/538 537/537/537
f 540/540/540 538/538/538 539/539/539
f 541/541/541 540/540/540 539/539/539
f 542/542/542 529/529/529 535/535/535
f 543/543/543 542/542/542 535/535/535
f 544/544/544 538/538/538 540/540/540
f 545/545/545 544/544/544 540/540/540
f 546/546/546 543/543/543 535/535/535
f 546/546/546 535/535/535 547/547/547
f 535/535/535 530/530/530 547/547/547
f 548/548/548 547/547/547 530/530/530
f 549/549/549 548/548/548 530/530/530
f 526/526/526 549/549/549 530/530/530
f 550/550/550 549/549/549 526/526/526
f 548/548/548 549/549/549 550/550/550
f 527/527/527 550/550/550 526/526/526
f 550/550/550 527/527/527 531/531/531
f 551/551/551 550/550/550 531/531/531
f 551/551/551 548/548/548 550/550/550
f 552/552/552 547/547/547 548/548/548
f 552/552/552 548/548/548 551/551/551
f 555/555/555 554/554/554 553/553/553
f 556/556/556 555/555/555 553/553/553
f 557/557/557 555/555/555 556/556/556
f 558/558/558 557/557/557 556/556/556
f 557/557/557 558/558/558 559/559/559
f 558/558/558 560/560/560 559/559/559
f 560/560/560 561/561/561 559/559/559
f 560/560/560 562/562/562 561/561/561
f 565/565/565 564/564/564 563/563/563
f 566/566/566 563/563/563 564/564/564
f 566/566/566 564/564/564 567/567/567
f 568/568/568 567/567/567 564/564/564
f 564/564/564 569/569/569 568/568/568
f 569/569/569 570/570/570 568/568/568
f 570/570/570 569/569/569 571/571/571
f 569/569/569 572/572/572 571/571/571
f 572/572/572 569/569/569 573/573/573
f 569/569/569 574/574/574 573/573/573
f 569/569/569 564/564/564 574/574/574
f 564/564/564 575/575/575 574/574/574
f 576/576/576 574/574/574 575/575/575
f 566/566/566 577/577/577 563/563/563
f 567/567/567 577/577/577 566/566/566
f 580/580/580 579/579/579 578/578/578
f 579/579/579 580/580/580 581/581/581
f 582/582/582 579/579/579 581/581/581
f 581/581/581 583/583/583 582/582/582
f 584/584/584 581/581/581 580/580/580
f 585/585/585 583/583/583 581/581/581
f 584/584/584 585/585/585 581/581/581
f 277/277/277 272/272/272 261/261/261
f 208/208/208 587/587/587 586/586/586
f 187/187/187 208/208/208 586/586/586
f 187/187/187 586/586/586 186/186/186
f 186/186/186 586/586/586 190/190/190
f 586/586/586 587/587/587 588/588/588
f 588/588/588 190/190/190 586/586/586
f 190/190/190 588/588/588 192/192/192
f 588/588/588 194/194/194 192/192/192
f 194/194/194 588/588/588 589/589/589
f 587/587/587 589/589/589 588/588/588
f 201/201/201 194/194/194 589/589/589
f 587/587/587 205/205/205 589/589/589
f 205/205/205 203/203/203 589/589/589
f 201/201/201 589/589/589 203/203/203
f 206/206/206 205/205/205 587/587/587
f 208/208/208 206/206/206 587/587/587
f 208/208/208 187/187/187 209/209/209
f 209/209/209 187/187/187 188/188/188
f 188/188/188 199/199/199 209/209/209
f 592/592/592 591/591/591 590/590/590
f 590/590/590 593/593/593 592/592/592
f 593/593/593 594/594/594 592/592/592
f 593/593/593 595/595/595 594/594/594
f 595/595/595 596/596/596 594/594/594
f 590/590/590 591/591/591 597/597/597
f 596/596/596 595/595/595 598/598/598
f 599/599/599 596/596/596 598/598/598
f 593/593/593 590/590/590 195/195/195
f 590/590/590 196/196/196 195/195/195
f 197/197/197 595/595/595 593/593/593
f 195/195/195 197/197/197 593/593/593
f 196/196/196 590/590/590 600/600/600
f 601/601/601 600/600/600 590/590/590
f 597/597/597 601/601/601 590/590/590
f 602/602/602 601/601/601 597/597/597
f 200/200/200 196/196/196 600/600/600
f 603/603/603 599/599/599 598/598/598
f 604/604/604 603/603/603 598/598/598
f 605/605/605 603/603/603 604/604/604
f 604/604/604 606/606/606 605/605/605
f 602/602/602 607/607/607 606/606/606
f 607/607/607 602/602/602 608/608/608
f 602/602/602 597/597/597 608/608/608
f 607/607/607 609/609/609 606/606/606
f 606/606/606 609/609/609 605/605/605
f 598/598/598 610/610/610 604/604/604
f 598/598/598 611/611/611 610/610/610
f 611/611/611 612/612/612 610/610/610
f 613/613/613 611/611/611 598/598/598
f 613/613/613 614/614/614 611/611/611
f 613/613/613 598/598/598 595/595/595
f 615/615/615 613/613/613 595/595/595
f 614/614/614 613/613/613 615/615/615
f 615/615/615 595/595/595 197/197/197
f 264/264/264 615/615/615 197/197/197
f 267/267/267 614/614/614 615/615/615
f 616/616/616 611/611/611 614/614/614
f 616/616/616 614/614/614 268/268/268
f 614/614/614 269/269/269 268/268/268
f 269/269/269 614/614/614 267/267/267
f 270/270/270 267/267/267 615/615/615
f 270/270/270 615/615/615 264/264/264
f 611/611/611 617/617/617 612/612/612
f 617/617/617 611/611/611 616/616/616
f 612/612/612 617/617/617 618/618/618
f 619/619/619 618/618/618 617/617/617
f 620/620/620 619/619/619 617/617/617
f 620/620/620 617/617/617 616/616/616
f 275/275/275 619/619/619 620/620/620
f 619/619/619 275/275/275 621/621/621
f 622/622/622 619/619/619 621/621/621
f 622/622/622 618/618/618 619/619/619
f 275/275/275 278/278/278 621/621/621
f 621/621/621 623/623/623 622/622/622
f 621/621/621 278/278/278 623/623/623
f 278/278/278 280/280/280 623/623/623
f 281/281/281 275/275/275 620/620/620
f 616/616/616 268/268/268 281/281/281
f 620/620/620 616/616/616 281/281/281
f 623/623/623 624/624/624 622/622/622
f 623/623/623 280/280/280 283/283/283
f 624/624/624 623/623/623 283/283/283
f 283/283/283 291/291/291 624/624/624
f 298/298/298 624/624/624 291/291/291
f 624/624/624 298/298/298 612/612/612
f 622/622/622 624/624/624 612/612/612
f 618/618/618 622/622/622 612/612/612
f 298/298/298 610/610/610 612/612/612
f 610/610/610 298/298/298 299/299/299
f 604/604/604 610/610/610 299/299/299
f 604/604/604 299/299/299 606/606/606
f 606/606/606 299/299/299 625/625/625
f 299/299/299 301/301/301 625/625/625
f 625/625/625 301/301/301 626/626/626
f 606/606/606 625/625/625 626/626/626
f 602/602/602 606/606/606 626/626/626
f 626/626/626 601/601/601 602/602/602
f 601/601/601 626/626/626 627/627/627
f 626/626/626 305/305/305 627/627/627
f 305/305/305 628/628/628 627/627/627
f 628/628/628 305/305/305 629/629/629
f 628/628/628 629/629/629 212/212/212
f 600/600/600 628/628/628 212/212/212
f 627/627/627 628/628/628 600/600/600
f 601/601/601 627/627/627 600/600/600
f 200/200/200 600/600/600 212/212/212
f 629/629/629 220/220/220 212/212/212
f 220/220/220 629/629/629 221/221/221
f 629/629/629 310/310/310 221/221/221
f 306/306/306 310/310/310 629/629/629
f 305/305/305 306/306/306 629/629/629
f 303/303/303 305/305/305 626/626/626
f 303/303/303 626/626/626 301/301/301
f 632/632/632 631/631/631 630/630/630
f 632/632/632 630/630/630 633/633/633
f 634/634/634 632/632/632 633/633/633
f 630/630/630 635/635/635 633/633/633
f 635/635/635 636/636/636 633/633/633
f 635/635/635 637/637/637 636/636/636
f 637/637/637 638/638/638 636/636/636
f 639/639/639 638/638/638 637/637/637
f 639/639/639 637/637/637 640/640/640
f 641/641/641 639/639/639 640/640/640
f 641/641/641 640/640/640 642/642/642
f 640/640/640 643/643/643 642/642/642
f 644/644/644 641/641/641 642/642/642
f 639/639/639 641/641/641 645/645/645
f 641/641/641 646/646/646 645/645/645
f 647/647/647 638/638/638 639/639/639
f 645/645/645 647/647/647 639/639/639
f 648/648/648 636/636/636 638/638/638
f 647/647/647 648/648/648 638/638/638
f 648/648/648 634/634/634 633/633/633
f 636/636/636 648/648/648 633/633/633
f 641/641/641 644/644/644 649/649/649
f 646/646/646 641/641/641 649/649/649
f 649/649/649 644/644/644 650/650/650
f 646/646/646 651/651/651 645/645/645
f 647/647/647 645/645/645 651/651/651
f 652/652/652 651/651/651 646/646/646
f 652/652/652 653/653/653 651/651/651
f 653/653/653 652/652/652 654/654/654
f 655/655/655 653/653/653 654/654/654
f 656/656/656 655/655/655 654/654/654
f 657/657/657 656/656/656 654/654/654
f 658/658/658 656/656/656 657/657/657
f 658/658/658 659/659/659 656/656/656
f 660/660/660 659/659/659 658/658/658
f 655/655/655 656/656/656 661/661/661
f 659/659/659 661/661/661 656/656/656
f 655/655/655 661/661/661 662/662/662
f 653/653/653 655/655/655 662/662/662
f 653/653/653 662/662/662 651/651/651
f 661/661/661 663/663/663 662/662/662
f 663/663/663 661/661/661 664/664/664
f 659/659/659 660/660/660 664/664/664
f 661/661/661 659/659/659 664/664/664
f 665/665/665 662/662/662 663/663/663
f 665/665/665 651/651/651 662/662/662
f 665/665/665 666/666/666 651/651/651
f 666/666/666 647/647/647 651/651/651
f 666/666/666 667/667/667 647/647/647
f 666/666/666 665/665/665 668/668/668
f 668/668/668 667/667/667 666/666/666
f 663/663/663 668/668/668 665/665/665
f 669/669/669 668/668/668 663/663/663
f 670/670/670 668/668/668 669/669/669
f 671/671/671 668/668/668 670/670/670
f 673/673/673 672/672/672 608/608/608
f 591/591/591 673/673/673 608/608/608
f 608/608/608 672/672/672 607/607/607
f 673/673/673 674/674/674 672/672/672
f 674/674/674 673/673/673 594/594/594
f 594/594/594 596/596/596 674/674/674
f 596/596/596 599/599/599 674/674/674
f 675/675/675 674/674/674 599/599/599
f 674/674/674 675/675/675 672/672/672
f 603/603/603 675/675/675 599/599/599
f 592/592/592 594/594/594 673/673/673
f 591/591/591 592/592/592 673/673/673
f 605/605/605 675/675/675 603/603/603
f 675/675/675 605/605/605 609/609/609
f 609/609/609 607/607/607 672/672/672
f 675/675/675 609/609/609 672/672/672
f 597/597/597 591/591/591 608/608/608
f 676/676/676 488/488/488 490/490/490
f 679/679/679 678/678/678 677/677/677
f 680/680/680 679/679/679 677/677/677
f 681/681/681 678/678/678 679/679/679
f 682/682/682 681/681/681 679/679/679
f 681/681/681 682/682/682 683/683/683
f 682/682/682 684/684/684 683/683/683
f 677/677/677 685/685/685 680/680/680
f 685/685/685 686/686/686 680/680/680
f 685/685/685 687/687/687 686/686/686
f 687/687/687 688/688/688 686/686/686
f 689/689/689 688/688/688 687/687/687
f 690/690/690 689/689/689 687/687/687
f 679/679/679 691/691/691 682/682/682
f 691/691/691 692/692/692 682/682/682
f 682/682/682 692/692/692 684/684/684
f 693/693/693 692/692/692 691/691/691
f 694/694/694 693/693/693 691/691/691
f 695/695/695 694/694/694 691/691/691
f 696/696/696 695/695/695 691/691/691
f 695/695/695 696/696/696 697/697/697
f 696/696/696 698/698/698 697/697/697
f 686/686/686 698/698/698 696/696/696
f 686/686/686 688/688/688 698/698/698
f 697/697/697 698/698/698 699/699/699
f 688/688/688 699/699/699 698/698/698
f 689/689/689 699/699/699 688/688/688
f 700/700/700 697/697/697 699/699/699
f 692/692/692 693/693/693 701/701/701
f 693/693/693 702/702/702 701/701/701
f 703/703/703 693/693/693 694/694/694
f 703/703/703 694/694/694 695/695/695
f 704/704/704 703/703/703 695/695/695
f 695/695/695 697/697/697 705/705/705
f 704/704/704 695/695/695 705/705/705
f 697/697/697 700/700/700 706/706/706
f 705/705/705 697/697/697 706/706/706
f 707/707/707 702/702/702 693/693/693
f 703/703/703 707/707/707 693/693/693
f 692/692/692 701/701/701 684/684/684
f 708/708/708 707/707/707 703/703/703
f 709/709/709 708/708/708 703/703/703
f 710/710/710 709/709/709 703/703/703
f 704/704/704 710/710/710 703/703/703
f 704/704/704 705/705/705 711/711/711
f 710/710/710 704/704/704 711/711/711
f 711/711/711 705/705/705 706/706/706
f 712/712/712 711/711/711 706/706/706
f 709/709/709 713/713/713 708/708/708
f 713/713/713 714/714/714 708/708/708
f 715/715/715 713/713/713 709/709/709
f 710/710/710 715/715/715 709/709/709
f 715/715/715 710/710/710 711/711/711
f 716/716/716 715/715/715 711/711/711
f 711/711/711 712/712/712 716/716/716
f 712/712/712 717/717/717 716/716/716
f 714/714/714 713/713/713 718/718/718
f 719/719/719 714/714/714 718/718/718
f 713/713/713 715/715/715 720/720/720
f 718/718/718 713/713/713 720/720/720
f 720/720/720 715/715/715 716/716/716
f 721/721/721 720/720/720 716/716/716
f 716/716/716 717/717/717 722/722/722
f 721/721/721 716/716/716 722/722/722
f 719/719/719 718/718/718 723/723/723
f 724/724/724 719/719/719 723/723/723
f 718/718/718 720/720/720 725/725/725
f 723/723/723 718/718/718 725/725/725
f 725/725/725 720/720/720 721/721/721
f 726/726/726 725/725/725 721/721/721
f 721/721/721 722/722/722 727/727/727
f 726/726/726 721/721/721 727/727/727
f 724/724/724 723/723/723 728/728/728
f 729/729/729 724/724/724 728/728/728
f 723/723/723 725/725/725 730/730/730
f 728/728/728 723/723/723 730/730/730
f 730/730/730 725/725/725 726/726/726
f 731/731/731 730/730/730 726/726/726
f 726/726/726 727/727/727 732/732/732
f 731/731/731 726/726/726 732/732/732
f 732/732/732 727/727/727 733/733/733
f 729/729/729 728/728/728 734/734/734
f 735/735/735 729/729/729 734/734/734
f 728/728/728 730/730/730 736/736/736
f 734/734/734 728/728/728 736/736/736
f 736/736/736 730/730/730 731/731/731
f 737/737/737 736/736/736 731/731/731
f 732/732/732 733/733/733 738/738/738
f 739/739/739 732/732/732 738/738/738
f 731/731/731 732/732/732 739/739/739
f 737/737/737 731/731/731 739/739/739
f 696/696/696 691/691/691 679/679/679
f 680/680/680 696/696/696 679/679/679
f 680/680/680 686/686/686 696/696/696
f 742/742/742 741/741/741 740/740/740
f 743/743/743 742/742/742 740/740/740
f 740/740/740 741/741/741 744/744/744
f 741/741/741 745/745/745 744/744/744
f 744/744/744 745/745/745 746/746/746
f 747/747/747 744/744/744 746/746/746
f 747/747/747 746/746/746 748/748/748
f 749/749/749 747/747/747 748/748/748
f 749/749/749 748/748/748 750/750/750
f 748/748/748 751/751/751 750/750/750
f 743/743/743 740/740/740 752/752/752
f 752/752/752 740/740/740 744/744/744
f 753/753/753 743/743/743 752/752/752
f 754/754/754 752/752/752 744/744/744
f 754/754/754 744/744/744 747/747/747
f 755/755/755 754/754/754 747/747/747
f 755/755/755 747/747/747 749/749/749
f 749/749/749 750/750/750 756/756/756
f 755/755/755 749/749/749 756/756/756
f 753/753/753 752/752/752 757/757/757
f 758/758/758 753/753/753 757/757/757
f 752/752/752 754/754/754 759/759/759
f 757/757/757 752/752/752 759/759/759
f 759/759/759 754/754/754 755/755/755
f 760/760/760 759/759/759 755/755/755
f 760/760/760 755/755/755 756/756/756
f 761/761/761 760/760/760 756/756/756
f 758/758/758 757/757/757 762/762/762
f 763/763/763 758/758/758 762/762/762
f 757/757/757 759/759/759 764/764/764
f 762/762/762 757/757/757 764/764/764
f 764/764/764 759/759/759 760/760/760
f 765/765/765 764/764/764 760/760/760
f 765/765/765 760/760/760 761/761/761
f 766/766/766 765/765/765 761/761/761
f 763/763/763 762/762/762 767/767/767
f 767/767/767 762/762/762 764/764/764
f 768/768/768 763/763/763 767/767/767
f 769/769/769 767/767/767 764/764/764
f 764/764/764 765/765/765 770/770/770
f 769/769/769 764/764/764 770/770/770
f 770/770/770 765/765/765 766/766/766
f 771/771/771 770/770/770 766/766/766
f 768/768/768 767/767/767 772/772/772
f 772/772/772 767/767/767 769/769/769
f 773/773/773 768/768/768 772/772/772
f 774/774/774 772/772/772 769/769/769
f 774/774/774 769/769/769 770/770/770
f 775/775/775 774/774/774 770/770/770
f 775/775/775 770/770/770 771/771/771
f 776/776/776 775/775/775 771/771/771
f 773/773/773 772/772/772 777/777/777
f 777/777/777 772/772/772 774/774/774
f 778/778/778 773/773/773 777/777/777
f 779/779/779 777/777/777 774/774/774
f 774/774/774 775/775/775 780/780/780
f 779/779/779 774/774/774 780/780/780
f 780/780/780 775/775/775 776/776/776
f 781/781/781 780/780/780 776/776/776
f 777/777/777 779/779/779 782/782/782
f 783/783/783 777/777/777 782/782/782
f 778/778/778 777/777/777 783/783/783
f 784/784/784 779/779/779 780/780/780
f 785/785/785 784/784/784 780/780/780
f 781/781/781 785/785/785 780/780/780
f 784/784/784 785/785/785 786/786/786
f 784/784/784 786/786/786 779/779/779
f 785/785/785 787/787/787 786/786/786
f 787/787/787 785/785/785 781/781/781
f 497/497/497 512/512/512 496/496/496
f 790/790/790 789/789/789 788/788/788
f 791/791/791 790/790/790 788/788/788
f 791/791/791 788/788/788 792/792/792
f 788/788/788 793/793/793 792/792/792
f 788/788/788 794/794/794 793/793/793
f 788/788/788 795/795/795 794/794/794
f 795/795/795 788/788/788 789/789/789
f 795/795/795 796/796/796 794/794/794
f 796/796/796 795/795/795 797/797/797
f 796/796/796 797/797/797 798/798/798
f 799/799/799 796/796/796 798/798/798
f 799/799/799 798/798/798 800/800/800
f 801/801/801 799/799/799 800/800/800
f 801/801/801 800/800/800 802/802/802
f 800/800/800 803/803/803 802/802/802
f 795/795/795 804/804/804 797/797/797
f 804/804/804 795/795/795 789/789/789
f 799/799/799 801/801/801 805/805/805
f 799/799/799 805/805/805 806/806/806
f 796/796/796 799/799/799 806/806/806
f 796/796/796 806/806/806 794/794/794
f 801/801/801 802/802/802 807/807/807
f 805/805/805 801/801/801 807/807/807
f 802/802/802 808/808/808 807/807/807
f 809/809/809 805/805/805 807/807/807
f 806/806/806 805/805/805 809/809/809
f 810/810/810 806/806/806 809/809/809
f 806/806/806 810/810/810 811/811/811
f 794/794/794 806/806/806 811/811/811
f 794/794/794 811/811/811 793/793/793
f 812/812/812 807/807/807 808/808/808
f 809/809/809 807/807/807 812/812/812
f 813/813/813 812/812/812 808/808/808
f 814/814/814 809/809/809 812/812/812
f 810/810/810 809/809/809 814/814/814
f 815/815/815 810/810/810 814/814/814
f 811/811/811 810/810/810 815/815/815
f 816/816/816 811/811/811 815/815/815
f 817/817/817 793/793/793 811/811/811
f 816/816/816 817/817/817 811/811/811
f 817/817/817 818/818/818 793/793/793
f 818/818/818 792/792/792 793/793/793
f 819/819/819 818/818/818 817/817/817
f 820/820/820 819/819/819 817/817/817
f 820/820/820 817/817/817 816/816/816
f 821/821/821 816/816/816 815/815/815
f 821/821/821 820/820/820 816/816/816
f 822/822/822 821/821/821 815/815/815
f 821/821/821 822/822/822 823/823/823
f 820/820/820 821/821/821 823/823/823
f 822/822/822 824/824/824 823/823/823
f 825/825/825 820/820/820 823/823/823
f 826/826/826 819/819/819 820/820/820
f 825/825/825 826/826/826 820/820/820
f 825/825/825 827/827/827 826/826/826
f 827/827/827 828/828/828 826/826/826
f 823/823/823 824/824/824 829/829/829
f 830/830/830 829/829/829 824/824/824
f 831/831/831 830/830/830 824/824/824
f 822/822/822 831/831/831 824/824/824
f 827/827/827 832/832/832 828/828/828
f 832/832/832 833/833/833 828/828/828
f 832/832/832 827/827/827 834/834/834
f 827/827/827 825/825/825 834/834/834
f 834/834/834 825/825/825 823/823/823
f 829/829/829 834/834/834 823/823/823
f 835/835/835 832/832/832 834/834/834
f 836/836/836 832/832/832 835/835/835
f 837/837/837 836/836/836 835/835/835
f 837/837/837 835/835/835 838/838/838
f 838/838/838 835/835/835 834/834/834
f 829/829/829 838/838/838 834/834/834
f 829/829/829 830/830/830 838/838/838
f 839/839/839 837/837/837 838/838/838
f 830/830/830 839/839/839 838/838/838
f 831/831/831 822/822/822 840/840/840
f 822/822/822 841/841/841 840/840/840
f 840/840/840 841/841/841 842/842/842
f 843/843/843 842/842/842 841/841/841
f 814/814/814 843/843/843 841/841/841
f 840/840/840 842/842/842 844/844/844
f 845/845/845 840/840/840 844/844/844
f 846/846/846 845/845/845 844/844/844
f 844/844/844 842/842/842 847/847/847
f 848/848/848 844/844/844 847/847/847
f 846/846/846 844/844/844 848/848/848
f 842/842/842 843/843/843 849/849/849
f 847/847/847 842/842/842 849/849/849
f 849/849/849 850/850/850 847/847/847
f 850/850/850 851/851/851 847/847/847
f 851/851/851 848/848/848 847/847/847
f 851/851/851 850/850/850 852/852/852
f 843/843/843 814/814/814 812/812/812
f 840/840/840 845/845/845 831/831/831
f 815/815/815 814/814/814 841/841/841
f 853/853/853 848/848/848 851/851/851
f 843/843/843 812/812/812 854/854/854
f 854/854/854 812/812/812 813/813/813
f 855/855/855 854/854/854 813/813/813
f 822/822/822 815/815/815 841/841/841
f 789/789/789 790/790/790 856/856/856
f 857/857/857 789/789/789 856/856/856
f 804/804/804 789/789/789 857/857/857
f 858/858/858 804/804/804 857/857/857
f 804/804/804 858/858/858 859/859/859
f 797/797/797 804/804/804 859/859/859
f 797/797/797 859/859/859 860/860/860
f 798/798/798 797/797/797 860/860/860
f 798/798/798 860/860/860 861/861/861
f 800/800/800 798/798/798 861/861/861
f 862/862/862 800/800/800 861/861/861
f 803/803/803 800/800/800 862/862/862
f 863/863/863 803/803/803 862/862/862
f 866/866/866 865/865/865 864/864/864
f 865/865/865 866/866/866 867/867/867
f 866/866/866 868/868/868 867/867/867
f 865/865/865 867/867/867 869/869/869
f 867/867/867 870/870/870 869/869/869
f 871/871/871 869/869/869 870/870/870
f 871/871/871 872/872/872 869/869/869
f 872/872/872 873/873/873 869/869/869
f 873/873/873 874/874/874 869/869/869
f 865/865/865 869/869/869 874/874/874
f 875/875/875 865/865/865 874/874/874
f 875/875/875 874/874/874 876/876/876
f 877/877/877 864/864/864 865/865/865
f 864/864/864 878/878/878 866/866/866
f 866/866/866 878/878/878 868/868/868
f 881/881/881 880/880/880 879/879/879
f 879/879/879 880/880/880 882/882/882
f 880/880/880 883/883/883 882/882/882
f 883/883/883 884/884/884 882/882/882
f 879/879/879 882/882/882 885/885/885
f 882/882/882 884/884/884 886/886/886
f 882/882/882 886/886/886 885/885/885
f 289/289/289 236/236/236 237/237/237
f 227/227/227 233/233/233 215/215/215
f 215/215/215 233/233/233 217/217/217
f 233/233/233 235/235/235 217/217/217
f 217/217/217 235/235/235 218/218/218
