# Blender 4.3.2
# www.blender.org
o model
v -0.618989 0.618020 -0.676967
v -0.617806 0.600191 -0.677477
v -0.682041 0.605181 -0.677416
v -0.682538 0.619347 -0.673256
v -0.552887 0.613067 -0.676704
v -0.552658 0.595467 -0.677464
v -0.050879 0.345754 0.677984
v -0.058515 0.325098 0.665886
v 0.001511 0.345092 0.664929
v -0.009983 0.355785 0.677636
v -0.066377 0.366737 0.677951
v -0.087630 0.361449 0.661024
v -0.032927 0.375348 0.677892
v 0.001511 0.361860 0.669905
v -0.006313 0.378119 0.675747
v -0.073083 0.311336 0.647156
v -0.108223 0.359271 0.647204
v 0.001511 0.309806 0.647078
v -0.066247 0.247354 0.646993
v 0.001511 0.256896 0.647000
v -0.147625 0.351764 0.647024
v -0.135622 0.297012 0.646983
v -0.069102 0.517289 0.678086
v -0.066606 0.498313 0.677986
v -0.037476 0.498301 0.677958
v -0.045874 0.520007 0.677861
v -0.059768 0.536256 0.665732
v -0.085064 0.522586 0.663560
v -0.086657 0.498987 0.661234
v -0.022928 0.441738 -0.661910
v -0.035795 0.468978 -0.677444
v 0.001511 0.465860 -0.677487
v 0.001511 0.440706 -0.664682
v 0.001511 0.418837 -0.677530
v -0.035500 0.418257 -0.677396
v -0.092419 0.438227 0.646771
v -0.142745 0.443211 0.643677
v -0.122827 0.400982 0.647056
v -0.084841 0.405055 0.648167
v -0.094860 0.470886 0.647037
v -0.134841 0.479344 0.646974
v -0.073328 0.403113 0.677814
v -0.079107 0.431349 0.674072
v -0.176588 0.426389 0.647003
v -0.210522 0.431296 0.646853
v -0.207701 0.390483 0.646994
v -0.160728 0.393387 0.647014
v -0.201517 0.457628 0.646977
v -0.072730 0.541038 0.647163
v 0.001511 0.533897 0.663421
v 0.001511 0.541002 0.646972
v 0.001511 0.560068 0.646912
v -0.068453 0.563377 0.647015
v -0.097523 0.521837 0.647253
v -0.132096 0.551243 0.647001
v -0.132738 0.530467 0.647031
v -0.132388 0.570360 0.646985
v -0.882508 0.009690 0.640136
v -0.873495 0.007061 0.642414
v -0.875030 0.020132 0.647133
v -0.887405 0.019412 0.642994
v -0.884037 0.008186 0.629170
v -0.873336 0.002308 0.628891
v -0.888674 0.020888 0.629259
v -0.067958 0.611095 -0.676442
v -0.121987 0.606528 -0.677402
v -0.120956 0.616418 -0.677376
v -0.065128 0.615760 -0.668972
v -0.060799 0.585899 -0.677469
v -0.117713 0.585315 -0.677400
v -0.192357 0.616274 -0.677534
v -0.176649 0.590647 -0.677460
v -0.221115 0.595003 -0.677493
v -0.204790 0.615961 -0.674770
v 0.001511 0.607372 -0.677459
v 0.001511 0.585324 -0.677509
v 0.001511 0.617240 -0.668492
v -0.201367 0.616334 -0.656432
v -0.128553 0.616318 -0.654990
v -0.065139 0.616580 -0.653339
v -0.282814 0.612688 -0.677534
v -0.279062 0.616297 -0.660875
v -0.285993 0.597342 -0.677534
v -0.873966 0.439982 0.646299
v -0.873941 0.474146 0.646641
v -0.891306 0.473656 0.641712
v -0.889992 0.435943 0.647085
v -0.853591 0.437368 0.646447
v -0.854141 0.475162 0.646852
v -0.873749 0.377571 0.647063
v -0.853560 0.377326 0.647012
v -0.503992 0.446126 -0.673269
v -0.550485 0.447667 -0.672331
v -0.550243 0.478463 -0.677537
v -0.495365 0.477424 -0.677540
v -0.441224 0.486400 -0.677548
v -0.446462 0.455614 -0.677322
v -0.891597 0.474116 0.623947
v -0.889811 0.436230 0.624732
v -0.750873 0.621403 0.644337
v -0.746349 0.606333 0.645775
v -0.691965 0.607115 0.646970
v -0.691071 0.620555 0.647020
v -0.783848 0.620235 0.646788
v -0.783764 0.606463 0.646858
v -0.746759 0.623501 0.630176
v -0.783918 0.624828 0.632594
v -0.690222 0.624186 0.633629
v -0.878483 0.004973 -0.674429
v -0.880543 0.016347 -0.677067
v -0.864828 0.018633 -0.677245
v -0.864380 0.005135 -0.675246
v -0.864172 0.000879 -0.663671
v -0.881763 0.001994 -0.665036
v -0.888154 0.015094 -0.667374
v -0.892291 0.625963 0.647089
v -0.888050 0.625861 0.624708
v -0.892215 0.617134 0.625548
v -0.892215 0.616434 0.642843
v -0.876016 0.617058 0.646832
v -0.874210 0.625658 0.640329
v -0.889730 0.437554 0.484916
v -0.889674 0.390015 0.472161
v -0.889643 0.381873 0.521254
v -0.888329 0.441180 0.518599
v -0.891632 0.477981 0.515922
v -0.891646 0.469300 0.466643
v -0.889595 0.437848 0.453706
v -0.887040 0.441882 0.411316
v -0.889696 0.384813 0.416038
v -0.891719 0.471729 0.408181
v -0.619069 0.618948 -0.659805
v -0.553088 0.617948 -0.662756
v -0.683265 0.619343 -0.657465
v -0.863814 0.440718 -0.663954
v -0.875305 0.441957 -0.663698
v -0.870197 0.446050 -0.676412
v -0.849100 0.442807 -0.674738
v -0.869544 0.440594 -0.653234
v -0.884528 0.442801 -0.652961
v -0.864960 0.437286 -0.668471
v -0.889672 0.424228 -0.670202
v -0.878581 0.435109 -0.670206
v -0.876443 0.407813 -0.677479
v -0.889611 0.402723 -0.671550
v -0.889653 0.425584 -0.654219
v -0.880629 0.436425 -0.654104
v -0.889634 0.399767 -0.652686
v -0.886022 0.624579 0.477377
v -0.871849 0.624507 0.473567
v -0.873030 0.624060 0.433423
v -0.892110 0.619325 0.447765
v -0.892156 0.617688 0.514221
v -0.885642 0.624899 0.517450
v -0.891990 0.603890 0.447700
v -0.892069 0.602364 0.511260
v -0.879476 0.442524 -0.632457
v -0.892164 0.464201 -0.632190
v -0.891914 0.468577 -0.668839
v -0.887123 0.442981 -0.667824
v -0.881991 0.448164 -0.676782
v -0.883272 0.475490 -0.677370
v -0.819496 0.444474 -0.676108
v -0.816593 0.409090 -0.677500
v -0.840892 0.408723 -0.677479
v -0.866087 0.477243 -0.677432
v -0.846079 0.478860 -0.677483
v -0.821505 0.480739 -0.677501
v -0.884705 0.619727 -0.675238
v -0.886721 0.620604 -0.664351
v -0.869541 0.620686 -0.663603
v -0.869619 0.620453 -0.675111
v -0.886617 0.606683 -0.677390
v -0.892649 0.607562 -0.665663
v -0.869344 0.607325 -0.677397
v -0.891017 0.620241 0.355495
v -0.872007 0.623437 0.357907
v -0.869888 0.623221 0.288006
v -0.885617 0.623224 0.285244
v -0.891978 0.615183 0.283482
v -0.891856 0.615054 0.324679
v -0.891883 0.600358 0.330189
v -0.891469 0.602044 0.376317
v -0.891896 0.583513 0.331954
v -0.891798 0.584860 0.386191
v -0.891921 0.586703 0.451362
v -0.891847 0.568020 0.391763
v -0.891888 0.570286 0.455143
v -0.891916 0.571026 0.512419
v -0.891991 0.586797 0.511842
v -0.891926 0.571528 0.553882
v -0.891999 0.587148 0.554199
v -0.892039 0.602244 0.554605
v -0.892002 0.587777 0.584409
v -0.892094 0.602919 0.584001
v -0.892191 0.617470 0.583424
v -0.891835 0.616848 0.554922
v -0.885443 0.625468 0.582887
v -0.884634 0.624712 0.555123
v -0.870699 0.625313 0.582720
v -0.869722 0.625007 0.555107
v -0.870086 0.624833 0.519074
v -0.854432 0.624963 0.555093
v -0.854595 0.624757 0.520654
v -0.855967 0.624459 0.475574
v -0.856666 0.624082 0.427286
v -0.838760 0.624670 0.522047
v -0.839171 0.624387 0.477481
v -0.839788 0.624030 0.425575
v -0.838876 0.623581 0.357148
v -0.855657 0.623633 0.358196
v -0.820025 0.624283 0.479563
v -0.820374 0.623945 0.424836
v -0.819781 0.623487 0.357249
v -0.819382 0.623068 0.288698
v -0.837781 0.623149 0.289170
v -0.789787 0.623750 0.424377
v -0.788720 0.623314 0.357168
v -0.788330 0.622912 0.289057
v -0.789167 0.622557 0.221529
v -0.820006 0.622706 0.222062
v -0.745290 0.623061 0.357404
v -0.745521 0.622678 0.289338
v -0.746148 0.622324 0.221213
v -0.747463 0.621988 0.152424
v -0.790896 0.622223 0.152555
v -0.684705 0.622263 0.289640
v -0.684975 0.621934 0.221148
v -0.684596 0.621522 0.152353
v -0.684012 0.621047 0.083463
v -0.747705 0.621575 0.083569
v -0.616822 0.621308 0.221261
v -0.616686 0.620898 0.152351
v -0.616751 0.620439 0.083363
v -0.617296 0.620087 0.014316
v -0.684208 0.620685 0.014563
v -0.548308 0.620300 0.152378
v -0.548606 0.619868 0.083254
v -0.549128 0.619546 0.014070
v -0.549870 0.619325 -0.055200
v -0.618385 0.619887 -0.054837
v -0.480050 0.619380 0.083140
v -0.480533 0.619058 0.013833
v -0.481132 0.618822 -0.055547
v -0.481814 0.618577 -0.125029
v -0.550746 0.619115 -0.124614
v -0.411759 0.618572 0.013577
v -0.412280 0.618318 -0.055894
v -0.412860 0.618067 -0.125425
v -0.413493 0.617870 -0.195040
v -0.482530 0.618380 -0.194619
v -0.343340 0.617806 -0.056233
v -0.343835 0.617588 -0.125811
v -0.344378 0.617402 -0.195445
v -0.344988 0.617217 -0.265142
v -0.414184 0.617727 -0.264734
v -0.274743 0.617312 -0.126221
v -0.275152 0.617143 -0.195862
v -0.275589 0.616902 -0.265546
v -0.276073 0.616744 -0.335280
v -0.345713 0.617044 -0.334892
v -0.205878 0.617255 -0.196300
v -0.206100 0.617059 -0.265956
v -0.206265 0.616880 -0.335624
v -0.206320 0.616707 -0.405132
v -0.276641 0.616597 -0.404894
v -0.136690 0.617437 -0.266404
v -0.136625 0.617252 -0.335968
v -0.136337 0.617061 -0.405317
v -0.135734 0.616888 -0.472393
v -0.206171 0.616575 -0.472392
v -0.067368 0.617702 -0.336374
v -0.067086 0.617522 -0.405705
v -0.066514 0.617328 -0.472849
v -0.065865 0.617157 -0.528743
v -0.134820 0.616770 -0.528631
v 0.001511 0.617916 -0.406180
v 0.001511 0.617805 -0.473823
v 0.001511 0.617562 -0.529058
v 0.001511 0.617379 -0.569474
v -0.065531 0.617049 -0.569303
v 0.001511 0.617287 -0.601038
v 0.001511 0.617229 -0.622811
v -0.065584 0.616893 -0.622608
v -0.065562 0.616965 -0.600029
v -0.131832 0.616581 -0.621870
v -0.132390 0.616647 -0.601108
v -0.133585 0.616702 -0.570177
v -0.204416 0.616441 -0.602531
v -0.205130 0.616465 -0.570392
v -0.205757 0.616499 -0.529234
v -0.278808 0.616368 -0.571579
v -0.278056 0.616413 -0.530251
v -0.277320 0.616510 -0.472593
v -0.349404 0.616753 -0.530762
v -0.347882 0.616814 -0.472489
v -0.346640 0.616911 -0.404509
v -0.417174 0.617378 -0.471893
v -0.415935 0.617468 -0.404050
v -0.414972 0.617585 -0.334485
v -0.484625 0.618028 -0.403761
v -0.483926 0.618108 -0.334096
v -0.483237 0.618218 -0.264313
v -0.552856 0.618686 -0.333665
v -0.552348 0.618785 -0.263843
v -0.551616 0.618935 -0.194170
v -0.621825 0.619381 -0.263294
v -0.620988 0.619529 -0.193690
v -0.619737 0.619703 -0.124172
v -0.690579 0.620163 -0.193197
v -0.688231 0.620323 -0.123708
v -0.685652 0.620485 -0.054432
v -0.744040 0.620815 -0.123294
v -0.744605 0.621018 -0.054056
v -0.746234 0.621224 0.014768
v -0.789959 0.621388 -0.053697
v -0.793414 0.621566 0.014902
v -0.793900 0.621877 0.083632
v -0.826947 0.621791 0.014871
v -0.823419 0.622038 0.083730
v -0.821555 0.622372 0.152679
v -0.841361 0.622115 0.083666
v -0.839634 0.622446 0.152806
v -0.838545 0.622785 0.222643
v -0.855246 0.622489 0.152909
v -0.854302 0.622838 0.222874
v -0.854141 0.623205 0.289194
v -0.869690 0.622860 0.223397
v -0.870677 0.622516 0.153365
v -0.885488 0.622510 0.153903
v -0.884600 0.622806 0.222551
v -0.892018 0.613390 0.152641
v -0.891642 0.613542 0.221699
v -0.891985 0.597791 0.152192
v -0.891831 0.597715 0.220816
v -0.891955 0.598680 0.282896
v -0.891865 0.582103 0.219871
v -0.891915 0.582500 0.282270
v -0.891867 0.566343 0.218986
v -0.891877 0.566318 0.281824
v -0.891863 0.566565 0.334874
v -0.891839 0.547128 0.281382
v -0.891821 0.547484 0.337835
v -0.891820 0.549318 0.395923
v -0.891782 0.524233 0.340553
v -0.891781 0.526038 0.400601
v -0.891783 0.528936 0.462811
v -0.891838 0.552173 0.459053
v -0.891776 0.531588 0.513758
v -0.891848 0.554160 0.513130
v -0.891772 0.532466 0.552896
v -0.891851 0.554469 0.553526
v -0.891734 0.531624 0.581414
v -0.891829 0.553574 0.582482
v -0.891919 0.571996 0.583286
v -0.891769 0.552631 0.604255
v -0.891904 0.572204 0.605268
v -0.892005 0.588188 0.605487
v -0.891848 0.571738 0.624477
v -0.891992 0.588138 0.625256
v -0.892101 0.603070 0.625761
v -0.892105 0.603142 0.606066
v -0.892195 0.617582 0.606087
v -0.886500 0.625636 0.606080
v -0.873341 0.625661 0.623623
v -0.872089 0.625510 0.605963
v -0.857119 0.625409 0.622161
v -0.856510 0.625338 0.605396
v -0.855366 0.625179 0.582425
v -0.838660 0.625163 0.603863
v -0.838199 0.625033 0.582409
v -0.838371 0.624876 0.555693
v -0.818549 0.624890 0.582761
v -0.819184 0.624751 0.556678
v -0.819733 0.624558 0.523735
v -0.786646 0.624526 0.557988
v -0.787378 0.624348 0.526099
v -0.788527 0.624089 0.482302
v -0.744617 0.624066 0.528785
v -0.745254 0.623822 0.485120
v -0.745282 0.623469 0.424401
v -0.685407 0.623405 0.487113
v -0.684485 0.623065 0.425131
v -0.684405 0.622643 0.357900
v -0.617351 0.622465 0.426458
v -0.617040 0.622034 0.358567
v -0.616967 0.621655 0.290011
v -0.548329 0.621395 0.359324
v -0.548178 0.621038 0.290430
v -0.548188 0.620690 0.221438
v -0.479359 0.620487 0.290823
v -0.479458 0.620167 0.221627
v -0.479691 0.619786 0.152396
v -0.410625 0.619629 0.221770
v -0.410925 0.619255 0.152376
v -0.411305 0.618885 0.082991
v -0.342069 0.618714 0.152312
v -0.342459 0.618367 0.082806
v -0.342883 0.618069 0.013303
v -0.273580 0.617854 0.082571
v -0.273965 0.617705 0.012986
v -0.274350 0.617497 -0.056610
v -0.205053 0.617780 0.012607
v -0.205353 0.617606 -0.057032
v -0.205627 0.617423 -0.126661
v -0.136384 0.617946 -0.057519
v -0.136536 0.617749 -0.127144
v -0.136645 0.617617 -0.196771
v -0.067497 0.618266 -0.127674
v -0.067525 0.618094 -0.197267
v -0.067476 0.617889 -0.266931
v 0.001511 0.618502 -0.197919
v 0.001511 0.618350 -0.267282
v 0.001511 0.618078 -0.337193
v 0.001511 0.617201 -0.638273
v 0.001511 0.617189 -0.653913
v -0.065358 0.616792 -0.638142
v -0.130465 0.616492 -0.638701
v -0.201105 0.616390 -0.640128
v -0.202174 0.616421 -0.623299
v -0.278092 0.616323 -0.642634
v -0.277599 0.616344 -0.625303
v -0.279364 0.616358 -0.603886
v -0.353844 0.616655 -0.625794
v -0.352642 0.616687 -0.605880
v -0.351013 0.616721 -0.572784
v -0.421926 0.617253 -0.606186
v -0.420387 0.617281 -0.574258
v -0.418672 0.617315 -0.530788
v -0.486537 0.617868 -0.573023
v -0.486056 0.617892 -0.529839
v -0.485352 0.617965 -0.471145
v -0.553411 0.618516 -0.528239
v -0.553327 0.618562 -0.470871
v -0.553160 0.618622 -0.403669
v -0.621416 0.619099 -0.470220
v -0.621902 0.619186 -0.403035
v -0.622104 0.619276 -0.333024
v -0.690346 0.619777 -0.401601
v -0.690740 0.619908 -0.332182
v -0.691342 0.620017 -0.262686
v -0.748981 0.620418 -0.331365
v -0.746614 0.620508 -0.262208
v -0.744672 0.620635 -0.192827
v -0.785972 0.620817 -0.261848
v -0.783919 0.620943 -0.192627
v -0.785981 0.621153 -0.122927
v -0.815671 0.621174 -0.192543
v -0.819996 0.621406 -0.122539
v -0.825606 0.621670 -0.053450
v -0.842333 0.621559 -0.122169
v -0.844853 0.621812 -0.053486
v -0.844023 0.621876 0.014830
v -0.860354 0.621839 -0.053584
v -0.858722 0.621915 0.014757
v -0.856551 0.622179 0.083555
v -0.873372 0.621940 0.014670
v -0.871637 0.622222 0.083444
v -0.886911 0.622032 0.014605
v -0.886078 0.622261 0.083319
v -0.891981 0.612314 0.014505
v -0.892021 0.613140 0.083197
v -0.891957 0.597369 0.014405
v -0.891997 0.597879 0.083061
v -0.891975 0.582941 0.014342
v -0.891975 0.582976 0.082906
v -0.891954 0.582442 0.151770
v -0.891957 0.567890 0.082752
v -0.891927 0.566828 0.151309
v -0.891946 0.551144 0.082609
v -0.891904 0.550312 0.150875
v -0.891853 0.548569 0.218148
v -0.891908 0.526365 0.150375
v -0.891848 0.524085 0.217367
v -0.891816 0.523209 0.281303
v -0.891876 0.497314 0.216813
v -0.891813 0.497280 0.281530
v -0.891746 0.498493 0.343018
v -0.891830 0.469314 0.281688
v -0.891667 0.471580 0.345418
v -0.891748 0.500349 0.405508
v -0.891728 0.503494 0.467056
v -0.891713 0.506586 0.513322
v -0.891630 0.478928 0.551878
v -0.891704 0.507464 0.551982
v -0.891649 0.477742 0.581728
v -0.891669 0.506363 0.580770
v -0.891631 0.475815 0.604367
v -0.891538 0.504732 0.602518
v -0.891643 0.530563 0.602748
v -0.891301 0.503198 0.622493
v -0.891325 0.529321 0.622236
v -0.891664 0.551998 0.623339
v -0.890723 0.528261 0.640285
v -0.891180 0.551440 0.641091
v -0.891739 0.571394 0.641762
v -0.875344 0.552147 0.646597
v -0.877049 0.571947 0.646926
v -0.877766 0.589174 0.646946
v -0.891936 0.588333 0.642326
v -0.877635 0.603662 0.646939
v -0.892103 0.603041 0.642611
v -0.858543 0.590270 0.646926
v -0.858651 0.604593 0.646818
v -0.858153 0.618037 0.645772
v -0.839591 0.605394 0.646827
v -0.839682 0.619032 0.646913
v -0.839469 0.625236 0.636484
v -0.857482 0.625016 0.637623
v -0.839066 0.625232 0.620698
v -0.818185 0.624790 0.634716
v -0.818842 0.625008 0.618780
v -0.818817 0.624966 0.601964
v -0.784117 0.624770 0.616303
v -0.784662 0.624703 0.600221
v -0.785826 0.624644 0.582845
v -0.744575 0.624225 0.600268
v -0.744277 0.624283 0.582976
v -0.744256 0.624219 0.560016
v -0.688241 0.623947 0.586486
v -0.687482 0.623835 0.564094
v -0.686639 0.623683 0.532772
v -0.619857 0.623222 0.565463
v -0.619009 0.623037 0.533122
v -0.618089 0.622798 0.488692
v -0.549621 0.622340 0.533116
v -0.549192 0.622140 0.489641
v -0.548684 0.621815 0.427729
v -0.479855 0.621397 0.490003
v -0.479577 0.621144 0.428745
v -0.479389 0.620806 0.360001
v -0.410236 0.620549 0.429530
v -0.410285 0.620259 0.360592
v -0.410418 0.619959 0.291174
v -0.341168 0.619687 0.361128
v -0.341430 0.619389 0.291445
v -0.341728 0.619051 0.221843
v -0.272469 0.618875 0.291583
v -0.272833 0.618573 0.221824
v -0.273199 0.618290 0.152170
v -0.204009 0.618498 0.221681
v -0.204375 0.618235 0.151931
v -0.204724 0.617963 0.082253
v -0.135639 0.618559 0.151565
v -0.135926 0.618340 0.081836
v -0.136185 0.618163 0.012146
v -0.067196 0.618840 0.081262
v -0.067370 0.618647 0.011569
v -0.067452 0.618450 -0.058093
v 0.001511 0.619068 0.010993
v 0.001511 0.618862 -0.058465
v 0.001511 0.618700 -0.128255
v 0.001511 0.564739 -0.677528
v 0.001511 0.543060 -0.677533
v -0.049308 0.543824 -0.677530
v -0.056469 0.565241 -0.677513
v -0.110641 0.547354 -0.677522
v -0.114468 0.567178 -0.677489
v -0.172443 0.553388 -0.677523
v -0.172383 0.572082 -0.677502
v -0.227369 0.559847 -0.677532
v -0.224815 0.577189 -0.677520
v -0.292211 0.562689 -0.677535
v -0.289279 0.579712 -0.677535
v -0.365783 0.562240 -0.677529
v -0.363462 0.579321 -0.677520
v -0.361102 0.596851 -0.677477
v -0.431170 0.576930 -0.677520
v -0.429256 0.595274 -0.677499
v -0.427584 0.611920 -0.677466
v -0.359052 0.612913 -0.677484
v -0.426109 0.617181 -0.663532
v -0.356890 0.616466 -0.662465
v -0.424649 0.617206 -0.644527
v -0.355445 0.616617 -0.643767
v -0.423261 0.617231 -0.626133
v -0.487736 0.617788 -0.645311
v -0.487248 0.617809 -0.626983
v -0.486860 0.617821 -0.606446
v -0.553379 0.618367 -0.625582
v -0.553444 0.618438 -0.603511
v -0.553431 0.618482 -0.570886
v -0.620105 0.618980 -0.600892
v -0.620469 0.619000 -0.568657
v -0.620888 0.619036 -0.526964
v -0.686967 0.619489 -0.569079
v -0.688264 0.619557 -0.526471
v -0.689539 0.619649 -0.468850
v -0.750577 0.620076 -0.525093
v -0.750724 0.620156 -0.467374
v -0.750255 0.620281 -0.400101
v -0.795427 0.620490 -0.465509
v -0.793127 0.620593 -0.398828
v -0.790287 0.620724 -0.330740
v -0.826313 0.620824 -0.397841
v -0.821637 0.620941 -0.330229
v -0.816733 0.621037 -0.261586
v -0.841948 0.621076 -0.329840
v -0.838594 0.621170 -0.261500
v -0.838966 0.621336 -0.192408
v -0.857522 0.621237 -0.261333
v -0.857319 0.621447 -0.192206
v -0.859555 0.621659 -0.121897
v -0.874921 0.621497 -0.191853
v -0.875858 0.621726 -0.121742
v -0.875288 0.621883 -0.053753
v -0.887565 0.620900 -0.121982
v -0.886556 0.621953 -0.054067
v -0.891687 0.606816 -0.121522
v -0.892099 0.610127 -0.053859
v -0.891942 0.591937 -0.121456
v -0.892061 0.595101 -0.053727
v -0.892042 0.577194 -0.121421
v -0.892035 0.580991 -0.053634
v -0.892080 0.562226 -0.121423
v -0.892034 0.566531 -0.053586
v -0.891985 0.568056 0.014316
v -0.892042 0.549859 -0.053610
v -0.891992 0.551684 0.014307
v -0.892077 0.527193 -0.053698
v -0.892024 0.529272 0.014224
v -0.891959 0.528453 0.082329
v -0.892099 0.503382 0.014015
v -0.892021 0.502573 0.082010
v -0.891954 0.500000 0.149928
v -0.892121 0.472312 0.081699
v -0.892014 0.469628 0.149514
v -0.891898 0.468143 0.216370
v -0.889678 0.430189 0.149217
v -0.889666 0.429670 0.216364
v -0.889621 0.433818 0.282883
v -0.889740 0.380487 0.217110
v -0.889735 0.381764 0.285194
v -0.889720 0.382815 0.351748
v -0.889339 0.438543 0.348274
v -0.889742 0.322909 0.285686
v -0.889711 0.320925 0.353573
v -0.889650 0.318712 0.419547
v -0.889712 0.253199 0.354170
v -0.889662 0.251637 0.421651
v -0.889601 0.250103 0.485010
v -0.889606 0.316920 0.479347
v -0.889551 0.249366 0.526647
v -0.889569 0.315735 0.524269
v -0.889516 0.249048 0.559208
v -0.889548 0.315039 0.558224
v -0.889633 0.378685 0.556511
v -0.889542 0.314584 0.584330
v -0.889634 0.378005 0.583822
v -0.889770 0.437685 0.583189
v -0.889664 0.439049 0.554722
v -0.889629 0.377664 0.605299
v -0.889767 0.436750 0.605468
v -0.889613 0.377594 0.626063
v -0.889539 0.314238 0.605049
v -0.889546 0.313949 0.625143
v -0.889493 0.249015 0.605301
v -0.889502 0.249009 0.624950
v -0.889520 0.248949 0.642364
v -0.889556 0.313714 0.642537
v -0.889568 0.377599 0.643165
v -0.874064 0.248788 0.647090
v -0.873941 0.313490 0.647070
v -0.853447 0.248489 0.647041
v -0.853438 0.313237 0.647023
v -0.833246 0.248042 0.647004
v -0.832931 0.312896 0.646991
v -0.834211 0.377111 0.646978
v -0.810122 0.312573 0.646960
v -0.812463 0.377317 0.646953
v -0.813940 0.437898 0.646294
v -0.834949 0.437129 0.646849
v -0.813097 0.479203 0.646946
v -0.834815 0.477185 0.646936
v -0.812245 0.509450 0.646886
v -0.833768 0.506805 0.646796
v -0.853787 0.504320 0.646617
v -0.835047 0.532387 0.646760
v -0.854547 0.530621 0.646558
v -0.873594 0.529202 0.645982
v -0.872847 0.503183 0.646129
v -0.889114 0.503039 0.640796
v -0.856111 0.553482 0.646786
v -0.836633 0.555135 0.646868
v -0.837885 0.574013 0.646908
v -0.857704 0.573050 0.646897
v -0.838962 0.590904 0.646912
v -0.813864 0.574823 0.646904
v -0.814897 0.591122 0.646921
v -0.815946 0.605992 0.646886
v -0.783534 0.591294 0.646866
v -0.817139 0.619785 0.646424
v -0.783324 0.575696 0.646891
v -0.744702 0.575793 0.646767
v -0.745135 0.591348 0.646563
v -0.691756 0.575659 0.646928
v -0.691457 0.591593 0.646941
v -0.622706 0.574877 0.646954
v -0.622547 0.590300 0.646964
v -0.622372 0.605745 0.646989
v -0.621960 0.619351 0.647018
v -0.550802 0.587683 0.646947
v -0.550589 0.603076 0.646964
v -0.550370 0.617559 0.646991
v -0.550232 0.622833 0.636464
v -0.621650 0.623565 0.635627
v -0.480796 0.600763 0.646933
v -0.480589 0.615775 0.646932
v -0.480504 0.622066 0.637568
v -0.480520 0.622009 0.621475
v -0.550168 0.622780 0.620076
v -0.410867 0.614217 0.647003
v -0.410620 0.621208 0.638059
v -0.410445 0.621171 0.621665
v -0.410291 0.621115 0.605595
v -0.480554 0.621938 0.605628
v -0.340188 0.620429 0.638152
v -0.340197 0.620419 0.621421
v -0.340249 0.620393 0.604557
v -0.340329 0.620361 0.586636
v -0.410188 0.621054 0.588446
v -0.270822 0.619868 0.622463
v -0.270858 0.619844 0.605503
v -0.270918 0.619812 0.588077
v -0.271031 0.619759 0.568988
v -0.340459 0.620319 0.566110
v -0.201463 0.619770 0.608195
v -0.201599 0.619735 0.590993
v -0.201672 0.619687 0.571673
v -0.201822 0.619536 0.539347
v -0.271215 0.619662 0.536832
v -0.132168 0.620090 0.594966
v -0.132151 0.620021 0.573690
v -0.132334 0.619902 0.540322
v -0.132895 0.619744 0.494739
v -0.202132 0.619364 0.494040
v -0.064010 0.620492 0.574422
v -0.064182 0.620368 0.541109
v -0.064813 0.620218 0.494867
v -0.065641 0.620021 0.430527
v -0.133737 0.619549 0.430802
v 0.001511 0.620721 0.540296
v 0.001511 0.620635 0.494712
v 0.001511 0.620332 0.430278
v 0.001511 0.620158 0.360566
v -0.066225 0.619800 0.360955
v 0.001511 0.619907 0.290384
v 0.001511 0.619732 0.220329
v -0.066809 0.619288 0.220931
v -0.066563 0.619549 0.290928
v -0.135321 0.618807 0.221390
v -0.134938 0.619083 0.291316
v -0.134443 0.619337 0.361329
v -0.203607 0.618754 0.291544
v -0.203141 0.619004 0.361561
v -0.202617 0.619190 0.431107
v -0.272097 0.619110 0.361513
v -0.271725 0.619361 0.431108
v -0.271420 0.619522 0.493787
v -0.340928 0.619958 0.430378
v -0.340724 0.620144 0.493709
v -0.340579 0.620247 0.535360
v -0.410200 0.620743 0.491975
v -0.410167 0.620863 0.534008
v -0.410130 0.620975 0.566666
v -0.480121 0.621565 0.533317
v -0.480363 0.621728 0.567028
v -0.480518 0.621853 0.589009
v -0.549891 0.622507 0.565612
v -0.549985 0.622616 0.586978
v -0.550076 0.622702 0.604170
v -0.620518 0.623349 0.588115
v -0.620962 0.623434 0.604008
v -0.621331 0.623504 0.619532
v -0.688817 0.624027 0.602697
v -0.689492 0.624118 0.617855
v -0.745113 0.624080 0.615673
v -0.067013 0.619041 0.151020
v 0.001511 0.619406 0.150583
v 0.001511 0.619288 0.080580
v 0.001511 0.518637 -0.677539
v 0.001511 0.492216 -0.677537
v -0.040764 0.494844 -0.677514
v -0.044284 0.520398 -0.677528
v -0.104056 0.501655 -0.677512
v -0.106429 0.525091 -0.677530
v -0.170194 0.509428 -0.677548
v -0.170613 0.532793 -0.677538
v -0.232404 0.515668 -0.677545
v -0.230371 0.539407 -0.677541
v -0.299735 0.519388 -0.677522
v -0.296428 0.543111 -0.677533
v -0.371308 0.518712 -0.677540
v -0.368391 0.542092 -0.677535
v -0.438215 0.511751 -0.677549
v -0.435815 0.536226 -0.677541
v -0.433457 0.558088 -0.677532
v -0.490839 0.530954 -0.677540
v -0.490507 0.553970 -0.677531
v -0.489999 0.574509 -0.677510
v -0.551996 0.555708 -0.677532
v -0.552318 0.576374 -0.677514
v -0.489556 0.594021 -0.677476
v -0.488892 0.611477 -0.677354
v -0.488254 0.617746 -0.664153
v -0.553254 0.618280 -0.644600
v -0.619334 0.618959 -0.642362
v -0.619732 0.618968 -0.623927
v -0.684060 0.619383 -0.640118
v -0.684908 0.619414 -0.621589
v -0.685919 0.619446 -0.599845
v -0.747770 0.619911 -0.621787
v -0.748424 0.619953 -0.601147
v -0.749599 0.620011 -0.569265
v -0.795648 0.620299 -0.604716
v -0.796420 0.620366 -0.569856
v -0.796534 0.620428 -0.523526
v -0.828834 0.620612 -0.570336
v -0.828885 0.620669 -0.522446
v -0.827876 0.620721 -0.463745
v -0.847894 0.620800 -0.521752
v -0.846944 0.620837 -0.462545
v -0.845762 0.620949 -0.397260
v -0.865457 0.620927 -0.461737
v -0.863878 0.621058 -0.396869
v -0.860580 0.621188 -0.329537
v -0.882492 0.621117 -0.396557
v -0.879721 0.621309 -0.329059
v -0.876336 0.621230 -0.260991
v -0.892520 0.614551 -0.328718
v -0.891967 0.614287 -0.260550
v -0.889852 0.620568 -0.191911
v -0.892221 0.600767 -0.260830
v -0.892040 0.605214 -0.191886
v -0.892271 0.582881 -0.260870
v -0.892138 0.587929 -0.191420
v -0.892241 0.564668 -0.260918
v -0.892156 0.571644 -0.191278
v -0.892201 0.544756 -0.260991
v -0.892150 0.554415 -0.191210
v -0.892195 0.521875 -0.261194
v -0.892147 0.534110 -0.191213
v -0.892096 0.544297 -0.121549
v -0.892186 0.510787 -0.191420
v -0.892142 0.520615 -0.121934
v -0.892340 0.486996 -0.191806
v -0.892265 0.495193 -0.122480
v -0.892167 0.501065 -0.054031
v -0.892475 0.468677 -0.123209
v -0.892326 0.472783 -0.054569
v -0.892215 0.473882 0.013656
v -0.889679 0.433987 -0.055498
v -0.889720 0.434776 0.012961
v -0.889657 0.432915 0.081231
v -0.889745 0.376981 0.011926
v -0.889742 0.378235 0.080490
v -0.889741 0.379566 0.148880
v -0.889744 0.318669 0.079603
v -0.889744 0.321156 0.148317
v -0.889744 0.322893 0.217151
v -0.889744 0.254319 0.147611
v -0.889744 0.254726 0.216644
v -0.889742 0.254290 0.285590
v -0.889747 0.188511 0.216265
v -0.889744 0.187619 0.285586
v -0.889732 0.186214 0.354705
v -0.889762 0.135739 0.285732
v -0.889745 0.134438 0.355281
v -0.889682 0.132728 0.424221
v -0.889683 0.184632 0.423038
v -0.889564 0.130715 0.487702
v -0.889585 0.183486 0.487769
v -0.889488 0.130847 0.527641
v -0.889518 0.183441 0.527388
v -0.889441 0.131637 0.559452
v -0.889474 0.183955 0.559542
v -0.889417 0.132836 0.585123
v -0.889451 0.183930 0.585530
v -0.889499 0.248996 0.585367
v -0.889445 0.184072 0.605586
v -0.889410 0.133690 0.605937
v -0.889411 0.134092 0.625584
v -0.889459 0.184475 0.625195
v -0.889407 0.133970 0.642606
v -0.889497 0.184861 0.642534
v -0.874505 0.133568 0.647137
v -0.874006 0.185194 0.647144
v -0.854898 0.133121 0.647113
v -0.853825 0.185319 0.647098
v -0.836070 0.132887 0.647090
v -0.834388 0.185029 0.647064
v -0.813685 0.133508 0.647065
v -0.812134 0.184466 0.647034
v -0.810068 0.247461 0.646969
v -0.780831 0.183619 0.647005
v -0.780363 0.246808 0.646955
v -0.781427 0.312419 0.646938
v -0.744873 0.246285 0.646940
v -0.745129 0.312518 0.646928
v -0.744550 0.378543 0.646941
v -0.783838 0.377782 0.646938
v -0.745088 0.441026 0.645588
v -0.786613 0.439390 0.646376
v -0.746352 0.484577 0.646967
v -0.785480 0.481467 0.646958
v -0.746444 0.512759 0.646956
v -0.784983 0.511325 0.646940
v -0.746103 0.537570 0.646923
v -0.783935 0.536647 0.646925
v -0.812606 0.534466 0.646896
v -0.783203 0.557915 0.646905
v -0.813114 0.556312 0.646884
v -0.745072 0.559327 0.646884
v -0.690206 0.537468 0.646940
v -0.691113 0.558860 0.646924
v -0.622406 0.535670 0.646949
v -0.622682 0.557442 0.646948
v -0.551378 0.533798 0.646939
v -0.551248 0.554833 0.646939
v -0.551023 0.572259 0.646940
v -0.481469 0.551760 0.646935
v -0.481282 0.569437 0.646933
v -0.481037 0.585167 0.646932
v -0.411635 0.567709 0.646964
v -0.411381 0.583438 0.646969
v -0.411146 0.599006 0.646982
v -0.340756 0.582218 0.646965
v -0.340496 0.597814 0.646968
v -0.340283 0.613186 0.646978
v -0.270895 0.595887 0.646974
v -0.270817 0.611703 0.646995
v -0.270793 0.619876 0.639031
v -0.200923 0.609130 0.647009
v -0.201137 0.619776 0.640959
v -0.201309 0.619787 0.625106
v -0.132474 0.620206 0.643310
v -0.132374 0.620175 0.628800
v -0.132258 0.620135 0.611811
v -0.064616 0.620697 0.632574
v -0.064328 0.620647 0.614294
v -0.064129 0.620580 0.596196
v 0.001511 0.621166 0.614921
v 0.001511 0.620982 0.596637
v 0.001511 0.620835 0.574152
v 0.001511 0.614727 0.647004
v 0.001511 0.621312 0.632710
v -0.064932 0.616423 0.647023
v -0.065307 0.600454 0.646996
v 0.001511 0.598733 0.646952
v -0.132464 0.605458 0.647000
v -0.132391 0.587457 0.646984
v -0.066172 0.582386 0.646988
v 0.001511 0.579785 0.646913
v 0.001511 0.385835 -0.677525
v 0.001511 0.342178 -0.677534
v -0.049467 0.341052 -0.677531
v -0.042822 0.384961 -0.677502
v -0.111067 0.338097 -0.677528
v -0.105881 0.382996 -0.677494
v -0.100758 0.421283 -0.677337
v -0.100237 0.450252 -0.677028
v -0.175994 0.382250 -0.677497
v -0.173357 0.423514 -0.677282
v -0.171595 0.456743 -0.677518
v -0.170513 0.484950 -0.677545
v -0.101345 0.476924 -0.677484
v -0.240927 0.424145 -0.677413
v -0.237314 0.461427 -0.677467
v -0.234539 0.490476 -0.677540
v -0.306410 0.464250 -0.677266
v -0.302942 0.493724 -0.677476
v -0.378715 0.464290 -0.677492
v -0.374390 0.493930 -0.677533
v -0.310565 0.424395 -0.677420
v -0.385259 0.424263 -0.677418
v -0.455494 0.423166 -0.677284
v -0.314275 0.382101 -0.677510
v -0.388504 0.383540 -0.677507
v -0.458964 0.388792 -0.677487
v -0.389919 0.334049 -0.677530
v -0.460992 0.337464 -0.677526
v -0.533873 0.335907 -0.677527
v -0.531727 0.386040 -0.677497
v -0.532303 0.422595 -0.677358
v -0.606855 0.328188 -0.677520
v -0.606868 0.378619 -0.677499
v -0.607413 0.414074 -0.677311
v -0.611859 0.438790 -0.671686
v -0.561042 0.437294 -0.670041
v -0.677165 0.369156 -0.677489
v -0.675313 0.410243 -0.677426
v -0.676246 0.445713 -0.676669
v -0.677295 0.479338 -0.677455
v -0.612829 0.465750 -0.677338
v -0.738469 0.408801 -0.677411
v -0.739529 0.447228 -0.676678
v -0.741335 0.484494 -0.677489
v -0.742329 0.511206 -0.677517
v -0.678515 0.505531 -0.677505
v -0.787211 0.445758 -0.675974
v -0.789612 0.483199 -0.677501
v -0.790304 0.512455 -0.677524
v -0.790468 0.536465 -0.677517
v -0.743127 0.535448 -0.677515
v -0.822955 0.512156 -0.677503
v -0.823775 0.536421 -0.677493
v -0.823982 0.557682 -0.677472
v -0.790727 0.556919 -0.677493
v -0.846377 0.510506 -0.677466
v -0.846893 0.535628 -0.677433
v -0.847673 0.557826 -0.677405
v -0.848573 0.576529 -0.677402
v -0.824426 0.575884 -0.677460
v -0.865280 0.534774 -0.677365
v -0.865939 0.557586 -0.677258
v -0.867173 0.576263 -0.677260
v -0.868570 0.592092 -0.677357
v -0.848873 0.592256 -0.677406
v -0.883466 0.556665 -0.677207
v -0.884099 0.575465 -0.676760
v -0.885661 0.591442 -0.677227
v -0.891968 0.574808 -0.666564
v -0.892447 0.591606 -0.666634
v -0.892335 0.574168 -0.650411
v -0.892516 0.591890 -0.650812
v -0.892654 0.608943 -0.650674
v -0.892542 0.591444 -0.633211
v -0.892530 0.608843 -0.633247
v -0.885561 0.620704 -0.633181
v -0.886493 0.620780 -0.649840
v -0.868383 0.620745 -0.632795
v -0.868986 0.620747 -0.648977
v -0.848744 0.620632 -0.631425
v -0.848825 0.620591 -0.647828
v -0.848898 0.620512 -0.662464
v -0.848897 0.620426 -0.674761
v -0.824812 0.620410 -0.645319
v -0.824737 0.620346 -0.660480
v -0.824663 0.620267 -0.673779
v -0.824614 0.607729 -0.677434
v -0.848847 0.607705 -0.677417
v -0.792874 0.620069 -0.657998
v -0.792414 0.619657 -0.672224
v -0.791850 0.607299 -0.677330
v -0.745327 0.619763 -0.672000
v -0.744924 0.606972 -0.677295
v -0.744687 0.589863 -0.677416
v -0.791201 0.590947 -0.677424
v -0.824619 0.591839 -0.677444
v -0.790937 0.574770 -0.677466
v -0.744482 0.573562 -0.677459
v -0.744016 0.555922 -0.677490
v -0.681006 0.570479 -0.677505
v -0.680442 0.552461 -0.677518
v -0.679680 0.530755 -0.677522
v -0.614918 0.543288 -0.677528
v -0.613802 0.518622 -0.677520
v -0.612887 0.492657 -0.677485
v -0.551180 0.506956 -0.677540
v -0.551680 0.532746 -0.677536
v -0.492048 0.505193 -0.677544
v -0.615906 0.563754 -0.677523
v -0.616848 0.582165 -0.677514
v -0.681520 0.587257 -0.677483
v -0.745956 0.619817 -0.656694
v -0.793373 0.620174 -0.641955
v -0.746970 0.619865 -0.639706
v -0.794502 0.620236 -0.624611
v -0.825707 0.620467 -0.628658
v -0.826724 0.620530 -0.607434
v -0.848320 0.620656 -0.609541
v -0.848340 0.620757 -0.570756
v -0.867668 0.620712 -0.611320
v -0.867125 0.620904 -0.570934
v -0.866579 0.620920 -0.521526
v -0.885173 0.621060 -0.570923
v -0.884554 0.620992 -0.521374
v -0.883653 0.621018 -0.461121
v -0.892709 0.609112 -0.521724
v -0.892688 0.610033 -0.460720
v -0.892553 0.612187 -0.396257
v -0.892549 0.589595 -0.460641
v -0.892507 0.592845 -0.396065
v -0.892448 0.597055 -0.328814
v -0.892404 0.573014 -0.395984
v -0.892363 0.578053 -0.328911
v -0.892305 0.552067 -0.395884
v -0.892279 0.558181 -0.329048
v -0.892236 0.528498 -0.395823
v -0.892214 0.535610 -0.329240
v -0.892232 0.503723 -0.395721
v -0.892216 0.510725 -0.329400
v -0.892295 0.479991 -0.395593
v -0.892282 0.486765 -0.329414
v -0.892267 0.498308 -0.261326
v -0.892366 0.464350 -0.329138
v -0.892419 0.475473 -0.261370
v -0.884389 0.437437 -0.329261
v -0.889383 0.449606 -0.261541
v -0.892620 0.461308 -0.192484
v -0.889452 0.418940 -0.262859
v -0.889573 0.426630 -0.193815
v -0.889651 0.431323 -0.124462
v -0.889598 0.378227 -0.195431
v -0.889697 0.377053 -0.126015
v -0.889740 0.376611 -0.056830
v -0.889712 0.322467 -0.127093
v -0.889742 0.318668 -0.057967
v -0.889744 0.317494 0.010884
v -0.889762 0.257066 -0.058950
v -0.889752 0.254259 0.009882
v -0.889745 0.253684 0.078704
v -0.889790 0.189824 0.009005
v -0.889758 0.188571 0.077926
v -0.889748 0.188612 0.147011
v -0.889834 0.135400 0.077416
v -0.889789 0.135324 0.146681
v -0.889778 0.135875 0.216109
v -0.889883 0.097363 0.146608
v -0.889835 0.098929 0.216110
v -0.889796 0.101026 0.285930
v -0.889889 0.071798 0.216214
v -0.889834 0.074394 0.286142
v -0.889799 0.074734 0.355978
v -0.889767 0.102161 0.355690
v -0.889717 0.074763 0.424145
v -0.889692 0.101629 0.424375
v -0.889576 0.075282 0.484996
v -0.889561 0.100487 0.487061
v -0.889454 0.075368 0.530160
v -0.889473 0.099248 0.528722
v -0.889395 0.074467 0.560535
v -0.889422 0.098731 0.559567
v -0.889357 0.073419 0.586391
v -0.889392 0.098391 0.585218
v -0.889351 0.071854 0.608363
v -0.889378 0.098397 0.606765
v -0.889361 0.070434 0.627297
v -0.889383 0.097612 0.626255
v -0.889398 0.069961 0.642874
v -0.889407 0.096515 0.642673
v -0.876490 0.069732 0.647202
v -0.875408 0.096013 0.647151
v -0.857987 0.070141 0.647168
v -0.856245 0.096226 0.647132
v -0.838908 0.071022 0.647139
v -0.837249 0.096626 0.647109
v -0.817676 0.071647 0.647114
v -0.814827 0.097198 0.647086
v -0.785620 0.071496 0.647095
v -0.784077 0.098101 0.647066
v -0.782359 0.134715 0.647040
v -0.744196 0.099929 0.647048
v -0.744610 0.135475 0.647025
v -0.744266 0.183066 0.646988
v -0.686285 0.136222 0.647016
v -0.687482 0.182717 0.646983
v -0.688476 0.246217 0.646937
v -0.618667 0.182718 0.646976
v -0.619438 0.247284 0.646933
v -0.620153 0.314258 0.646923
v -0.688907 0.313116 0.646924
v -0.620707 0.381708 0.646936
v -0.688560 0.379649 0.646938
v -0.621115 0.445521 0.644562
v -0.688508 0.443774 0.643543
v -0.621571 0.485949 0.646967
v -0.689122 0.487255 0.646963
v -0.622008 0.512036 0.646956
v -0.689617 0.513494 0.646952
v -0.551373 0.485076 0.646923
v -0.551458 0.510472 0.646931
v -0.481703 0.483299 0.646886
v -0.481764 0.509034 0.646924
v -0.481650 0.531982 0.646935
v -0.412272 0.506461 0.646972
v -0.412136 0.530358 0.646964
v -0.411904 0.550977 0.646960
v -0.341619 0.527053 0.646998
v -0.341405 0.549780 0.646980
v -0.341084 0.566454 0.646971
v -0.271196 0.545971 0.646964
v -0.271091 0.563812 0.646960
v -0.270992 0.580124 0.646959
v -0.198949 0.559620 0.646958
v -0.200280 0.576195 0.646964
v -0.200669 0.592325 0.646980
v -0.195838 0.540972 0.646961
v -0.271457 0.522891 0.646980
v -0.195653 0.517030 0.646975
v -0.134892 0.506624 0.647030
v -0.195532 0.490986 0.646991
v -0.101534 0.499552 0.647164
v -0.271688 0.496828 0.646991
v -0.271644 0.464934 0.646943
v -0.341741 0.501348 0.647007
v -0.342003 0.472493 0.647002
v -0.342015 0.437034 0.647076
v -0.271001 0.433203 0.647041
v -0.269776 0.386983 0.647017
v -0.340431 0.385125 0.647025
v -0.339002 0.327685 0.646960
v -0.268586 0.333924 0.646954
v -0.411723 0.440775 0.646017
v -0.410534 0.383739 0.646976
v -0.409311 0.322160 0.646944
v -0.408358 0.257430 0.646941
v -0.337946 0.264021 0.646944
v -0.480448 0.382606 0.646952
v -0.479677 0.318296 0.646927
v -0.478827 0.252462 0.646931
v -0.478221 0.188163 0.646964
v -0.407855 0.192100 0.646980
v -0.550014 0.315840 0.646924
v -0.549201 0.249203 0.646930
v -0.548568 0.185092 0.646958
v -0.548293 0.139552 0.646982
v -0.478046 0.140364 0.646991
v -0.618037 0.137896 0.647003
v -0.617589 0.104754 0.647012
v -0.548247 0.105847 0.646988
v -0.684789 0.102537 0.647034
v -0.683594 0.075453 0.647054
v -0.617360 0.076698 0.647016
v -0.743382 0.072746 0.647081
v -0.742785 0.054714 0.647111
v -0.682750 0.056053 0.647067
v -0.786268 0.053540 0.647130
v -0.786275 0.036704 0.647166
v -0.742019 0.037371 0.647147
v -0.818927 0.052676 0.647146
v -0.819858 0.036149 0.647183
v -0.820990 0.019776 0.647189
v -0.786227 0.019629 0.647187
v -0.841461 0.052314 0.647172
v -0.843447 0.035638 0.647197
v -0.845443 0.020098 0.647235
v -0.847066 0.006907 0.642445
v -0.821377 0.006383 0.641579
v -0.861478 0.035385 0.647210
v -0.861780 0.020342 0.647191
v -0.861817 0.006843 0.642721
v -0.861204 0.002574 0.628717
v -0.846360 0.003119 0.628080
v -0.843819 0.003424 0.610547
v -0.820298 0.003904 0.609046
v -0.821039 0.003404 0.626502
v -0.859823 0.002973 0.611465
v -0.857190 0.003573 0.589653
v -0.840640 0.003973 0.588646
v -0.872931 0.002533 0.612439
v -0.871900 0.003335 0.591068
v -0.870808 0.003930 0.562867
v -0.855000 0.004298 0.562519
v -0.884298 0.008519 0.613034
v -0.884356 0.008541 0.591958
v -0.884586 0.008454 0.562917
v -0.884835 0.008139 0.529719
v -0.870136 0.004822 0.529514
v -0.888979 0.021664 0.591118
v -0.889045 0.022121 0.562714
v -0.889197 0.022545 0.530049
v -0.889594 0.023071 0.483578
v -0.885619 0.007892 0.483441
v -0.889258 0.038023 0.562137
v -0.889345 0.039316 0.530341
v -0.889605 0.040204 0.484023
v -0.889754 0.040368 0.423601
v -0.889742 0.023254 0.423373
v -0.889430 0.056361 0.530332
v -0.889590 0.057429 0.484418
v -0.889740 0.057441 0.423883
v -0.889824 0.057102 0.356114
v -0.889838 0.040094 0.356142
v -0.889874 0.039619 0.286464
v -0.889869 0.022910 0.286614
v -0.889806 0.023191 0.356114
v -0.889857 0.056636 0.286302
v -0.889915 0.054604 0.216303
v -0.889921 0.037629 0.216401
v -0.890036 0.035956 0.146909
v -0.889917 0.018938 0.147141
v -0.889812 0.020860 0.216462
v -0.890015 0.052974 0.146759
v -0.890132 0.052186 0.077113
v -0.890188 0.035816 0.077250
v -0.889968 0.070171 0.146679
v -0.890056 0.069390 0.077077
v -0.890116 0.071021 0.007734
v -0.890180 0.052768 0.007568
v -0.889943 0.097244 0.077172
v -0.890006 0.099063 0.007944
v -0.890052 0.102596 -0.061029
v -0.890146 0.075030 -0.061460
v -0.889888 0.135832 0.008346
v -0.889942 0.137526 -0.060539
v -0.889926 0.142486 -0.129371
v -0.890044 0.106742 -0.129857
v -0.889835 0.193098 -0.059829
v -0.889810 0.198614 -0.128697
v -0.889723 0.207374 -0.197733
v -0.889827 0.149870 -0.198250
v -0.889740 0.262756 -0.127913
v -0.889654 0.271794 -0.197064
v -0.889558 0.282835 -0.266047
v -0.889633 0.217066 -0.266626
v -0.889618 0.328653 -0.196361
v -0.889520 0.336388 -0.265298
v -0.889465 0.342506 -0.333062
v -0.889505 0.293382 -0.334288
v -0.889499 0.379365 -0.264303
v -0.889455 0.378485 -0.331780
v -0.889459 0.379551 -0.398579
v -0.889459 0.345804 -0.400356
v -0.889457 0.412145 -0.330337
v -0.889477 0.409873 -0.397156
v -0.889482 0.411641 -0.463374
v -0.889466 0.382540 -0.465326
v -0.885774 0.436822 -0.395945
v -0.886444 0.436646 -0.461529
v -0.886484 0.436688 -0.522048
v -0.889496 0.414254 -0.524259
v -0.892427 0.457402 -0.395550
v -0.892135 0.455576 -0.460699
v -0.891902 0.453484 -0.521162
v -0.889920 0.448511 -0.571312
v -0.885934 0.436554 -0.573002
v -0.892239 0.477881 -0.460487
v -0.892197 0.475824 -0.521849
v -0.892229 0.472859 -0.571077
v -0.892197 0.469705 -0.607764
v -0.885293 0.444765 -0.606320
v -0.892219 0.498812 -0.522844
v -0.892229 0.497571 -0.570969
v -0.892203 0.496771 -0.607671
v -0.892152 0.496937 -0.631502
v -0.892274 0.522144 -0.572090
v -0.892254 0.523638 -0.607219
v -0.892213 0.525857 -0.629793
v -0.892147 0.528126 -0.649388
v -0.892054 0.495672 -0.650347
v -0.892355 0.548996 -0.606714
v -0.892322 0.551339 -0.630620
v -0.892263 0.553372 -0.649716
v -0.892168 0.555188 -0.666880
v -0.891993 0.531407 -0.667326
v -0.892433 0.572843 -0.631985
v -0.892468 0.570709 -0.607374
v -0.892580 0.590196 -0.608623
v -0.892468 0.568210 -0.570685
v -0.892592 0.589049 -0.570932
v -0.892727 0.608925 -0.570962
v -0.892538 0.608486 -0.610328
v -0.884861 0.620402 -0.611440
v -0.892586 0.588686 -0.522542
v -0.892442 0.567410 -0.523269
v -0.892423 0.568752 -0.460697
v -0.892330 0.544818 -0.523461
v -0.892317 0.546827 -0.460766
v -0.892254 0.521792 -0.523556
v -0.892254 0.523723 -0.460743
v -0.892233 0.500624 -0.460585
v -0.892360 0.545948 -0.571423
v -0.883054 0.533423 -0.677273
v -0.882830 0.507118 -0.677090
v -0.891832 0.502991 -0.667892
v -0.864913 0.509126 -0.677377
v -0.880901 0.436892 -0.632196
v -0.884103 0.436573 -0.606569
v -0.889573 0.421783 -0.631619
v -0.889537 0.419465 -0.607845
v -0.889511 0.417466 -0.575314
v -0.889565 0.394478 -0.607929
v -0.889527 0.390973 -0.575999
v -0.889492 0.386449 -0.526499
v -0.889541 0.358564 -0.575401
v -0.889500 0.354927 -0.528579
v -0.889471 0.350117 -0.467829
v -0.889534 0.307800 -0.530676
v -0.889508 0.303914 -0.470796
v -0.889496 0.299563 -0.402346
v -0.889585 0.238122 -0.472921
v -0.889580 0.233186 -0.404104
v -0.889588 0.226541 -0.335337
v -0.889669 0.168614 -0.404437
v -0.889687 0.163011 -0.335797
v -0.889739 0.157157 -0.267074
v -0.889772 0.120443 -0.335734
v -0.889861 0.114432 -0.267263
v -0.889961 0.110173 -0.198633
v -0.889977 0.084265 -0.267468
v -0.890100 0.080927 -0.199006
v -0.890160 0.078927 -0.130246
v -0.890198 0.060277 -0.199286
v -0.890246 0.058441 -0.130544
v -0.890204 0.055163 -0.061789
v -0.890304 0.040730 -0.130841
v -0.890233 0.038079 -0.062097
v -0.890236 0.036439 0.007461
v -0.890088 0.020887 -0.062447
v -0.890217 0.019870 0.007307
v -0.890152 0.019267 0.077444
v -0.885817 0.004870 0.007193
v -0.884326 0.004707 0.077644
v -0.882767 0.005073 0.147424
v -0.868737 0.003371 0.077627
v -0.867933 0.004742 0.147389
v -0.867706 0.005802 0.216447
v -0.883610 0.006812 0.216393
v -0.867954 0.007441 0.286787
v -0.884362 0.008427 0.286716
v -0.868875 0.007942 0.356371
v -0.884788 0.009058 0.356177
v -0.869870 0.007150 0.423367
v -0.885652 0.008243 0.423127
v -0.870117 0.005736 0.483839
v -0.853222 0.007041 0.423707
v -0.853562 0.005926 0.484515
v -0.853874 0.005054 0.529426
v -0.836921 0.006056 0.485249
v -0.837128 0.005285 0.529369
v -0.837941 0.004604 0.562094
v -0.819134 0.005515 0.529279
v -0.818139 0.004945 0.561906
v -0.819371 0.004413 0.588468
v -0.787499 0.005387 0.561763
v -0.787832 0.004958 0.588179
v -0.787494 0.004586 0.607326
v -0.742478 0.005383 0.586900
v -0.741813 0.005088 0.606081
v -0.741146 0.004651 0.624087
v -0.786787 0.004062 0.624971
v -0.741060 0.005926 0.640799
v -0.786345 0.006331 0.640913
v -0.741384 0.019691 0.647148
v -0.681377 0.006267 0.640868
v -0.681653 0.020167 0.647030
v -0.682121 0.038065 0.647064
v -0.617196 0.021014 0.646969
v -0.617170 0.039078 0.647009
v -0.617218 0.056907 0.647020
v -0.548818 0.039685 0.647014
v -0.548573 0.057618 0.647005
v -0.548376 0.077605 0.646994
v -0.478397 0.057624 0.647019
v -0.478201 0.079666 0.647004
v -0.478078 0.107142 0.646996
v -0.408156 0.081304 0.647022
v -0.407821 0.108922 0.647017
v -0.407644 0.140123 0.647010
v -0.337300 0.110431 0.647048
v -0.337314 0.143401 0.647028
v -0.337431 0.198116 0.646989
v -0.267633 0.149184 0.647037
v -0.267349 0.206660 0.646985
v -0.267777 0.271903 0.646939
v -0.198334 0.217060 0.646980
v -0.198446 0.281854 0.646939
v -0.201354 0.341215 0.646955
v -0.132063 0.229935 0.646975
v -0.130105 0.170621 0.647021
v -0.063366 0.184036 0.647013
v -0.198314 0.158879 0.647029
v -0.198758 0.115852 0.647066
v -0.129660 0.122761 0.647057
v -0.267715 0.112144 0.647075
v -0.267925 0.082281 0.647116
v -0.199077 0.083450 0.647119
v -0.337471 0.082426 0.647074
v -0.337694 0.060367 0.647100
v -0.268227 0.060471 0.647149
v -0.408594 0.059125 0.647038
v -0.409044 0.040985 0.647069
v -0.338002 0.041902 0.647112
v -0.478526 0.039897 0.647056
v -0.478657 0.022096 0.647102
v -0.409464 0.022822 0.647093
v -0.549091 0.021895 0.647001
v -0.549272 0.005650 0.643935
v -0.478881 0.005685 0.645100
v -0.617356 0.005546 0.641958
v -0.617089 0.004808 0.625338
v -0.549244 0.004481 0.627353
v -0.681359 0.005041 0.624045
v -0.681638 0.005314 0.605866
v -0.616990 0.005083 0.607386
v -0.617077 0.005264 0.589075
v -0.549334 0.004783 0.590678
v -0.549257 0.004723 0.609241
v -0.682178 0.005485 0.586807
v -0.682962 0.005645 0.563938
v -0.617372 0.005358 0.565078
v -0.743273 0.005692 0.562650
v -0.744114 0.005988 0.529210
v -0.684083 0.005851 0.530336
v -0.786706 0.005807 0.529295
v -0.786190 0.006315 0.486724
v -0.744414 0.006308 0.487314
v -0.819115 0.006183 0.485909
v -0.817463 0.006919 0.424635
v -0.785520 0.006796 0.425611
v -0.836556 0.006992 0.424104
v -0.835378 0.007476 0.356855
v -0.815404 0.007275 0.357109
v -0.852259 0.007701 0.356615
v -0.851193 0.007182 0.286842
v -0.834416 0.007006 0.286904
v -0.834675 0.005656 0.216467
v -0.814950 0.005545 0.216573
v -0.814092 0.006795 0.287016
v -0.851214 0.005746 0.216438
v -0.851798 0.004677 0.147376
v -0.835171 0.004632 0.147343
v -0.835504 0.003700 0.077520
v -0.816104 0.003835 0.077487
v -0.816377 0.004596 0.147256
v -0.852327 0.003553 0.077563
v -0.852426 0.003177 0.007307
v -0.835517 0.003279 0.007372
v -0.869449 0.003114 0.007228
v -0.869158 0.002818 -0.062631
v -0.851818 0.003072 -0.062413
v -0.885512 0.005230 -0.062791
v -0.885152 0.007788 -0.131496
v -0.868913 0.004656 -0.131425
v -0.890205 0.023196 -0.131173
v -0.890268 0.025512 -0.199868
v -0.885655 0.009410 -0.200187
v -0.890271 0.043023 -0.199567
v -0.890102 0.046852 -0.268008
v -0.890093 0.028537 -0.268299
v -0.890049 0.064828 -0.267729
v -0.889863 0.069791 -0.335279
v -0.889851 0.050377 -0.334948
v -0.889838 0.091033 -0.335595
v -0.889779 0.094940 -0.403574
v -0.889793 0.070259 -0.402632
v -0.889738 0.125918 -0.404192
v -0.889696 0.129736 -0.471954
v -0.889732 0.097075 -0.470693
v -0.889650 0.173887 -0.472942
v -0.889633 0.177211 -0.534717
v -0.889652 0.129980 -0.534416
v -0.889588 0.242507 -0.533259
v -0.889598 0.244666 -0.573910
v -0.889628 0.179533 -0.575469
v -0.889567 0.310256 -0.574815
v -0.889601 0.311284 -0.607936
v -0.889611 0.245719 -0.604812
v -0.889584 0.361687 -0.609325
v -0.889613 0.363142 -0.630392
v -0.889625 0.311174 -0.629274
v -0.889599 0.397352 -0.631073
v -0.889640 0.363700 -0.650849
v -0.889652 0.364643 -0.670036
v -0.889666 0.310003 -0.669116
v -0.889648 0.310842 -0.649652
v -0.889677 0.247090 -0.668561
v -0.889652 0.246747 -0.648709
v -0.889628 0.246367 -0.628239
v -0.889656 0.183459 -0.648137
v -0.889639 0.182425 -0.627199
v -0.889631 0.181092 -0.604280
v -0.889635 0.129589 -0.628241
v -0.889634 0.128611 -0.606028
v -0.889638 0.128579 -0.576118
v -0.889628 0.096421 -0.607086
v -0.889643 0.097604 -0.576534
v -0.889673 0.098425 -0.532928
v -0.889647 0.072206 -0.575856
v -0.889688 0.072709 -0.531197
v -0.889753 0.070746 -0.469422
v -0.889691 0.052374 -0.529828
v -0.889762 0.050816 -0.468564
v -0.889777 0.050284 -0.401808
v -0.889755 0.031519 -0.468018
v -0.889724 0.031066 -0.401126
v -0.889734 0.031214 -0.334708
v -0.888673 0.013242 -0.400222
v -0.885185 0.014990 -0.334606
v -0.885468 0.011933 -0.268545
v -0.869139 0.009268 -0.334677
v -0.868916 0.008306 -0.268355
v -0.868865 0.007273 -0.200024
v -0.850878 0.008231 -0.268082
v -0.850987 0.007088 -0.199830
v -0.851415 0.004483 -0.131264
v -0.832503 0.006982 -0.199655
v -0.833784 0.004661 -0.131069
v -0.834605 0.003377 -0.062197
v -0.812993 0.004898 -0.130816
v -0.814354 0.003611 -0.061950
v -0.815853 0.003417 0.007497
v -0.783794 0.003917 -0.061605
v -0.783702 0.003595 0.007767
v -0.784425 0.003987 0.077535
v -0.741590 0.003781 0.008232
v -0.741843 0.004103 0.077857
v -0.741931 0.004392 0.147457
v -0.784616 0.004523 0.147176
v -0.741908 0.005201 0.217236
v -0.783234 0.005373 0.216796
v -0.742247 0.006315 0.287780
v -0.782509 0.006542 0.287279
v -0.742905 0.006757 0.358213
v -0.783956 0.007022 0.357525
v -0.743924 0.006588 0.427009
v -0.685234 0.006380 0.359340
v -0.685183 0.006217 0.428569
v -0.684800 0.006031 0.488077
v -0.618241 0.005653 0.429568
v -0.617954 0.005468 0.490159
v -0.617671 0.005398 0.532451
v -0.549794 0.004530 0.492167
v -0.549565 0.004615 0.535506
v -0.549424 0.004767 0.567539
v -0.480614 0.003915 0.537736
v -0.480166 0.004092 0.569921
v -0.479755 0.004208 0.592691
v -0.411134 0.003085 0.570339
v -0.410763 0.003121 0.593448
v -0.410457 0.003140 0.611143
v -0.479409 0.004197 0.610942
v -0.410181 0.003173 0.628962
v -0.479116 0.004024 0.628875
v -0.409894 0.005555 0.645568
v -0.339579 0.001588 0.629261
v -0.338909 0.006485 0.645997
v -0.338412 0.023710 0.647105
v -0.269420 0.008180 0.646878
v -0.269048 0.024578 0.647153
v -0.268642 0.042452 0.647162
v -0.200022 0.026928 0.647235
v -0.199758 0.044276 0.647202
v -0.199426 0.061405 0.647165
v -0.131318 0.045678 0.647189
v -0.130706 0.063511 0.647144
v -0.130029 0.086241 0.647102
v -0.062987 0.064534 0.647084
v -0.062639 0.089163 0.647060
v -0.062546 0.128762 0.647038
v 0.001511 0.090747 0.647043
v 0.001511 0.131371 0.647031
v 0.001511 0.191654 0.647017
v 0.001511 0.160004 -0.677510
v 0.001511 0.120206 -0.677531
v -0.060161 0.121615 -0.677532
v -0.059465 0.159956 -0.677514
v -0.057726 0.216886 -0.677506
v 0.001511 0.216931 -0.677502
v -0.054308 0.283463 -0.677528
v 0.001511 0.284223 -0.677531
v -0.120322 0.215494 -0.677516
v -0.116140 0.281217 -0.677529
v -0.186471 0.213250 -0.677525
v -0.183018 0.278595 -0.677532
v -0.179304 0.335782 -0.677529
v -0.251399 0.276836 -0.677532
v -0.247975 0.334510 -0.677532
v -0.244445 0.381939 -0.677518
v -0.317819 0.333915 -0.677531
v -0.320929 0.275745 -0.677531
v -0.391835 0.275284 -0.677532
v -0.323374 0.210955 -0.677522
v -0.393352 0.210482 -0.677527
v -0.463998 0.209322 -0.677521
v -0.462781 0.275123 -0.677531
v -0.535153 0.205150 -0.677522
v -0.534555 0.273111 -0.677531
v -0.606073 0.199264 -0.677522
v -0.606456 0.264862 -0.677523
v -0.676406 0.193505 -0.677484
v -0.677520 0.256950 -0.677475
v -0.677867 0.318970 -0.677482
v -0.740972 0.251847 -0.677452
v -0.739328 0.313869 -0.677460
v -0.738316 0.365636 -0.677469
v -0.781385 0.311561 -0.677465
v -0.781916 0.364772 -0.677489
v -0.784495 0.409296 -0.677530
v -0.814054 0.364512 -0.677489
v -0.812714 0.310147 -0.677466
v -0.837350 0.309384 -0.677460
v -0.837835 0.364215 -0.677475
v -0.857840 0.309207 -0.677458
v -0.857686 0.363659 -0.677463
v -0.859352 0.408632 -0.677464
v -0.877316 0.363498 -0.677470
v -0.878050 0.309405 -0.677459
v -0.858393 0.247712 -0.677460
v -0.878452 0.247386 -0.677477
v -0.859460 0.184993 -0.677441
v -0.879181 0.184874 -0.677423
v -0.889674 0.184378 -0.668056
v -0.879573 0.132660 -0.677460
v -0.889630 0.131840 -0.668167
v -0.889640 0.130654 -0.648715
v -0.889659 0.095077 -0.668679
v -0.889641 0.095063 -0.650105
v -0.889628 0.095695 -0.630155
v -0.889617 0.069023 -0.651554
v -0.889606 0.069541 -0.632282
v -0.889610 0.070539 -0.608362
v -0.889534 0.049037 -0.634067
v -0.889579 0.050928 -0.608478
v -0.889648 0.052386 -0.575690
v -0.889512 0.032666 -0.608112
v -0.889642 0.033489 -0.575143
v -0.889650 0.033270 -0.528784
v -0.889522 0.015772 -0.574501
v -0.889406 0.015395 -0.528178
v -0.889607 0.013506 -0.467614
v -0.876413 0.008004 -0.528060
v -0.875538 0.007459 -0.467611
v -0.872196 0.008058 -0.400704
v -0.856098 0.007978 -0.468084
v -0.853388 0.008081 -0.401648
v -0.850835 0.008988 -0.334791
v -0.834866 0.008194 -0.402460
v -0.832192 0.008761 -0.335209
v -0.832421 0.008155 -0.267852
v -0.811404 0.008622 -0.335633
v -0.812320 0.008068 -0.267716
v -0.811780 0.006882 -0.199501
v -0.785447 0.007932 -0.267738
v -0.785787 0.006793 -0.199364
v -0.783974 0.005140 -0.130559
v -0.745937 0.006710 -0.199163
v -0.744460 0.005446 -0.130269
v -0.742530 0.004261 -0.061144
v -0.683143 0.005731 -0.129724
v -0.683854 0.004812 -0.060414
v -0.683836 0.004262 0.009114
v -0.614837 0.005656 -0.059316
v -0.615254 0.005347 0.010421
v -0.615412 0.005427 0.080336
v -0.683157 0.004476 0.078734
v -0.615757 0.005201 0.150418
v -0.682893 0.004435 0.148530
v -0.616877 0.005187 0.220579
v -0.684014 0.005036 0.218444
v -0.617860 0.005613 0.290647
v -0.684988 0.006054 0.288924
v -0.618348 0.005828 0.360694
v -0.549335 0.005133 0.292452
v -0.549766 0.005090 0.362141
v -0.549914 0.004803 0.430342
v -0.480983 0.004342 0.363740
v -0.481140 0.004001 0.431894
v -0.480998 0.003804 0.493590
v -0.412058 0.003655 0.433994
v -0.411909 0.003165 0.495800
v -0.411494 0.003034 0.539305
v -0.342748 0.002402 0.498621
v -0.342172 0.001921 0.540928
v -0.341514 0.001744 0.571488
v -0.273229 0.000532 0.543520
v -0.272458 0.000146 0.574605
v -0.271752 0.000045 0.594209
v -0.340799 0.001721 0.592808
v -0.270992 0.000000 0.612527
v -0.340167 0.001692 0.610998
v -0.270136 0.000513 0.630923
v -0.201139 0.002804 0.613244
v -0.200471 0.003719 0.631232
v -0.200087 0.010186 0.646208
v -0.132739 0.005267 0.631862
v -0.132521 0.011431 0.646945
v -0.131908 0.028143 0.647242
v -0.064209 0.011641 0.646607
v -0.063827 0.028110 0.647084
v -0.063394 0.045747 0.647094
v 0.001511 0.028404 0.647163
v 0.001511 0.046250 0.647106
v 0.001511 0.064985 0.647063
v 0.001511 0.071857 -0.677556
v 0.001511 0.055528 -0.677569
v -0.060966 0.055384 -0.677520
v -0.060782 0.071319 -0.677538
v -0.060537 0.091472 -0.677543
v 0.001511 0.090380 -0.677543
v -0.124876 0.072421 -0.677541
v -0.124475 0.093624 -0.677537
v -0.123814 0.124043 -0.677530
v -0.122745 0.159913 -0.677520
v -0.190356 0.095238 -0.677518
v -0.189684 0.125566 -0.677523
v -0.188552 0.161372 -0.677523
v -0.257413 0.124315 -0.677518
v -0.256306 0.160475 -0.677517
v -0.254363 0.211753 -0.677519
v -0.324860 0.158445 -0.677519
v -0.325716 0.121985 -0.677519
v -0.394817 0.121039 -0.677515
v -0.394305 0.157063 -0.677520
v -0.465244 0.120860 -0.677519
v -0.464806 0.155595 -0.677516
v -0.535840 0.120262 -0.677524
v -0.535545 0.154442 -0.677522
v -0.605688 0.117397 -0.677532
v -0.605775 0.151174 -0.677527
v -0.674836 0.112324 -0.677518
v -0.675468 0.145181 -0.677502
v -0.739545 0.108345 -0.677510
v -0.740923 0.139691 -0.677486
v -0.741651 0.188597 -0.677460
v -0.787104 0.136613 -0.677507
v -0.784855 0.186051 -0.677483
v -0.782222 0.249788 -0.677463
v -0.816511 0.185051 -0.677478
v -0.814263 0.248721 -0.677465
v -0.839634 0.184998 -0.677459
v -0.838378 0.248117 -0.677461
v -0.818227 0.135135 -0.677494
v -0.840456 0.134011 -0.677472
v -0.860159 0.133264 -0.677455
v -0.840876 0.099205 -0.677486
v -0.861041 0.097351 -0.677465
v -0.880111 0.095758 -0.677457
v -0.862698 0.069812 -0.677484
v -0.880753 0.068723 -0.677482
v -0.889631 0.068582 -0.669177
v -0.881505 0.048259 -0.677478
v -0.889584 0.047913 -0.669435
v -0.889564 0.048178 -0.652687
v -0.889457 0.030615 -0.669194
v -0.889452 0.030977 -0.653582
v -0.889395 0.031619 -0.635002
v -0.888200 0.015103 -0.653521
v -0.888341 0.015143 -0.635221
v -0.889252 0.015618 -0.607673
v -0.878778 0.003326 -0.633449
v -0.877917 0.005306 -0.607390
v -0.877186 0.006787 -0.574127
v -0.859821 0.006351 -0.607113
v -0.858151 0.007519 -0.574090
v -0.857139 0.008375 -0.528441
v -0.838917 0.008140 -0.574188
v -0.838121 0.008827 -0.529164
v -0.837434 0.008498 -0.468744
v -0.817709 0.009422 -0.530259
v -0.817371 0.009035 -0.469638
v -0.814860 0.008407 -0.403272
v -0.784452 0.009916 -0.470957
v -0.785256 0.009062 -0.404248
v -0.785394 0.008596 -0.336120
v -0.745324 0.009734 -0.405310
v -0.746811 0.008657 -0.336809
v -0.746364 0.007787 -0.267889
v -0.681072 0.009060 -0.337555
v -0.681449 0.007825 -0.268081
v -0.682287 0.006703 -0.198875
v -0.612379 0.008524 -0.267814
v -0.613218 0.007311 -0.198326
v -0.614095 0.006282 -0.128861
v -0.543637 0.008555 -0.197331
v -0.544613 0.007499 -0.127692
v -0.545466 0.006811 -0.057946
v -0.475434 0.008910 -0.126104
v -0.476517 0.007947 -0.056201
v -0.477464 0.007476 0.013906
v -0.546201 0.006551 0.012054
v -0.478309 0.007131 0.084174
v -0.546824 0.006385 0.082163
v -0.479092 0.006574 0.154513
v -0.547584 0.005966 0.152466
v -0.479819 0.005805 0.224604
v -0.548510 0.005445 0.222654
v -0.480510 0.004921 0.294286
v -0.411047 0.006248 0.226712
v -0.411508 0.005249 0.296303
v -0.411888 0.004390 0.365670
v -0.342311 0.005326 0.298589
v -0.342669 0.004339 0.367855
v -0.343010 0.003388 0.436359
v -0.273160 0.003508 0.370719
v -0.273642 0.002940 0.438946
v -0.273851 0.001417 0.500385
v -0.204212 0.004113 0.442557
v -0.204244 0.003527 0.502513
v -0.203515 0.003207 0.546023
v -0.134379 0.005767 0.504265
v -0.133875 0.005435 0.546892
v -0.133533 0.005240 0.576637
v -0.202714 0.002939 0.576017
v -0.133186 0.005169 0.596101
v -0.201884 0.002804 0.595082
v -0.132959 0.005121 0.613851
v -0.064597 0.005832 0.596997
v -0.064465 0.005727 0.614520
v -0.064366 0.005747 0.632365
v 0.001511 0.005982 0.614907
v 0.001511 0.005888 0.631925
v 0.001511 0.012823 0.647118
v 0.001511 0.024600 -0.677594
v 0.001511 0.016830 -0.664288
v -0.061001 0.016747 -0.665077
v -0.061178 0.023919 -0.677323
v -0.061097 0.039294 -0.677430
v 0.001511 0.039139 -0.677585
v -0.125664 0.024381 -0.677205
v -0.125455 0.039898 -0.677508
v -0.125189 0.055979 -0.677535
v -0.191121 0.040457 -0.677423
v -0.190972 0.056152 -0.677476
v -0.190736 0.072480 -0.677508
v -0.258691 0.055744 -0.677479
v -0.258457 0.072223 -0.677495
v -0.258069 0.093431 -0.677512
v -0.326414 0.071969 -0.677519
v -0.326156 0.091289 -0.677517
v -0.395278 0.070933 -0.677500
v -0.395084 0.091356 -0.677509
v -0.465832 0.071703 -0.677518
v -0.465562 0.091969 -0.677519
v -0.536171 0.071279 -0.677509
v -0.536044 0.093243 -0.677519
v -0.605756 0.068762 -0.677532
v -0.605709 0.090564 -0.677534
v -0.673696 0.066860 -0.677530
v -0.674179 0.086274 -0.677529
v -0.736869 0.063891 -0.677535
v -0.738138 0.083427 -0.677527
v -0.787159 0.059706 -0.677536
v -0.787894 0.079750 -0.677530
v -0.788181 0.104853 -0.677520
v -0.818683 0.074760 -0.677527
v -0.819188 0.101460 -0.677507
v -0.842936 0.071702 -0.677502
v -0.818753 0.054846 -0.677536
v -0.844950 0.051086 -0.677505
v -0.863955 0.049398 -0.677485
v -0.845611 0.035711 -0.677467
v -0.864793 0.033364 -0.677441
v -0.881643 0.031371 -0.677372
v -0.846060 0.020448 -0.677396
v -0.818700 0.038746 -0.677538
v -0.818661 0.022771 -0.677547
v -0.818214 0.008046 -0.675169
v -0.846587 0.006732 -0.674877
v -0.817595 0.003471 -0.661309
v -0.845884 0.002573 -0.662539
v -0.816781 0.004927 -0.645466
v -0.843908 0.003837 -0.647545
v -0.863284 0.002259 -0.649644
v -0.842581 0.005569 -0.630070
v -0.861603 0.004404 -0.631682
v -0.880663 0.001698 -0.651589
v -0.840799 0.007002 -0.607025
v -0.815620 0.006454 -0.628177
v -0.815198 0.007879 -0.607529
v -0.816743 0.008860 -0.574531
v -0.781284 0.008760 -0.607162
v -0.782024 0.009986 -0.575312
v -0.782992 0.010474 -0.531090
v -0.739354 0.011296 -0.575127
v -0.740712 0.011788 -0.531956
v -0.742622 0.010962 -0.472370
v -0.680097 0.013202 -0.532517
v -0.681191 0.012078 -0.473800
v -0.681252 0.010542 -0.406475
v -0.610932 0.012780 -0.474425
v -0.611450 0.011296 -0.406641
v -0.611792 0.009863 -0.337361
v -0.540960 0.012223 -0.406008
v -0.541808 0.010970 -0.336552
v -0.542638 0.009723 -0.267005
v -0.471915 0.012314 -0.335264
v -0.473058 0.011216 -0.265700
v -0.474216 0.010055 -0.195983
v -0.403805 0.012468 -0.263883
v -0.405205 0.011398 -0.194130
v -0.406571 0.010069 -0.124264
v -0.336478 0.011974 -0.191825
v -0.338017 0.010611 -0.121907
v -0.339493 0.009315 -0.051798
v -0.407874 0.008846 -0.054187
v -0.340717 0.008257 0.018402
v -0.408993 0.007985 0.016004
v -0.341556 0.007400 0.088775
v -0.409891 0.007487 0.086332
v -0.342016 0.006809 0.159036
v -0.410545 0.007011 0.156693
v -0.342140 0.006176 0.229045
v -0.273564 0.005904 0.161454
v -0.273229 0.004836 0.231449
v -0.272973 0.003990 0.301271
v -0.204528 0.005969 0.234086
v -0.204103 0.005305 0.304203
v -0.203938 0.004667 0.374250
v -0.135468 0.007563 0.306819
v -0.135142 0.006970 0.377224
v -0.134804 0.006303 0.445908
v -0.066628 0.008074 0.378971
v -0.066154 0.007358 0.447789
v -0.065528 0.006715 0.505456
v 0.001511 0.007922 0.448696
v 0.001511 0.007201 0.506370
v 0.001511 0.006656 0.549852
v -0.064964 0.006270 0.548909
v 0.001511 0.006289 0.579917
v -0.064797 0.005993 0.577937
v 0.001511 0.006120 0.597635
v 0.001511 0.016424 -0.629757
v 0.001511 0.016314 -0.610963
v -0.060702 0.016031 -0.609752
v -0.060578 0.016162 -0.629645
v -0.060712 0.016312 -0.647290
v 0.001511 0.016593 -0.647340
v -0.125665 0.016035 -0.628884
v -0.125662 0.016387 -0.647010
v -0.125695 0.016982 -0.665096
v -0.192018 0.016165 -0.646957
v -0.191647 0.016921 -0.665433
v -0.191307 0.025063 -0.677332
v -0.259164 0.016509 -0.664784
v -0.258848 0.023626 -0.677057
v -0.258825 0.039295 -0.677391
v -0.327015 0.021603 -0.677504
v -0.326820 0.037512 -0.677521
v -0.326620 0.054705 -0.677520
v -0.395615 0.036823 -0.677435
v -0.395437 0.053834 -0.677482
v -0.466200 0.035999 -0.677491
v -0.466033 0.053444 -0.677512
v -0.536367 0.035071 -0.677389
v -0.536294 0.052526 -0.677483
v -0.605889 0.033238 -0.677516
v -0.605811 0.050822 -0.677524
v -0.673112 0.031086 -0.677441
v -0.673306 0.048711 -0.677503
v -0.734832 0.028054 -0.677519
v -0.735692 0.045609 -0.677533
v -0.784262 0.025104 -0.677481
v -0.785942 0.041976 -0.677508
v -0.734269 0.011474 -0.675312
v -0.782731 0.009359 -0.675186
v -0.734579 0.005952 -0.660308
v -0.782116 0.004608 -0.660585
v -0.735586 0.007311 -0.643832
v -0.782111 0.006044 -0.644051
v -0.737015 0.008612 -0.627107
v -0.781482 0.007443 -0.626864
v -0.738402 0.009856 -0.607867
v -0.675434 0.010767 -0.627027
v -0.676872 0.012088 -0.607971
v -0.678428 0.013277 -0.574889
v -0.608257 0.013382 -0.607338
v -0.609120 0.013908 -0.574944
v -0.610055 0.013723 -0.532339
v -0.538397 0.014080 -0.574493
v -0.539136 0.014055 -0.532356
v -0.540025 0.013313 -0.473846
v -0.468474 0.014035 -0.532668
v -0.469514 0.013682 -0.472890
v -0.470713 0.013118 -0.404647
v -0.399617 0.014071 -0.471529
v -0.400981 0.013763 -0.402864
v -0.402388 0.013269 -0.333478
v -0.331872 0.014258 -0.400857
v -0.333358 0.013679 -0.331320
v -0.334928 0.012919 -0.261641
v -0.264861 0.013267 -0.328711
v -0.266465 0.012482 -0.258874
v -0.268141 0.011527 -0.188913
v -0.198641 0.011453 -0.255352
v -0.200269 0.010953 -0.185194
v -0.201775 0.010061 -0.115054
v -0.269784 0.010384 -0.118801
v -0.203087 0.009163 -0.045073
v -0.271278 0.009186 -0.048787
v -0.204276 0.008251 0.024820
v -0.272598 0.008025 0.021221
v -0.204926 0.007590 0.094477
v -0.273487 0.006837 0.091412
v -0.204892 0.006810 0.164207
v -0.136092 0.009427 0.097412
v -0.136095 0.008840 0.166921
v -0.135809 0.008228 0.236714
v -0.067284 0.010164 0.168914
v -0.067138 0.009515 0.238655
v -0.066918 0.008815 0.308652
v 0.001511 0.010118 0.239630
v 0.001511 0.009352 0.309935
v 0.001511 0.008774 0.379897
v 0.001511 0.015017 -0.389557
v 0.001511 0.014544 -0.318606
v -0.064184 0.014023 -0.320087
v -0.063416 0.014498 -0.390772
v -0.062716 0.014972 -0.460705
v 0.001511 0.015549 -0.459705
v -0.061902 0.015424 -0.526870
v 0.001511 0.015805 -0.525533
v -0.128979 0.013620 -0.392871
v -0.127898 0.014137 -0.462661
v -0.126861 0.014732 -0.527978
v -0.126133 0.015320 -0.574409
v -0.061127 0.015786 -0.576012
v -0.194529 0.013966 -0.465094
v -0.193629 0.014736 -0.529258
v -0.193083 0.015325 -0.574498
v -0.192706 0.015678 -0.606599
v -0.125723 0.015744 -0.608490
v -0.261380 0.015100 -0.530435
v -0.260837 0.015412 -0.575628
v -0.260415 0.015590 -0.607705
v -0.260029 0.015756 -0.628665
v -0.192364 0.015969 -0.628697
v -0.328661 0.014944 -0.576045
v -0.328083 0.014982 -0.607234
v -0.327696 0.015068 -0.627632
v -0.327367 0.015197 -0.645494
v -0.259627 0.015961 -0.646409
v -0.396929 0.014318 -0.604830
v -0.396494 0.014322 -0.625277
v -0.396134 0.014304 -0.644099
v -0.395930 0.014677 -0.663118
v -0.327037 0.015505 -0.664258
v -0.467044 0.013730 -0.626012
v -0.466833 0.013600 -0.644013
v -0.466611 0.013771 -0.662657
v -0.466377 0.020233 -0.677324
v -0.395822 0.021140 -0.677313
v -0.536960 0.012442 -0.643860
v -0.536609 0.011664 -0.661841
v -0.536418 0.018996 -0.676786
v -0.606314 0.009036 -0.662030
v -0.606014 0.016312 -0.676913
v -0.673555 0.007901 -0.661148
v -0.673191 0.014069 -0.676144
v -0.606937 0.010689 -0.644162
v -0.674333 0.009309 -0.644027
v -0.607593 0.012251 -0.626641
v -0.537362 0.013171 -0.626410
v -0.537786 0.013855 -0.607820
v -0.467301 0.013913 -0.605806
v -0.467763 0.014068 -0.574492
v -0.397509 0.014329 -0.575049
v -0.398340 0.014278 -0.534037
v -0.329441 0.014864 -0.532399
v -0.330533 0.014621 -0.469853
v -0.262237 0.014647 -0.467673
v -0.263399 0.014023 -0.398453
v -0.195632 0.013198 -0.395639
v -0.197037 0.012243 -0.325592
v -0.130236 0.013034 -0.322388
v -0.131561 0.012470 -0.251882
v -0.064928 0.013524 -0.249478
v -0.065591 0.013073 -0.179057
v -0.132800 0.011937 -0.181604
v -0.066208 0.012564 -0.109021
v -0.133948 0.011302 -0.111548
v -0.066711 0.012014 -0.039208
v -0.134844 0.010625 -0.041827
v -0.067047 0.011363 0.030228
v -0.135631 0.009988 0.028013
v -0.067242 0.010787 0.099543
v 0.001511 0.012233 0.031534
v 0.001511 0.011437 0.100762
v 0.001511 0.010847 0.170129
v 0.001511 0.013651 -0.177699
v 0.001511 0.013056 -0.107607
v 0.001511 0.014114 -0.248023
v 0.001511 0.012593 -0.038222
v 0.001511 0.016178 -0.577475
v -0.889346 0.055062 0.561344
v -0.889199 0.037021 0.589530
v -0.889298 0.053484 0.587997
v -0.889179 0.036188 0.611386
v -0.889292 0.052279 0.609986
v -0.889202 0.035373 0.628936
v -0.889323 0.051576 0.628209
v -0.889207 0.034397 0.643478
v -0.889398 0.051124 0.643232
v -0.877021 0.034886 0.647219
v -0.877554 0.051226 0.647225
v -0.859958 0.051696 0.647191
v -0.888891 0.021385 0.612619
v -0.550707 0.382143 0.646944
v -0.481262 0.444278 0.644322
v -0.551100 0.445919 0.644605
v -0.412250 0.479046 0.646956
v 0.001511 0.518769 0.677800
v 0.001511 0.497864 0.677914
v -0.030803 0.474495 0.677954
v 0.001511 0.474612 0.677949
v 0.001511 0.427195 0.677933
v 0.001511 0.450929 0.677947
v -0.026386 0.450645 0.677948
v -0.022595 0.426928 0.677925
v -0.016630 0.402676 0.677860
v 0.001511 0.404015 0.677884
v -0.055178 0.450524 0.677928
v -0.050341 0.427439 0.677883
v -0.044124 0.401887 0.677907
v -0.081503 0.449706 0.668252
v -0.060962 0.474274 0.677928
v -0.083013 0.474323 0.659010
v 0.001511 0.386075 0.675879
v 0.685561 0.619347 -0.673256
v 0.685063 0.605181 -0.677416
v 0.620828 0.600191 -0.677477
v 0.622012 0.618020 -0.676967
v 0.555681 0.595467 -0.677464
v 0.555909 0.613067 -0.676704
v 0.013006 0.355785 0.677636
v 0.061538 0.325098 0.665886
v 0.053902 0.345754 0.677984
v 0.090652 0.361449 0.661024
v 0.069399 0.366737 0.677951
v 0.035949 0.375348 0.677892
v 0.009335 0.378119 0.675747
v 0.111246 0.359271 0.647204
v 0.076105 0.311336 0.647156
v 0.069269 0.247354 0.646993
v 0.138645 0.297012 0.646983
v 0.150648 0.351764 0.647024
v 0.048896 0.520007 0.677861
v 0.040499 0.498301 0.677958
v 0.069628 0.498313 0.677986
v 0.072124 0.517289 0.678086
v 0.088087 0.522586 0.663560
v 0.062791 0.536256 0.665732
v 0.089680 0.498987 0.661234
v 0.038817 0.468978 -0.677444
v 0.025950 0.441738 -0.661910
v 0.038523 0.418257 -0.677396
v 0.087863 0.405055 0.648167
v 0.125850 0.400982 0.647056
v 0.145768 0.443211 0.643677
v 0.095442 0.438227 0.646771
v 0.137864 0.479344 0.646974
v 0.097882 0.470886 0.647037
v 0.082129 0.431349 0.674072
v 0.076350 0.403113 0.677814
v 0.163750 0.393387 0.647014
v 0.210724 0.390483 0.646994
v 0.213545 0.431296 0.646853
v 0.179610 0.426389 0.647003
v 0.204540 0.457628 0.646977
v 0.075752 0.541038 0.647163
v 0.071475 0.563377 0.647015
v 0.100545 0.521837 0.647253
v 0.135760 0.530467 0.647031
v 0.135118 0.551243 0.647001
v 0.135411 0.570360 0.646985
v 0.890428 0.019412 0.642994
v 0.878052 0.020132 0.647133
v 0.876518 0.007061 0.642414
v 0.885531 0.009690 0.640136
v 0.876359 0.002308 0.628891
v 0.887060 0.008186 0.629170
v 0.891696 0.020888 0.629259
v 0.068150 0.615760 -0.668972
v 0.123979 0.616418 -0.677376
v 0.125010 0.606528 -0.677402
v 0.070980 0.611095 -0.676442
v 0.120735 0.585315 -0.677400
v 0.063822 0.585899 -0.677469
v 0.207813 0.615961 -0.674770
v 0.224138 0.595003 -0.677493
v 0.179672 0.590647 -0.677460
v 0.195380 0.616274 -0.677534
v 0.131576 0.616318 -0.654990
v 0.204390 0.616334 -0.656432
v 0.068161 0.616580 -0.653339
v 0.282085 0.616297 -0.660875
v 0.285837 0.612688 -0.677534
v 0.289016 0.597342 -0.677534
v 0.893014 0.435943 0.647085
v 0.894328 0.473656 0.641712
v 0.876963 0.474146 0.646641
v 0.876988 0.439982 0.646299
v 0.857164 0.475162 0.646852
v 0.856614 0.437368 0.646447
v 0.856582 0.377326 0.647012
v 0.876771 0.377571 0.647063
v 0.498388 0.477424 -0.677540
v 0.553265 0.478463 -0.677537
v 0.553507 0.447667 -0.672331
v 0.507014 0.446126 -0.673269
v 0.449484 0.455614 -0.677322
v 0.444246 0.486400 -0.677548
v 0.892834 0.436230 0.624732
v 0.894620 0.474116 0.623947
v 0.694093 0.620555 0.647020
v 0.694988 0.607115 0.646970
v 0.749371 0.606333 0.645775
v 0.753895 0.621403 0.644337
v 0.786786 0.606463 0.646858
v 0.786871 0.620235 0.646788
v 0.786940 0.624828 0.632594
v 0.749781 0.623501 0.630176
v 0.693245 0.624186 0.633629
v 0.867403 0.005135 -0.675246
v 0.867850 0.018633 -0.677245
v 0.883566 0.016347 -0.677067
v 0.881506 0.004973 -0.674429
v 0.884785 0.001994 -0.665036
v 0.867195 0.000879 -0.663671
v 0.891177 0.015094 -0.667374
v 0.895237 0.616434 0.642843
v 0.895237 0.617134 0.625548
v 0.891073 0.625861 0.624708
v 0.895313 0.625963 0.647089
v 0.877232 0.625658 0.640329
v 0.879038 0.617058 0.646832
v 0.891352 0.441180 0.518599
v 0.892665 0.381873 0.521254
v 0.892696 0.390015 0.472161
v 0.892752 0.437554 0.484916
v 0.894668 0.469300 0.466643
v 0.894654 0.477981 0.515922
v 0.892718 0.384813 0.416038
v 0.890063 0.441882 0.411316
v 0.892618 0.437848 0.453706
v 0.894742 0.471729 0.408181
v 0.556110 0.617948 -0.662756
v 0.622091 0.618948 -0.659805
v 0.686287 0.619343 -0.657465
v 0.852122 0.442807 -0.674738
v 0.873220 0.446050 -0.676412
v 0.878328 0.441957 -0.663698
v 0.866836 0.440718 -0.663954
v 0.887550 0.442801 -0.652961
v 0.872567 0.440594 -0.653234
v 0.867983 0.437286 -0.668471
v 0.892634 0.402723 -0.671550
v 0.879466 0.407813 -0.677479
v 0.881603 0.435109 -0.670206
v 0.892695 0.424228 -0.670202
v 0.883651 0.436425 -0.654104
v 0.892675 0.425584 -0.654219
v 0.892657 0.399767 -0.652686
v 0.895133 0.619325 0.447765
v 0.876052 0.624060 0.433423
v 0.874871 0.624507 0.473567
v 0.889045 0.624579 0.477377
v 0.888664 0.624899 0.517450
v 0.895178 0.617688 0.514221
v 0.895092 0.602364 0.511260
v 0.895012 0.603890 0.447700
v 0.895187 0.464201 -0.632190
v 0.882499 0.442524 -0.632457
v 0.890145 0.442981 -0.667824
v 0.894937 0.468577 -0.668839
v 0.885013 0.448164 -0.676782
v 0.886294 0.475490 -0.677370
v 0.843914 0.408723 -0.677479
v 0.819616 0.409090 -0.677500
v 0.822518 0.444474 -0.676108
v 0.849101 0.478860 -0.677483
v 0.869110 0.477243 -0.677432
v 0.824528 0.480739 -0.677501
v 0.872642 0.620453 -0.675111
v 0.872564 0.620686 -0.663603
v 0.889744 0.620604 -0.664351
v 0.887727 0.619727 -0.675238
v 0.895672 0.607562 -0.665663
v 0.889639 0.606683 -0.677390
v 0.872366 0.607325 -0.677397
v 0.888639 0.623224 0.285244
v 0.872911 0.623221 0.288006
v 0.875029 0.623437 0.357907
v 0.894040 0.620241 0.355495
v 0.894878 0.615054 0.324679
v 0.895000 0.615183 0.283482
v 0.894492 0.602044 0.376317
v 0.894906 0.600358 0.330189
v 0.894821 0.584860 0.386191
v 0.894919 0.583513 0.331954
v 0.894943 0.586703 0.451362
v 0.894911 0.570286 0.455143
v 0.894869 0.568020 0.391763
v 0.895013 0.586797 0.511842
v 0.894939 0.571026 0.512419
v 0.895022 0.587148 0.554199
v 0.894948 0.571528 0.553882
v 0.895061 0.602244 0.554605
v 0.895116 0.602919 0.584001
v 0.895025 0.587777 0.584409
v 0.894857 0.616848 0.554922
v 0.895213 0.617470 0.583424
v 0.887656 0.624712 0.555123
v 0.888466 0.625468 0.582887
v 0.872744 0.625007 0.555107
v 0.873721 0.625313 0.582720
v 0.873108 0.624833 0.519074
v 0.857617 0.624757 0.520654
v 0.857455 0.624963 0.555093
v 0.858989 0.624459 0.475574
v 0.859688 0.624082 0.427286
v 0.842194 0.624387 0.477481
v 0.841783 0.624670 0.522047
v 0.842810 0.624030 0.425575
v 0.858679 0.623633 0.358196
v 0.841898 0.623581 0.357148
v 0.823397 0.623945 0.424836
v 0.823047 0.624283 0.479563
v 0.822803 0.623487 0.357249
v 0.840804 0.623149 0.289170
v 0.822405 0.623068 0.288698
v 0.791742 0.623314 0.357168
v 0.792810 0.623750 0.424377
v 0.791352 0.622912 0.289057
v 0.823029 0.622706 0.222062
v 0.792189 0.622557 0.221529
v 0.748543 0.622678 0.289338
v 0.748313 0.623061 0.357404
v 0.749171 0.622324 0.221213
v 0.793918 0.622223 0.152555
v 0.750485 0.621988 0.152424
v 0.687997 0.621934 0.221148
v 0.687727 0.622263 0.289640
v 0.687619 0.621522 0.152353
v 0.750727 0.621575 0.083569
v 0.687035 0.621047 0.083463
v 0.619709 0.620898 0.152351
v 0.619845 0.621308 0.221261
v 0.619773 0.620439 0.083363
v 0.687231 0.620685 0.014563
v 0.620319 0.620087 0.014316
v 0.551629 0.619868 0.083254
v 0.551330 0.620300 0.152378
v 0.552151 0.619546 0.014070
v 0.621408 0.619887 -0.054837
v 0.552892 0.619325 -0.055200
v 0.483556 0.619058 0.013833
v 0.483073 0.619380 0.083140
v 0.484154 0.618822 -0.055547
v 0.553769 0.619115 -0.124614
v 0.484836 0.618577 -0.125029
v 0.415302 0.618318 -0.055894
v 0.414781 0.618572 0.013577
v 0.415883 0.618067 -0.125425
v 0.485553 0.618380 -0.194619
v 0.416516 0.617870 -0.195040
v 0.346857 0.617588 -0.125811
v 0.346362 0.617806 -0.056233
v 0.347401 0.617402 -0.195445
v 0.417207 0.617727 -0.264734
v 0.348010 0.617217 -0.265142
v 0.278175 0.617143 -0.195862
v 0.277766 0.617312 -0.126221
v 0.278612 0.616902 -0.265546
v 0.348736 0.617044 -0.334892
v 0.279096 0.616744 -0.335280
v 0.209122 0.617059 -0.265956
v 0.208900 0.617255 -0.196300
v 0.209288 0.616880 -0.335624
v 0.279663 0.616597 -0.404894
v 0.209343 0.616707 -0.405132
v 0.139647 0.617252 -0.335968
v 0.139712 0.617437 -0.266404
v 0.139359 0.617061 -0.405317
v 0.209193 0.616575 -0.472392
v 0.138756 0.616888 -0.472393
v 0.070108 0.617522 -0.405705
v 0.070390 0.617702 -0.336374
v 0.069536 0.617328 -0.472849
v 0.137842 0.616770 -0.528631
v 0.068887 0.617157 -0.528743
v 0.068553 0.617049 -0.569303
v 0.068584 0.616965 -0.600029
v 0.068606 0.616893 -0.622608
v 0.135412 0.616647 -0.601108
v 0.134855 0.616581 -0.621870
v 0.136607 0.616702 -0.570177
v 0.208153 0.616465 -0.570392
v 0.207439 0.616441 -0.602531
v 0.208780 0.616499 -0.529234
v 0.281078 0.616413 -0.530251
v 0.281831 0.616368 -0.571579
v 0.280343 0.616510 -0.472593
v 0.350905 0.616814 -0.472489
v 0.352426 0.616753 -0.530762
v 0.349662 0.616911 -0.404509
v 0.418958 0.617468 -0.404050
v 0.420197 0.617378 -0.471893
v 0.417994 0.617585 -0.334485
v 0.486948 0.618108 -0.334096
v 0.487647 0.618028 -0.403761
v 0.486260 0.618218 -0.264313
v 0.555371 0.618785 -0.263843
v 0.555878 0.618686 -0.333665
v 0.554639 0.618935 -0.194170
v 0.624011 0.619529 -0.193690
v 0.624847 0.619381 -0.263294
v 0.622760 0.619703 -0.124172
v 0.691253 0.620323 -0.123708
v 0.693601 0.620163 -0.193197
v 0.688674 0.620485 -0.054432
v 0.747627 0.621018 -0.054056
v 0.747063 0.620815 -0.123294
v 0.749256 0.621224 0.014768
v 0.796436 0.621566 0.014902
v 0.792981 0.621388 -0.053697
v 0.796922 0.621877 0.083632
v 0.826441 0.622038 0.083730
v 0.829970 0.621791 0.014871
v 0.824577 0.622372 0.152679
v 0.842657 0.622446 0.152806
v 0.844383 0.622115 0.083666
v 0.841567 0.622785 0.222643
v 0.857324 0.622838 0.222874
v 0.858269 0.622489 0.152909
v 0.857163 0.623205 0.289194
v 0.872713 0.622860 0.223397
v 0.887623 0.622806 0.222551
v 0.888510 0.622510 0.153903
v 0.873699 0.622516 0.153365
v 0.894664 0.613542 0.221699
v 0.895041 0.613390 0.152641
v 0.894854 0.597715 0.220816
v 0.895007 0.597791 0.152192
v 0.894978 0.598680 0.282896
v 0.894938 0.582500 0.282270
v 0.894887 0.582103 0.219871
v 0.894900 0.566318 0.281824
v 0.894890 0.566343 0.218986
v 0.894886 0.566565 0.334874
v 0.894843 0.547484 0.337835
v 0.894861 0.547128 0.281382
v 0.894842 0.549318 0.395923
v 0.894804 0.526038 0.400601
v 0.894804 0.524233 0.340553
v 0.894861 0.552173 0.459053
v 0.894806 0.528936 0.462811
v 0.894870 0.554160 0.513130
v 0.894798 0.531588 0.513758
v 0.894873 0.554469 0.553526
v 0.894794 0.532466 0.552896
v 0.894852 0.553574 0.582482
v 0.894757 0.531624 0.581414
v 0.894942 0.571996 0.583286
v 0.894927 0.572204 0.605268
v 0.894792 0.552631 0.604255
v 0.895028 0.588188 0.605487
v 0.895014 0.588138 0.625256
v 0.894870 0.571738 0.624477
v 0.895127 0.603142 0.606066
v 0.895124 0.603070 0.625761
v 0.895218 0.617582 0.606087
v 0.889522 0.625636 0.606080
v 0.875112 0.625510 0.605963
v 0.876363 0.625661 0.623623
v 0.859533 0.625338 0.605396
v 0.860141 0.625409 0.622161
v 0.858388 0.625179 0.582425
v 0.841222 0.625033 0.582409
v 0.841683 0.625163 0.603863
v 0.841394 0.624876 0.555693
v 0.822207 0.624751 0.556678
v 0.821572 0.624890 0.582761
v 0.822756 0.624558 0.523735
v 0.790401 0.624348 0.526099
v 0.789669 0.624526 0.557988
v 0.791550 0.624089 0.482302
v 0.748276 0.623822 0.485120
v 0.747639 0.624066 0.528785
v 0.748304 0.623469 0.424401
v 0.687507 0.623065 0.425131
v 0.688429 0.623405 0.487113
v 0.687427 0.622643 0.357900
v 0.620063 0.622034 0.358567
v 0.620373 0.622465 0.426458
v 0.619990 0.621655 0.290011
v 0.551201 0.621038 0.290430
v 0.551351 0.621395 0.359324
v 0.551210 0.620690 0.221438
v 0.482481 0.620167 0.221627
v 0.482382 0.620487 0.290823
v 0.482714 0.619786 0.152396
v 0.413947 0.619255 0.152376
v 0.413647 0.619629 0.221770
v 0.414327 0.618885 0.082991
v 0.345482 0.618367 0.082806
v 0.345092 0.618714 0.152312
v 0.345905 0.618069 0.013303
v 0.276988 0.617705 0.012986
v 0.276603 0.617854 0.082571
v 0.277373 0.617497 -0.056610
v 0.208376 0.617606 -0.057032
v 0.208076 0.617780 0.012607
v 0.208649 0.617423 -0.126661
v 0.139558 0.617749 -0.127144
v 0.139407 0.617946 -0.057519
v 0.139668 0.617617 -0.196771
v 0.070547 0.618094 -0.197267
v 0.070520 0.618266 -0.127674
v 0.070499 0.617889 -0.266931
v 0.068381 0.616792 -0.638142
v 0.133487 0.616492 -0.638701
v 0.204127 0.616390 -0.640128
v 0.205196 0.616421 -0.623299
v 0.280622 0.616344 -0.625303
v 0.281115 0.616323 -0.642634
v 0.282386 0.616358 -0.603886
v 0.355664 0.616687 -0.605880
v 0.356867 0.616655 -0.625794
v 0.354035 0.616721 -0.572784
v 0.423409 0.617281 -0.574258
v 0.424949 0.617253 -0.606186
v 0.421695 0.617315 -0.530788
v 0.489079 0.617892 -0.529839
v 0.489559 0.617868 -0.573023
v 0.488375 0.617965 -0.471145
v 0.556349 0.618562 -0.470871
v 0.556434 0.618516 -0.528239
v 0.556182 0.618622 -0.403669
v 0.624924 0.619186 -0.403035
v 0.624439 0.619099 -0.470220
v 0.625126 0.619276 -0.333024
v 0.693762 0.619908 -0.332182
v 0.693369 0.619777 -0.401601
v 0.694365 0.620017 -0.262686
v 0.749636 0.620508 -0.262208
v 0.752004 0.620418 -0.331365
v 0.747694 0.620635 -0.192827
v 0.786942 0.620943 -0.192627
v 0.788995 0.620817 -0.261848
v 0.789003 0.621153 -0.122927
v 0.823019 0.621406 -0.122539
v 0.818693 0.621174 -0.192543
v 0.828629 0.621670 -0.053450
v 0.847875 0.621812 -0.053486
v 0.845356 0.621559 -0.122169
v 0.847045 0.621876 0.014830
v 0.861744 0.621915 0.014757
v 0.863376 0.621839 -0.053584
v 0.859573 0.622179 0.083555
v 0.874659 0.622222 0.083444
v 0.876395 0.621940 0.014670
v 0.889100 0.622261 0.083319
v 0.889933 0.622032 0.014605
v 0.895044 0.613140 0.083197
v 0.895004 0.612314 0.014505
v 0.895019 0.597879 0.083061
v 0.894979 0.597369 0.014405
v 0.894997 0.582976 0.082906
v 0.894997 0.582941 0.014342
v 0.894977 0.582442 0.151770
v 0.894950 0.566828 0.151309
v 0.894979 0.567890 0.082752
v 0.894927 0.550312 0.150875
v 0.894968 0.551144 0.082609
v 0.894876 0.548569 0.218148
v 0.894870 0.524085 0.217367
v 0.894930 0.526365 0.150375
v 0.894839 0.523209 0.281303
v 0.894835 0.497280 0.281530
v 0.894898 0.497314 0.216813
v 0.894769 0.498493 0.343018
v 0.894690 0.471580 0.345418
v 0.894852 0.469314 0.281688
v 0.894770 0.500349 0.405508
v 0.894751 0.503494 0.467056
v 0.894735 0.506586 0.513322
v 0.894727 0.507464 0.551982
v 0.894653 0.478928 0.551878
v 0.894691 0.506363 0.580770
v 0.894671 0.477742 0.581728
v 0.894561 0.504732 0.602518
v 0.894653 0.475815 0.604367
v 0.894665 0.530563 0.602748
v 0.894347 0.529321 0.622236
v 0.894324 0.503198 0.622493
v 0.894687 0.551998 0.623339
v 0.894203 0.551440 0.641091
v 0.893746 0.528261 0.640285
v 0.894762 0.571394 0.641762
v 0.880071 0.571947 0.646926
v 0.878366 0.552147 0.646597
v 0.894959 0.588333 0.642326
v 0.880789 0.589174 0.646946
v 0.895125 0.603041 0.642611
v 0.880657 0.603662 0.646939
v 0.861673 0.604593 0.646818
v 0.861566 0.590270 0.646926
v 0.861176 0.618037 0.645772
v 0.842704 0.619032 0.646913
v 0.842614 0.605394 0.646827
v 0.860504 0.625016 0.637623
v 0.842492 0.625236 0.636484
v 0.842089 0.625232 0.620698
v 0.821864 0.625008 0.618780
v 0.821208 0.624790 0.634716
v 0.821840 0.624966 0.601964
v 0.787684 0.624703 0.600221
v 0.787139 0.624770 0.616303
v 0.788849 0.624644 0.582845
v 0.747299 0.624283 0.582976
v 0.747598 0.624225 0.600268
v 0.747279 0.624219 0.560016
v 0.690505 0.623835 0.564094
v 0.691264 0.623947 0.586486
v 0.689661 0.623683 0.532772
v 0.622031 0.623037 0.533122
v 0.622879 0.623222 0.565463
v 0.621112 0.622798 0.488692
v 0.552214 0.622140 0.489641
v 0.552643 0.622340 0.533116
v 0.551707 0.621815 0.427729
v 0.482600 0.621144 0.428745
v 0.482878 0.621397 0.490003
v 0.482412 0.620806 0.360001
v 0.413308 0.620259 0.360592
v 0.413258 0.620549 0.429530
v 0.413440 0.619959 0.291174
v 0.344452 0.619389 0.291445
v 0.344190 0.619687 0.361128
v 0.344751 0.619051 0.221843
v 0.275856 0.618573 0.221824
v 0.275492 0.618875 0.291583
v 0.276221 0.618290 0.152170
v 0.207397 0.618235 0.151931
v 0.207031 0.618498 0.221681
v 0.207747 0.617963 0.082253
v 0.138948 0.618340 0.081836
v 0.138661 0.618559 0.151565
v 0.139208 0.618163 0.012146
v 0.070392 0.618647 0.011569
v 0.070219 0.618840 0.081262
v 0.070474 0.618450 -0.058093
v 0.059491 0.565241 -0.677513
v 0.052330 0.543824 -0.677530
v 0.117490 0.567178 -0.677489
v 0.113663 0.547354 -0.677522
v 0.175405 0.572082 -0.677502
v 0.175466 0.553388 -0.677523
v 0.227837 0.577189 -0.677520
v 0.230391 0.559847 -0.677532
v 0.292302 0.579712 -0.677535
v 0.295234 0.562689 -0.677535
v 0.366484 0.579321 -0.677520
v 0.368805 0.562240 -0.677529
v 0.364124 0.596851 -0.677477
v 0.432279 0.595274 -0.677499
v 0.434193 0.576930 -0.677520
v 0.362075 0.612913 -0.677484
v 0.430606 0.611920 -0.677466
v 0.359912 0.616466 -0.662465
v 0.429132 0.617181 -0.663532
v 0.358467 0.616617 -0.643767
v 0.427672 0.617206 -0.644527
v 0.426283 0.617231 -0.626133
v 0.490271 0.617809 -0.626983
v 0.490758 0.617788 -0.645311
v 0.489882 0.617821 -0.606446
v 0.556466 0.618438 -0.603511
v 0.556401 0.618367 -0.625582
v 0.556453 0.618482 -0.570886
v 0.623492 0.619000 -0.568657
v 0.623127 0.618980 -0.600892
v 0.623910 0.619036 -0.526964
v 0.691287 0.619557 -0.526471
v 0.689990 0.619489 -0.569079
v 0.692562 0.619649 -0.468850
v 0.753746 0.620156 -0.467374
v 0.753599 0.620076 -0.525093
v 0.753277 0.620281 -0.400101
v 0.796150 0.620593 -0.398828
v 0.798450 0.620490 -0.465509
v 0.793310 0.620724 -0.330740
v 0.824660 0.620941 -0.330229
v 0.829336 0.620824 -0.397841
v 0.819756 0.621037 -0.261586
v 0.841616 0.621170 -0.261500
v 0.844971 0.621076 -0.329840
v 0.841989 0.621336 -0.192408
v 0.860341 0.621447 -0.192206
v 0.860545 0.621237 -0.261333
v 0.862577 0.621659 -0.121897
v 0.878881 0.621726 -0.121742
v 0.877944 0.621497 -0.191853
v 0.878310 0.621883 -0.053753
v 0.889578 0.621953 -0.054067
v 0.890587 0.620900 -0.121982
v 0.895121 0.610127 -0.053859
v 0.894710 0.606816 -0.121522
v 0.895084 0.595101 -0.053727
v 0.894964 0.591937 -0.121456
v 0.895058 0.580991 -0.053634
v 0.895065 0.577194 -0.121421
v 0.895057 0.566531 -0.053586
v 0.895103 0.562226 -0.121423
v 0.895008 0.568056 0.014316
v 0.895015 0.551684 0.014307
v 0.895065 0.549859 -0.053610
v 0.895046 0.529272 0.014224
v 0.895100 0.527193 -0.053698
v 0.894982 0.528453 0.082329
v 0.895044 0.502573 0.082010
v 0.895121 0.503382 0.014015
v 0.894976 0.500000 0.149928
v 0.895036 0.469628 0.149514
v 0.895143 0.472312 0.081699
v 0.894920 0.468143 0.216370
v 0.892689 0.429670 0.216364
v 0.892701 0.430189 0.149217
v 0.892643 0.433818 0.282883
v 0.892757 0.381764 0.285194
v 0.892762 0.380487 0.217110
v 0.892362 0.438543 0.348274
v 0.892743 0.382815 0.351748
v 0.892734 0.320925 0.353573
v 0.892765 0.322909 0.285686
v 0.892673 0.318712 0.419547
v 0.892684 0.251637 0.421651
v 0.892734 0.253199 0.354170
v 0.892628 0.316920 0.479347
v 0.892623 0.250103 0.485010
v 0.892591 0.315735 0.524269
v 0.892574 0.249366 0.526647
v 0.892571 0.315039 0.558224
v 0.892539 0.249048 0.559208
v 0.892655 0.378685 0.556511
v 0.892657 0.378005 0.583822
v 0.892564 0.314584 0.584330
v 0.892686 0.439049 0.554722
v 0.892792 0.437685 0.583189
v 0.892789 0.436750 0.605468
v 0.892651 0.377664 0.605299
v 0.892636 0.377594 0.626063
v 0.892562 0.314238 0.605049
v 0.892568 0.313949 0.625143
v 0.892525 0.249009 0.624950
v 0.892516 0.249015 0.605301
v 0.892578 0.313714 0.642537
v 0.892542 0.248949 0.642364
v 0.892590 0.377599 0.643165
v 0.876963 0.313490 0.647070
v 0.877087 0.248788 0.647090
v 0.856460 0.313237 0.647023
v 0.856469 0.248489 0.647041
v 0.835954 0.312896 0.646991
v 0.836268 0.248042 0.647004
v 0.837233 0.377111 0.646978
v 0.815485 0.377317 0.646953
v 0.813144 0.312573 0.646960
v 0.837971 0.437129 0.646849
v 0.816963 0.437898 0.646294
v 0.837837 0.477185 0.646936
v 0.816119 0.479203 0.646946
v 0.836791 0.506805 0.646796
v 0.815267 0.509450 0.646886
v 0.856810 0.504320 0.646617
v 0.857569 0.530621 0.646558
v 0.838070 0.532387 0.646760
v 0.875869 0.503183 0.646129
v 0.876617 0.529202 0.645982
v 0.892137 0.503039 0.640796
v 0.859134 0.553482 0.646786
v 0.839655 0.555135 0.646868
v 0.860726 0.573050 0.646897
v 0.840907 0.574013 0.646908
v 0.841984 0.590904 0.646912
v 0.817919 0.591122 0.646921
v 0.816887 0.574823 0.646904
v 0.818968 0.605992 0.646886
v 0.786557 0.591294 0.646866
v 0.820161 0.619785 0.646424
v 0.748158 0.591348 0.646563
v 0.747725 0.575793 0.646767
v 0.786347 0.575696 0.646891
v 0.694480 0.591593 0.646941
v 0.694778 0.575659 0.646928
v 0.625569 0.590300 0.646964
v 0.625729 0.574877 0.646954
v 0.625394 0.605745 0.646989
v 0.624982 0.619351 0.647018
v 0.553612 0.603076 0.646964
v 0.553825 0.587683 0.646947
v 0.553392 0.617559 0.646991
v 0.624673 0.623565 0.635627
v 0.553255 0.622833 0.636464
v 0.483612 0.615775 0.646932
v 0.483818 0.600763 0.646933
v 0.483527 0.622066 0.637568
v 0.553190 0.622780 0.620076
v 0.483543 0.622009 0.621475
v 0.413643 0.621208 0.638059
v 0.413890 0.614217 0.647003
v 0.413468 0.621171 0.621665
v 0.483577 0.621938 0.605628
v 0.413313 0.621115 0.605595
v 0.343220 0.620419 0.621421
v 0.343210 0.620429 0.638152
v 0.343271 0.620393 0.604557
v 0.413210 0.621054 0.588446
v 0.343352 0.620361 0.586636
v 0.273881 0.619844 0.605503
v 0.273844 0.619868 0.622463
v 0.273940 0.619812 0.588077
v 0.343481 0.620319 0.566110
v 0.274053 0.619759 0.568988
v 0.204621 0.619735 0.590993
v 0.204486 0.619770 0.608195
v 0.204695 0.619687 0.571673
v 0.274237 0.619662 0.536832
v 0.204845 0.619536 0.539347
v 0.135174 0.620021 0.573690
v 0.135191 0.620090 0.594966
v 0.135357 0.619902 0.540322
v 0.205155 0.619364 0.494040
v 0.135918 0.619744 0.494739
v 0.067204 0.620368 0.541109
v 0.067033 0.620492 0.574422
v 0.067835 0.620218 0.494867
v 0.136759 0.619549 0.430802
v 0.068664 0.620021 0.430527
v 0.069248 0.619800 0.360955
v 0.069586 0.619549 0.290928
v 0.069831 0.619288 0.220931
v 0.137961 0.619083 0.291316
v 0.138343 0.618807 0.221390
v 0.137466 0.619337 0.361329
v 0.206163 0.619004 0.361561
v 0.206629 0.618754 0.291544
v 0.205640 0.619190 0.431107
v 0.274747 0.619361 0.431108
v 0.275120 0.619110 0.361513
v 0.274443 0.619522 0.493787
v 0.343746 0.620144 0.493709
v 0.343951 0.619958 0.430378
v 0.343602 0.620247 0.535360
v 0.413189 0.620863 0.534008
v 0.413223 0.620743 0.491975
v 0.413152 0.620975 0.566666
v 0.483385 0.621728 0.567028
v 0.483143 0.621565 0.533317
v 0.483540 0.621853 0.589009
v 0.553007 0.622616 0.586978
v 0.552913 0.622507 0.565612
v 0.553099 0.622702 0.604170
v 0.623984 0.623434 0.604008
v 0.623541 0.623349 0.588115
v 0.624354 0.623504 0.619532
v 0.692514 0.624118 0.617855
v 0.691840 0.624027 0.602697
v 0.748135 0.624080 0.615673
v 0.070036 0.619041 0.151020
v 0.047306 0.520398 -0.677528
v 0.043786 0.494844 -0.677514
v 0.109452 0.525091 -0.677530
v 0.107079 0.501655 -0.677512
v 0.173636 0.532793 -0.677538
v 0.173217 0.509428 -0.677548
v 0.233393 0.539407 -0.677541
v 0.235426 0.515668 -0.677545
v 0.299450 0.543111 -0.677533
v 0.302757 0.519388 -0.677522
v 0.371414 0.542092 -0.677535
v 0.374330 0.518712 -0.677540
v 0.438837 0.536226 -0.677541
v 0.441237 0.511751 -0.677549
v 0.436479 0.558088 -0.677532
v 0.493529 0.553970 -0.677531
v 0.493862 0.530954 -0.677540
v 0.493022 0.574509 -0.677510
v 0.555340 0.576374 -0.677514
v 0.555019 0.555708 -0.677532
v 0.492578 0.594021 -0.677476
v 0.491915 0.611477 -0.677354
v 0.491276 0.617746 -0.664153
v 0.556277 0.618280 -0.644600
v 0.622357 0.618959 -0.642362
v 0.622754 0.618968 -0.623927
v 0.687930 0.619414 -0.621589
v 0.687082 0.619383 -0.640118
v 0.688941 0.619446 -0.599845
v 0.751447 0.619953 -0.601147
v 0.750793 0.619911 -0.621787
v 0.752622 0.620011 -0.569265
v 0.799443 0.620366 -0.569856
v 0.798670 0.620299 -0.604716
v 0.799557 0.620428 -0.523526
v 0.831907 0.620669 -0.522446
v 0.831856 0.620612 -0.570336
v 0.830898 0.620721 -0.463745
v 0.849967 0.620837 -0.462545
v 0.850916 0.620800 -0.521752
v 0.848785 0.620949 -0.397260
v 0.866900 0.621058 -0.396869
v 0.868479 0.620927 -0.461737
v 0.863603 0.621188 -0.329537
v 0.882743 0.621309 -0.329059
v 0.885514 0.621117 -0.396557
v 0.879358 0.621230 -0.260991
v 0.894990 0.614287 -0.260550
v 0.895542 0.614551 -0.328718
v 0.892875 0.620568 -0.191911
v 0.895063 0.605214 -0.191886
v 0.895243 0.600767 -0.260830
v 0.895160 0.587929 -0.191420
v 0.895294 0.582881 -0.260870
v 0.895178 0.571644 -0.191278
v 0.895263 0.564668 -0.260918
v 0.895172 0.554415 -0.191210
v 0.895223 0.544756 -0.260991
v 0.895170 0.534110 -0.191213
v 0.895217 0.521875 -0.261194
v 0.895118 0.544297 -0.121549
v 0.895164 0.520615 -0.121934
v 0.895208 0.510787 -0.191420
v 0.895288 0.495193 -0.122480
v 0.895362 0.486996 -0.191806
v 0.895190 0.501065 -0.054031
v 0.895348 0.472783 -0.054569
v 0.895497 0.468677 -0.123209
v 0.895238 0.473882 0.013656
v 0.892743 0.434776 0.012961
v 0.892702 0.433987 -0.055498
v 0.892679 0.432915 0.081231
v 0.892764 0.378235 0.080490
v 0.892767 0.376981 0.011926
v 0.892764 0.379566 0.148880
v 0.892767 0.321156 0.148317
v 0.892767 0.318669 0.079603
v 0.892767 0.322893 0.217151
v 0.892767 0.254726 0.216644
v 0.892767 0.254319 0.147611
v 0.892765 0.254290 0.285590
v 0.892767 0.187619 0.285586
v 0.892769 0.188511 0.216265
v 0.892755 0.186214 0.354705
v 0.892768 0.134438 0.355281
v 0.892784 0.135739 0.285732
v 0.892706 0.184632 0.423038
v 0.892704 0.132728 0.424221
v 0.892608 0.183486 0.487769
v 0.892586 0.130715 0.487702
v 0.892541 0.183441 0.527388
v 0.892511 0.130847 0.527641
v 0.892497 0.183955 0.559542
v 0.892464 0.131637 0.559452
v 0.892473 0.183930 0.585530
v 0.892440 0.132836 0.585123
v 0.892521 0.248996 0.585367
v 0.892467 0.184072 0.605586
v 0.892433 0.133690 0.605937
v 0.892482 0.184475 0.625195
v 0.892433 0.134092 0.625584
v 0.892520 0.184861 0.642534
v 0.892429 0.133970 0.642606
v 0.877028 0.185194 0.647144
v 0.877527 0.133568 0.647137
v 0.856847 0.185319 0.647098
v 0.857920 0.133121 0.647113
v 0.837411 0.185029 0.647064
v 0.839092 0.132887 0.647090
v 0.815156 0.184466 0.647034
v 0.816707 0.133508 0.647065
v 0.813090 0.247461 0.646969
v 0.783385 0.246808 0.646955
v 0.783854 0.183619 0.647005
v 0.784449 0.312419 0.646938
v 0.748152 0.312518 0.646928
v 0.747895 0.246285 0.646940
v 0.786860 0.377782 0.646938
v 0.747572 0.378543 0.646941
v 0.789636 0.439390 0.646376
v 0.748111 0.441026 0.645588
v 0.788503 0.481467 0.646958
v 0.749374 0.484577 0.646967
v 0.788005 0.511325 0.646940
v 0.749466 0.512759 0.646956
v 0.786957 0.536647 0.646925
v 0.749126 0.537570 0.646923
v 0.815629 0.534466 0.646896
v 0.816137 0.556312 0.646884
v 0.786225 0.557915 0.646905
v 0.748094 0.559327 0.646884
v 0.694136 0.558860 0.646924
v 0.693228 0.537468 0.646940
v 0.625705 0.557442 0.646948
v 0.625428 0.535670 0.646949
v 0.554271 0.554833 0.646939
v 0.554401 0.533798 0.646939
v 0.554045 0.572259 0.646940
v 0.484305 0.569437 0.646933
v 0.484491 0.551760 0.646935
v 0.484060 0.585167 0.646932
v 0.414404 0.583438 0.646969
v 0.414657 0.567709 0.646964
v 0.414168 0.599006 0.646982
v 0.343518 0.597814 0.646968
v 0.343779 0.582218 0.646965
v 0.343306 0.613186 0.646978
v 0.273840 0.611703 0.646995
v 0.273917 0.595887 0.646974
v 0.273816 0.619876 0.639031
v 0.204159 0.619776 0.640959
v 0.203945 0.609130 0.647009
v 0.204331 0.619787 0.625106
v 0.135397 0.620175 0.628800
v 0.135497 0.620206 0.643310
v 0.135281 0.620135 0.611811
v 0.067351 0.620647 0.614294
v 0.067639 0.620697 0.632574
v 0.067152 0.620580 0.596196
v 0.067954 0.616423 0.647023
v 0.068330 0.600454 0.646996
v 0.135487 0.605458 0.647000
v 0.069195 0.582386 0.646988
v 0.135413 0.587457 0.646984
v 0.045844 0.384961 -0.677502
v 0.052490 0.341052 -0.677531
v 0.108903 0.382996 -0.677494
v 0.114089 0.338097 -0.677528
v 0.103781 0.421283 -0.677337
v 0.103260 0.450252 -0.677028
v 0.176379 0.423514 -0.677282
v 0.179017 0.382250 -0.677497
v 0.174618 0.456743 -0.677518
v 0.104368 0.476924 -0.677484
v 0.173535 0.484950 -0.677545
v 0.240336 0.461427 -0.677467
v 0.243949 0.424145 -0.677413
v 0.237562 0.490476 -0.677540
v 0.305964 0.493724 -0.677476
v 0.309433 0.464250 -0.677266
v 0.377412 0.493930 -0.677533
v 0.381738 0.464290 -0.677492
v 0.388281 0.424263 -0.677418
v 0.313588 0.424395 -0.677420
v 0.458516 0.423166 -0.677284
v 0.391527 0.383540 -0.677507
v 0.317298 0.382101 -0.677510
v 0.461987 0.388792 -0.677487
v 0.464015 0.337464 -0.677526
v 0.392941 0.334049 -0.677530
v 0.534749 0.386040 -0.677497
v 0.536895 0.335907 -0.677527
v 0.535325 0.422595 -0.677358
v 0.609891 0.378619 -0.677499
v 0.609877 0.328188 -0.677520
v 0.610435 0.414074 -0.677311
v 0.564065 0.437294 -0.670041
v 0.614881 0.438790 -0.671686
v 0.678335 0.410243 -0.677426
v 0.680188 0.369156 -0.677489
v 0.679269 0.445713 -0.676669
v 0.615851 0.465750 -0.677338
v 0.680317 0.479338 -0.677455
v 0.742552 0.447228 -0.676678
v 0.741492 0.408801 -0.677411
v 0.744357 0.484494 -0.677489
v 0.681537 0.505531 -0.677505
v 0.745351 0.511206 -0.677517
v 0.792634 0.483199 -0.677501
v 0.790234 0.445758 -0.675974
v 0.793327 0.512455 -0.677524
v 0.746150 0.535448 -0.677515
v 0.793490 0.536465 -0.677517
v 0.825978 0.512156 -0.677503
v 0.826798 0.536421 -0.677493
v 0.793750 0.556919 -0.677493
v 0.827004 0.557682 -0.677472
v 0.849915 0.535628 -0.677433
v 0.849400 0.510506 -0.677466
v 0.850695 0.557826 -0.677405
v 0.827448 0.575884 -0.677460
v 0.851596 0.576529 -0.677402
v 0.868961 0.557586 -0.677258
v 0.868303 0.534774 -0.677365
v 0.870195 0.576263 -0.677260
v 0.851895 0.592256 -0.677406
v 0.871592 0.592092 -0.677357
v 0.887122 0.575465 -0.676760
v 0.886489 0.556665 -0.677207
v 0.888683 0.591442 -0.677227
v 0.895470 0.591606 -0.666634
v 0.894991 0.574808 -0.666564
v 0.895538 0.591890 -0.650812
v 0.895357 0.574168 -0.650411
v 0.895676 0.608943 -0.650674
v 0.895553 0.608843 -0.633247
v 0.895564 0.591444 -0.633211
v 0.889516 0.620780 -0.649840
v 0.888584 0.620704 -0.633181
v 0.872009 0.620747 -0.648977
v 0.871406 0.620745 -0.632795
v 0.851848 0.620591 -0.647828
v 0.851767 0.620632 -0.631425
v 0.851921 0.620512 -0.662464
v 0.851920 0.620426 -0.674761
v 0.827759 0.620346 -0.660480
v 0.827835 0.620410 -0.645319
v 0.827685 0.620267 -0.673779
v 0.851869 0.607705 -0.677417
v 0.827637 0.607729 -0.677434
v 0.795437 0.619657 -0.672224
v 0.795896 0.620069 -0.657998
v 0.794873 0.607299 -0.677330
v 0.747947 0.606972 -0.677295
v 0.748349 0.619763 -0.672000
v 0.794224 0.590947 -0.677424
v 0.747710 0.589863 -0.677416
v 0.827642 0.591839 -0.677444
v 0.793959 0.574770 -0.677466
v 0.747504 0.573562 -0.677459
v 0.747039 0.555922 -0.677490
v 0.683464 0.552461 -0.677518
v 0.684029 0.570479 -0.677505
v 0.682702 0.530755 -0.677522
v 0.616824 0.518622 -0.677520
v 0.617940 0.543288 -0.677528
v 0.615910 0.492657 -0.677485
v 0.554202 0.506956 -0.677540
v 0.554702 0.532746 -0.677536
v 0.495070 0.505193 -0.677544
v 0.618928 0.563754 -0.677523
v 0.619870 0.582165 -0.677514
v 0.684542 0.587257 -0.677483
v 0.748978 0.619817 -0.656694
v 0.749992 0.619865 -0.639706
v 0.796396 0.620174 -0.641955
v 0.797524 0.620236 -0.624611
v 0.828729 0.620467 -0.628658
v 0.829747 0.620530 -0.607434
v 0.851342 0.620656 -0.609541
v 0.851362 0.620757 -0.570756
v 0.870148 0.620904 -0.570934
v 0.870691 0.620712 -0.611320
v 0.869601 0.620920 -0.521526
v 0.887576 0.620992 -0.521374
v 0.888196 0.621060 -0.570923
v 0.886676 0.621018 -0.461121
v 0.895711 0.610033 -0.460720
v 0.895731 0.609112 -0.521724
v 0.895575 0.612187 -0.396257
v 0.895529 0.592845 -0.396065
v 0.895572 0.589595 -0.460641
v 0.895470 0.597055 -0.328814
v 0.895386 0.578053 -0.328911
v 0.895427 0.573014 -0.395984
v 0.895302 0.558181 -0.329048
v 0.895328 0.552067 -0.395884
v 0.895237 0.535610 -0.329240
v 0.895258 0.528498 -0.395823
v 0.895239 0.510725 -0.329400
v 0.895255 0.503723 -0.395721
v 0.895305 0.486765 -0.329414
v 0.895318 0.479991 -0.395593
v 0.895289 0.498308 -0.261326
v 0.895441 0.475473 -0.261370
v 0.895388 0.464350 -0.329138
v 0.892406 0.449606 -0.261541
v 0.887412 0.437437 -0.329261
v 0.895642 0.461308 -0.192484
v 0.892595 0.426630 -0.193815
v 0.892475 0.418940 -0.262859
v 0.892674 0.431323 -0.124462
v 0.892720 0.377053 -0.126015
v 0.892620 0.378227 -0.195431
v 0.892762 0.376611 -0.056830
v 0.892764 0.318668 -0.057967
v 0.892734 0.322467 -0.127093
v 0.892767 0.317494 0.010884
v 0.892774 0.254259 0.009882
v 0.892784 0.257066 -0.058950
v 0.892768 0.253684 0.078704
v 0.892781 0.188571 0.077926
v 0.892813 0.189824 0.009005
v 0.892771 0.188612 0.147011
v 0.892811 0.135324 0.146681
v 0.892857 0.135400 0.077416
v 0.892800 0.135875 0.216109
v 0.892857 0.098929 0.216110
v 0.892906 0.097363 0.146608
v 0.892819 0.101026 0.285930
v 0.892857 0.074394 0.286142
v 0.892911 0.071798 0.216214
v 0.892789 0.102161 0.355690
v 0.892822 0.074734 0.355978
v 0.892715 0.101629 0.424375
v 0.892740 0.074763 0.424145
v 0.892584 0.100487 0.487061
v 0.892598 0.075282 0.484996
v 0.892496 0.099248 0.528722
v 0.892477 0.075368 0.530160
v 0.892444 0.098731 0.559567
v 0.892418 0.074467 0.560535
v 0.892414 0.098391 0.585218
v 0.892379 0.073419 0.586391
v 0.892401 0.098397 0.606765
v 0.892373 0.071854 0.608363
v 0.892406 0.097612 0.626255
v 0.892383 0.070434 0.627297
v 0.892429 0.096515 0.642673
v 0.892420 0.069961 0.642874
v 0.878430 0.096013 0.647151
v 0.879513 0.069732 0.647202
v 0.859268 0.096226 0.647132
v 0.861009 0.070141 0.647168
v 0.840272 0.096626 0.647109
v 0.841931 0.071022 0.647139
v 0.817850 0.097198 0.647086
v 0.820698 0.071647 0.647114
v 0.787100 0.098101 0.647066
v 0.788643 0.071496 0.647095
v 0.785382 0.134715 0.647040
v 0.747632 0.135475 0.647025
v 0.747218 0.099929 0.647048
v 0.747288 0.183066 0.646988
v 0.690504 0.182717 0.646983
v 0.689307 0.136222 0.647016
v 0.691498 0.246217 0.646937
v 0.622460 0.247284 0.646933
v 0.621689 0.182718 0.646976
v 0.691930 0.313116 0.646924
v 0.623176 0.314258 0.646923
v 0.691583 0.379649 0.646938
v 0.623730 0.381708 0.646936
v 0.691531 0.443774 0.643543
v 0.624137 0.445521 0.644562
v 0.692145 0.487255 0.646963
v 0.624594 0.485949 0.646967
v 0.692640 0.513494 0.646952
v 0.625030 0.512036 0.646956
v 0.554481 0.510472 0.646931
v 0.554395 0.485076 0.646923
v 0.484787 0.509034 0.646924
v 0.484725 0.483299 0.646886
v 0.484673 0.531982 0.646935
v 0.415159 0.530358 0.646964
v 0.415294 0.506461 0.646972
v 0.414927 0.550977 0.646960
v 0.344428 0.549780 0.646980
v 0.344641 0.527053 0.646998
v 0.344107 0.566454 0.646971
v 0.274114 0.563812 0.646960
v 0.274219 0.545971 0.646964
v 0.274014 0.580124 0.646959
v 0.203303 0.576195 0.646964
v 0.201971 0.559620 0.646958
v 0.203691 0.592325 0.646980
v 0.198861 0.540972 0.646961
v 0.198675 0.517030 0.646975
v 0.274480 0.522891 0.646980
v 0.137914 0.506624 0.647030
v 0.198555 0.490986 0.646991
v 0.104557 0.499552 0.647164
v 0.274711 0.496828 0.646991
v 0.274667 0.464934 0.646943
v 0.345026 0.472493 0.647002
v 0.344764 0.501348 0.647007
v 0.274024 0.433203 0.647041
v 0.345037 0.437034 0.647076
v 0.272799 0.386983 0.647017
v 0.343454 0.385125 0.647025
v 0.271608 0.333924 0.646954
v 0.342024 0.327685 0.646960
v 0.413557 0.383739 0.646976
v 0.414746 0.440775 0.646017
v 0.412334 0.322160 0.646944
v 0.340968 0.264021 0.646944
v 0.411380 0.257430 0.646941
v 0.482699 0.318296 0.646927
v 0.483470 0.382606 0.646952
v 0.481849 0.252462 0.646931
v 0.410877 0.192100 0.646980
v 0.481243 0.188163 0.646964
v 0.552223 0.249203 0.646930
v 0.553037 0.315840 0.646924
v 0.551590 0.185092 0.646958
v 0.481069 0.140364 0.646991
v 0.551315 0.139552 0.646982
v 0.621060 0.137896 0.647003
v 0.551270 0.105847 0.646988
v 0.620612 0.104754 0.647012
v 0.687812 0.102537 0.647034
v 0.620383 0.076698 0.647016
v 0.686616 0.075453 0.647054
v 0.746404 0.072746 0.647081
v 0.685772 0.056053 0.647067
v 0.745807 0.054714 0.647111
v 0.789291 0.053540 0.647130
v 0.745042 0.037371 0.647147
v 0.789298 0.036704 0.647166
v 0.821950 0.052676 0.647146
v 0.822880 0.036149 0.647183
v 0.789250 0.019629 0.647187
v 0.824013 0.019776 0.647189
v 0.846469 0.035638 0.647197
v 0.844483 0.052314 0.647172
v 0.848466 0.020098 0.647235
v 0.824400 0.006383 0.641579
v 0.850089 0.006907 0.642445
v 0.864803 0.020342 0.647191
v 0.864501 0.035385 0.647210
v 0.864839 0.006843 0.642721
v 0.849383 0.003119 0.628080
v 0.864226 0.002574 0.628717
v 0.824061 0.003404 0.626502
v 0.823321 0.003904 0.609046
v 0.846842 0.003424 0.610547
v 0.862845 0.002973 0.611465
v 0.843663 0.003973 0.588646
v 0.860212 0.003573 0.589653
v 0.875953 0.002533 0.612439
v 0.874922 0.003335 0.591068
v 0.858022 0.004298 0.562519
v 0.873830 0.003930 0.562867
v 0.887379 0.008541 0.591958
v 0.887320 0.008519 0.613034
v 0.887608 0.008454 0.562917
v 0.873159 0.004822 0.529514
v 0.887858 0.008139 0.529719
v 0.892068 0.022121 0.562714
v 0.892002 0.021664 0.591118
v 0.892220 0.022545 0.530049
v 0.888642 0.007892 0.483441
v 0.892617 0.023071 0.483578
v 0.892367 0.039316 0.530341
v 0.892280 0.038023 0.562137
v 0.892627 0.040204 0.484023
v 0.892764 0.023254 0.423373
v 0.892777 0.040368 0.423601
v 0.892613 0.057429 0.484418
v 0.892453 0.056361 0.530332
v 0.892762 0.057441 0.423883
v 0.892861 0.040094 0.356142
v 0.892847 0.057102 0.356114
v 0.892828 0.023191 0.356114
v 0.892892 0.022910 0.286614
v 0.892896 0.039619 0.286464
v 0.892880 0.056636 0.286302
v 0.892944 0.037629 0.216401
v 0.892938 0.054604 0.216303
v 0.892834 0.020860 0.216462
v 0.892939 0.018938 0.147141
v 0.893059 0.035956 0.146909
v 0.893037 0.052974 0.146759
v 0.893210 0.035816 0.077250
v 0.893155 0.052186 0.077113
v 0.892991 0.070171 0.146679
v 0.893078 0.069390 0.077077
v 0.893203 0.052768 0.007568
v 0.893139 0.071021 0.007734
v 0.892965 0.097244 0.077172
v 0.893029 0.099063 0.007944
v 0.893169 0.075030 -0.061460
v 0.893074 0.102596 -0.061029
v 0.892911 0.135832 0.008346
v 0.892964 0.137526 -0.060539
v 0.893066 0.106742 -0.129857
v 0.892948 0.142486 -0.129371
v 0.892857 0.193098 -0.059829
v 0.892832 0.198614 -0.128697
v 0.892850 0.149870 -0.198250
v 0.892746 0.207374 -0.197733
v 0.892762 0.262756 -0.127913
v 0.892677 0.271794 -0.197064
v 0.892655 0.217066 -0.266626
v 0.892580 0.282835 -0.266047
v 0.892640 0.328653 -0.196361
v 0.892543 0.336388 -0.265298
v 0.892528 0.293382 -0.334288
v 0.892488 0.342506 -0.333062
v 0.892521 0.379365 -0.264303
v 0.892477 0.378485 -0.331780
v 0.892482 0.345804 -0.400356
v 0.892481 0.379551 -0.398579
v 0.892480 0.412145 -0.330337
v 0.892499 0.409873 -0.397156
v 0.892489 0.382540 -0.465326
v 0.892505 0.411641 -0.463374
v 0.888796 0.436822 -0.395945
v 0.889466 0.436646 -0.461529
v 0.892519 0.414254 -0.524259
v 0.889506 0.436688 -0.522048
v 0.895158 0.455576 -0.460699
v 0.895449 0.457402 -0.395550
v 0.894925 0.453484 -0.521162
v 0.888957 0.436554 -0.573002
v 0.892942 0.448511 -0.571312
v 0.895219 0.475824 -0.521849
v 0.895261 0.477881 -0.460487
v 0.895252 0.472859 -0.571077
v 0.888315 0.444765 -0.606320
v 0.895220 0.469705 -0.607764
v 0.895251 0.497571 -0.570969
v 0.895242 0.498812 -0.522844
v 0.895226 0.496771 -0.607671
v 0.895175 0.496937 -0.631502
v 0.895276 0.523638 -0.607219
v 0.895297 0.522144 -0.572090
v 0.895236 0.525857 -0.629793
v 0.895077 0.495672 -0.650347
v 0.895169 0.528126 -0.649388
v 0.895345 0.551339 -0.630620
v 0.895378 0.548996 -0.606714
v 0.895285 0.553372 -0.649716
v 0.895015 0.531407 -0.667326
v 0.895190 0.555188 -0.666880
v 0.895456 0.572843 -0.631985
v 0.895490 0.570709 -0.607374
v 0.895602 0.590196 -0.608623
v 0.895614 0.589049 -0.570932
v 0.895490 0.568210 -0.570685
v 0.895561 0.608486 -0.610328
v 0.895749 0.608925 -0.570962
v 0.887884 0.620402 -0.611440
v 0.895609 0.588686 -0.522542
v 0.895465 0.567410 -0.523269
v 0.895446 0.568752 -0.460697
v 0.895340 0.546827 -0.460766
v 0.895352 0.544818 -0.523461
v 0.895276 0.523723 -0.460743
v 0.895277 0.521792 -0.523556
v 0.895256 0.500624 -0.460585
v 0.895382 0.545948 -0.571423
v 0.894855 0.502991 -0.667892
v 0.885853 0.507118 -0.677090
v 0.886076 0.533423 -0.677273
v 0.867935 0.509126 -0.677377
v 0.887125 0.436573 -0.606569
v 0.883924 0.436892 -0.632196
v 0.892560 0.419465 -0.607845
v 0.892595 0.421783 -0.631619
v 0.892533 0.417466 -0.575314
v 0.892549 0.390973 -0.575999
v 0.892588 0.394478 -0.607929
v 0.892515 0.386449 -0.526499
v 0.892522 0.354927 -0.528579
v 0.892563 0.358564 -0.575401
v 0.892494 0.350117 -0.467829
v 0.892530 0.303914 -0.470796
v 0.892556 0.307800 -0.530676
v 0.892518 0.299563 -0.402346
v 0.892603 0.233186 -0.404104
v 0.892607 0.238122 -0.472921
v 0.892610 0.226541 -0.335337
v 0.892710 0.163011 -0.335797
v 0.892692 0.168614 -0.404437
v 0.892762 0.157157 -0.267074
v 0.892884 0.114432 -0.267263
v 0.892795 0.120443 -0.335734
v 0.892984 0.110173 -0.198633
v 0.893122 0.080927 -0.199006
v 0.893000 0.084265 -0.267468
v 0.893182 0.078927 -0.130246
v 0.893268 0.058441 -0.130544
v 0.893220 0.060277 -0.199286
v 0.893226 0.055163 -0.061789
v 0.893255 0.038079 -0.062097
v 0.893326 0.040730 -0.130841
v 0.893258 0.036439 0.007461
v 0.893239 0.019870 0.007307
v 0.893110 0.020887 -0.062447
v 0.893175 0.019267 0.077444
v 0.887349 0.004707 0.077644
v 0.888840 0.004870 0.007193
v 0.885790 0.005073 0.147424
v 0.870956 0.004742 0.147389
v 0.871760 0.003371 0.077627
v 0.886632 0.006812 0.216393
v 0.870728 0.005802 0.216447
v 0.887384 0.008427 0.286716
v 0.870977 0.007441 0.286787
v 0.887810 0.009058 0.356177
v 0.871897 0.007942 0.356371
v 0.888675 0.008243 0.423127
v 0.872892 0.007150 0.423367
v 0.873139 0.005736 0.483839
v 0.856585 0.005926 0.484515
v 0.856244 0.007041 0.423707
v 0.856897 0.005054 0.529426
v 0.840150 0.005285 0.529369
v 0.839944 0.006056 0.485249
v 0.840964 0.004604 0.562094
v 0.821162 0.004945 0.561906
v 0.822156 0.005515 0.529279
v 0.822394 0.004413 0.588468
v 0.790854 0.004958 0.588179
v 0.790521 0.005387 0.561763
v 0.790516 0.004586 0.607326
v 0.744836 0.005088 0.606081
v 0.745500 0.005383 0.586900
v 0.789809 0.004062 0.624971
v 0.744169 0.004651 0.624087
v 0.789368 0.006331 0.640913
v 0.744082 0.005926 0.640799
v 0.744407 0.019691 0.647148
v 0.684675 0.020167 0.647030
v 0.684399 0.006267 0.640868
v 0.685143 0.038065 0.647064
v 0.620192 0.039078 0.647009
v 0.620218 0.021014 0.646969
v 0.620240 0.056907 0.647020
v 0.551596 0.057618 0.647005
v 0.551840 0.039685 0.647014
v 0.551398 0.077605 0.646994
v 0.481223 0.079666 0.647004
v 0.481420 0.057624 0.647019
v 0.481101 0.107142 0.646996
v 0.410843 0.108922 0.647017
v 0.411179 0.081304 0.647022
v 0.410666 0.140123 0.647010
v 0.340337 0.143401 0.647028
v 0.340322 0.110431 0.647048
v 0.340454 0.198116 0.646989
v 0.270372 0.206660 0.646985
v 0.270656 0.149184 0.647037
v 0.270800 0.271903 0.646939
v 0.201468 0.281854 0.646939
v 0.201357 0.217060 0.646980
v 0.204376 0.341215 0.646955
v 0.135085 0.229935 0.646975
v 0.066388 0.184036 0.647013
v 0.133128 0.170621 0.647021
v 0.201336 0.158879 0.647029
v 0.132683 0.122761 0.647057
v 0.201781 0.115852 0.647066
v 0.270737 0.112144 0.647075
v 0.202100 0.083450 0.647119
v 0.270948 0.082281 0.647116
v 0.340494 0.082426 0.647074
v 0.271250 0.060471 0.647149
v 0.340716 0.060367 0.647100
v 0.411617 0.059125 0.647038
v 0.341025 0.041902 0.647112
v 0.412066 0.040985 0.647069
v 0.481549 0.039897 0.647056
v 0.412486 0.022822 0.647093
v 0.481679 0.022096 0.647102
v 0.552113 0.021895 0.647001
v 0.481903 0.005685 0.645100
v 0.552294 0.005650 0.643935
v 0.620379 0.005546 0.641958
v 0.552266 0.004481 0.627353
v 0.620111 0.004808 0.625338
v 0.684382 0.005041 0.624045
v 0.620012 0.005083 0.607386
v 0.684661 0.005314 0.605866
v 0.552279 0.004723 0.609241
v 0.552356 0.004783 0.590678
v 0.620099 0.005264 0.589075
v 0.685201 0.005485 0.586807
v 0.620395 0.005358 0.565078
v 0.685984 0.005645 0.563938
v 0.746296 0.005692 0.562650
v 0.687105 0.005851 0.530336
v 0.747137 0.005988 0.529210
v 0.789729 0.005807 0.529295
v 0.747437 0.006308 0.487314
v 0.789212 0.006315 0.486724
v 0.822137 0.006183 0.485909
v 0.788542 0.006796 0.425611
v 0.820486 0.006919 0.424635
v 0.839578 0.006992 0.424104
v 0.818427 0.007275 0.357109
v 0.838401 0.007476 0.356855
v 0.855282 0.007701 0.356615
v 0.837439 0.007006 0.286904
v 0.854215 0.007182 0.286842
v 0.817114 0.006795 0.287016
v 0.817973 0.005545 0.216573
v 0.837698 0.005656 0.216467
v 0.854237 0.005746 0.216438
v 0.838193 0.004632 0.147343
v 0.854820 0.004677 0.147376
v 0.819399 0.004596 0.147256
v 0.819126 0.003835 0.077487
v 0.838527 0.003700 0.077520
v 0.855349 0.003553 0.077563
v 0.838540 0.003279 0.007372
v 0.855449 0.003177 0.007307
v 0.872471 0.003114 0.007228
v 0.854840 0.003072 -0.062413
v 0.872180 0.002818 -0.062631
v 0.888534 0.005230 -0.062791
v 0.871935 0.004656 -0.131425
v 0.888175 0.007788 -0.131496
v 0.893227 0.023196 -0.131173
v 0.888678 0.009410 -0.200187
v 0.893291 0.025512 -0.199868
v 0.893293 0.043023 -0.199567
v 0.893116 0.028537 -0.268299
v 0.893125 0.046852 -0.268008
v 0.893071 0.064828 -0.267729
v 0.892873 0.050377 -0.334948
v 0.892886 0.069791 -0.335279
v 0.892861 0.091033 -0.335595
v 0.892816 0.070259 -0.402632
v 0.892801 0.094940 -0.403574
v 0.892761 0.125918 -0.404192
v 0.892754 0.097075 -0.470693
v 0.892718 0.129736 -0.471954
v 0.892673 0.173887 -0.472942
v 0.892675 0.129980 -0.534416
v 0.892655 0.177211 -0.534717
v 0.892611 0.242507 -0.533259
v 0.892650 0.179533 -0.575469
v 0.892621 0.244666 -0.573910
v 0.892590 0.310256 -0.574815
v 0.892633 0.245719 -0.604812
v 0.892624 0.311284 -0.607936
v 0.892606 0.361687 -0.609325
v 0.892648 0.311174 -0.629274
v 0.892636 0.363142 -0.630392
v 0.892622 0.397352 -0.631073
v 0.892662 0.363700 -0.650849
v 0.892671 0.310842 -0.649652
v 0.892689 0.310003 -0.669116
v 0.892674 0.364643 -0.670036
v 0.892674 0.246747 -0.648709
v 0.892699 0.247090 -0.668561
v 0.892651 0.246367 -0.628239
v 0.892661 0.182425 -0.627199
v 0.892678 0.183459 -0.648137
v 0.892653 0.181092 -0.604280
v 0.892656 0.128611 -0.606028
v 0.892658 0.129589 -0.628241
v 0.892660 0.128579 -0.576118
v 0.892665 0.097604 -0.576534
v 0.892650 0.096421 -0.607086
v 0.892695 0.098425 -0.532928
v 0.892711 0.072709 -0.531197
v 0.892670 0.072206 -0.575856
v 0.892776 0.070746 -0.469422
v 0.892785 0.050816 -0.468564
v 0.892714 0.052374 -0.529828
v 0.892800 0.050284 -0.401808
v 0.892747 0.031066 -0.401126
v 0.892777 0.031519 -0.468018
v 0.892757 0.031214 -0.334708
v 0.888207 0.014990 -0.334606
v 0.891695 0.013242 -0.400222
v 0.888490 0.011933 -0.268545
v 0.871938 0.008306 -0.268355
v 0.872162 0.009268 -0.334677
v 0.871887 0.007273 -0.200024
v 0.854010 0.007088 -0.199830
v 0.853900 0.008231 -0.268082
v 0.854438 0.004483 -0.131264
v 0.836807 0.004661 -0.131069
v 0.835525 0.006982 -0.199655
v 0.837627 0.003377 -0.062197
v 0.817377 0.003611 -0.061950
v 0.816015 0.004898 -0.130816
v 0.818875 0.003417 0.007497
v 0.786725 0.003595 0.007767
v 0.786816 0.003917 -0.061605
v 0.787448 0.003987 0.077535
v 0.744866 0.004103 0.077857
v 0.744612 0.003781 0.008232
v 0.787639 0.004523 0.147176
v 0.744954 0.004392 0.147457
v 0.786257 0.005373 0.216796
v 0.744931 0.005201 0.217236
v 0.785531 0.006542 0.287279
v 0.745269 0.006315 0.287780
v 0.786979 0.007022 0.357525
v 0.745927 0.006757 0.358213
v 0.746946 0.006588 0.427009
v 0.688206 0.006217 0.428569
v 0.688257 0.006380 0.359340
v 0.687822 0.006031 0.488077
v 0.620976 0.005468 0.490159
v 0.621263 0.005653 0.429568
v 0.620694 0.005398 0.532451
v 0.552588 0.004615 0.535506
v 0.552816 0.004530 0.492167
v 0.552446 0.004767 0.567539
v 0.483188 0.004092 0.569921
v 0.483637 0.003915 0.537736
v 0.482777 0.004208 0.592691
v 0.413786 0.003121 0.593448
v 0.414156 0.003085 0.570339
v 0.482432 0.004197 0.610942
v 0.413479 0.003140 0.611143
v 0.482139 0.004024 0.628875
v 0.413204 0.003173 0.628962
v 0.412917 0.005555 0.645568
v 0.341932 0.006485 0.645997
v 0.342601 0.001588 0.629261
v 0.341435 0.023710 0.647105
v 0.272070 0.024578 0.647153
v 0.272443 0.008180 0.646878
v 0.271665 0.042452 0.647162
v 0.202780 0.044276 0.647202
v 0.203044 0.026928 0.647235
v 0.202449 0.061405 0.647165
v 0.133728 0.063511 0.647144
v 0.134341 0.045678 0.647189
v 0.133052 0.086241 0.647102
v 0.065661 0.089163 0.647060
v 0.066009 0.064534 0.647084
v 0.065568 0.128762 0.647038
v 0.062488 0.159956 -0.677514
v 0.063183 0.121615 -0.677532
v 0.060749 0.216886 -0.677506
v 0.057331 0.283463 -0.677528
v 0.119163 0.281217 -0.677529
v 0.123345 0.215494 -0.677516
v 0.186040 0.278595 -0.677532
v 0.189494 0.213250 -0.677525
v 0.182327 0.335782 -0.677529
v 0.250998 0.334510 -0.677532
v 0.254421 0.276836 -0.677532
v 0.247467 0.381939 -0.677518
v 0.320841 0.333915 -0.677531
v 0.323951 0.275745 -0.677531
v 0.394857 0.275284 -0.677532
v 0.396374 0.210482 -0.677527
v 0.326396 0.210955 -0.677522
v 0.465804 0.275123 -0.677531
v 0.467020 0.209322 -0.677521
v 0.537577 0.273111 -0.677531
v 0.538176 0.205150 -0.677522
v 0.609478 0.264862 -0.677523
v 0.609096 0.199264 -0.677522
v 0.680542 0.256950 -0.677475
v 0.679428 0.193505 -0.677484
v 0.680889 0.318970 -0.677482
v 0.742350 0.313869 -0.677460
v 0.743995 0.251847 -0.677452
v 0.741339 0.365636 -0.677469
v 0.784939 0.364772 -0.677489
v 0.784408 0.311561 -0.677465
v 0.787517 0.409296 -0.677530
v 0.817077 0.364512 -0.677489
v 0.815736 0.310147 -0.677466
v 0.840858 0.364215 -0.677475
v 0.840372 0.309384 -0.677460
v 0.860709 0.363659 -0.677463
v 0.860863 0.309207 -0.677458
v 0.862374 0.408632 -0.677464
v 0.880338 0.363498 -0.677470
v 0.881073 0.309405 -0.677459
v 0.881474 0.247386 -0.677477
v 0.861416 0.247712 -0.677460
v 0.882203 0.184874 -0.677423
v 0.862482 0.184993 -0.677441
v 0.892696 0.184378 -0.668056
v 0.892653 0.131840 -0.668167
v 0.882595 0.132660 -0.677460
v 0.892662 0.130654 -0.648715
v 0.892664 0.095063 -0.650105
v 0.892682 0.095077 -0.668679
v 0.892651 0.095695 -0.630155
v 0.892628 0.069541 -0.632282
v 0.892639 0.069023 -0.651554
v 0.892632 0.070539 -0.608362
v 0.892601 0.050928 -0.608478
v 0.892556 0.049037 -0.634067
v 0.892670 0.052386 -0.575690
v 0.892665 0.033489 -0.575143
v 0.892534 0.032666 -0.608112
v 0.892673 0.033270 -0.528784
v 0.892429 0.015395 -0.528178
v 0.892545 0.015772 -0.574501
v 0.892629 0.013506 -0.467614
v 0.878561 0.007459 -0.467611
v 0.879436 0.008004 -0.528060
v 0.875218 0.008058 -0.400704
v 0.856410 0.008081 -0.401648
v 0.859121 0.007978 -0.468084
v 0.853858 0.008988 -0.334791
v 0.835214 0.008761 -0.335209
v 0.837889 0.008194 -0.402460
v 0.835443 0.008155 -0.267852
v 0.815342 0.008068 -0.267716
v 0.814427 0.008622 -0.335633
v 0.814803 0.006882 -0.199501
v 0.788809 0.006793 -0.199364
v 0.788469 0.007932 -0.267738
v 0.786997 0.005140 -0.130559
v 0.747483 0.005446 -0.130269
v 0.748959 0.006710 -0.199163
v 0.745552 0.004261 -0.061144
v 0.686876 0.004812 -0.060414
v 0.686166 0.005731 -0.129724
v 0.686859 0.004262 0.009114
v 0.618277 0.005347 0.010421
v 0.617860 0.005656 -0.059316
v 0.686179 0.004476 0.078734
v 0.618435 0.005427 0.080336
v 0.685915 0.004435 0.148530
v 0.618780 0.005201 0.150418
v 0.687037 0.005036 0.218444
v 0.619900 0.005187 0.220579
v 0.688011 0.006054 0.288924
v 0.620883 0.005613 0.290647
v 0.621370 0.005828 0.360694
v 0.552788 0.005090 0.362141
v 0.552357 0.005133 0.292452
v 0.552937 0.004803 0.430342
v 0.484163 0.004001 0.431894
v 0.484005 0.004342 0.363740
v 0.484021 0.003804 0.493590
v 0.414932 0.003165 0.495800
v 0.415080 0.003655 0.433994
v 0.414516 0.003034 0.539305
v 0.345194 0.001921 0.540928
v 0.345770 0.002402 0.498621
v 0.344536 0.001744 0.571488
v 0.275481 0.000146 0.574605
v 0.276251 0.000532 0.543520
v 0.343822 0.001721 0.592808
v 0.274774 0.000045 0.594209
v 0.343189 0.001692 0.610998
v 0.274015 0.000000 0.612527
v 0.273158 0.000513 0.630923
v 0.203493 0.003719 0.631232
v 0.204162 0.002804 0.613244
v 0.203110 0.010186 0.646208
v 0.135544 0.011431 0.646945
v 0.135761 0.005267 0.631862
v 0.134930 0.028143 0.647242
v 0.066849 0.028110 0.647084
v 0.067231 0.011641 0.646607
v 0.066416 0.045747 0.647094
v 0.063805 0.071319 -0.677538
v 0.063989 0.055384 -0.677520
v 0.063559 0.091472 -0.677543
v 0.127498 0.093624 -0.677537
v 0.127899 0.072421 -0.677541
v 0.126836 0.124043 -0.677530
v 0.125768 0.159913 -0.677520
v 0.192707 0.125566 -0.677523
v 0.193379 0.095238 -0.677518
v 0.191575 0.161372 -0.677523
v 0.259328 0.160475 -0.677517
v 0.260436 0.124315 -0.677518
v 0.257385 0.211753 -0.677519
v 0.327883 0.158445 -0.677519
v 0.328738 0.121985 -0.677519
v 0.397327 0.157063 -0.677520
v 0.397839 0.121039 -0.677515
v 0.467829 0.155595 -0.677516
v 0.468266 0.120860 -0.677519
v 0.538568 0.154442 -0.677522
v 0.538862 0.120262 -0.677524
v 0.608797 0.151174 -0.677527
v 0.608711 0.117397 -0.677532
v 0.678490 0.145181 -0.677502
v 0.677858 0.112324 -0.677518
v 0.743946 0.139691 -0.677486
v 0.742568 0.108345 -0.677510
v 0.744673 0.188597 -0.677460
v 0.787878 0.186051 -0.677483
v 0.790127 0.136613 -0.677507
v 0.785245 0.249788 -0.677463
v 0.817285 0.248721 -0.677465
v 0.819534 0.185051 -0.677478
v 0.841401 0.248117 -0.677461
v 0.842656 0.184998 -0.677459
v 0.843479 0.134011 -0.677472
v 0.821250 0.135135 -0.677494
v 0.863181 0.133264 -0.677455
v 0.864063 0.097351 -0.677465
v 0.843898 0.099205 -0.677486
v 0.883134 0.095758 -0.677457
v 0.883776 0.068723 -0.677482
v 0.865720 0.069812 -0.677484
v 0.892653 0.068582 -0.669177
v 0.892607 0.047913 -0.669435
v 0.884527 0.048259 -0.677478
v 0.892587 0.048178 -0.652687
v 0.892475 0.030977 -0.653582
v 0.892479 0.030615 -0.669194
v 0.892418 0.031619 -0.635002
v 0.891364 0.015143 -0.635221
v 0.891222 0.015103 -0.653521
v 0.892274 0.015618 -0.607673
v 0.880940 0.005306 -0.607390
v 0.881800 0.003326 -0.633449
v 0.880209 0.006787 -0.574127
v 0.861174 0.007519 -0.574090
v 0.862844 0.006351 -0.607113
v 0.860161 0.008375 -0.528441
v 0.841144 0.008827 -0.529164
v 0.841939 0.008140 -0.574188
v 0.840457 0.008498 -0.468744
v 0.820393 0.009035 -0.469638
v 0.820731 0.009422 -0.530259
v 0.817882 0.008407 -0.403272
v 0.788279 0.009062 -0.404248
v 0.787474 0.009916 -0.470957
v 0.788416 0.008596 -0.336120
v 0.749833 0.008657 -0.336809
v 0.748347 0.009734 -0.405310
v 0.749387 0.007787 -0.267889
v 0.684472 0.007825 -0.268081
v 0.684094 0.009060 -0.337555
v 0.685310 0.006703 -0.198875
v 0.616240 0.007311 -0.198326
v 0.615402 0.008524 -0.267814
v 0.617118 0.006282 -0.128861
v 0.547635 0.007499 -0.127692
v 0.546660 0.008555 -0.197331
v 0.548489 0.006811 -0.057946
v 0.479540 0.007947 -0.056201
v 0.478457 0.008910 -0.126104
v 0.549224 0.006551 0.012054
v 0.480486 0.007476 0.013906
v 0.549846 0.006385 0.082163
v 0.481331 0.007131 0.084174
v 0.550606 0.005966 0.152466
v 0.482114 0.006574 0.154513
v 0.551532 0.005445 0.222654
v 0.482842 0.005805 0.224604
v 0.483532 0.004921 0.294286
v 0.414530 0.005249 0.296303
v 0.414069 0.006248 0.226712
v 0.414910 0.004390 0.365670
v 0.345691 0.004339 0.367855
v 0.345333 0.005326 0.298589
v 0.346033 0.003388 0.436359
v 0.276664 0.002940 0.438946
v 0.276183 0.003508 0.370719
v 0.276873 0.001417 0.500385
v 0.207267 0.003527 0.502513
v 0.207235 0.004113 0.442557
v 0.206537 0.003207 0.546023
v 0.136897 0.005435 0.546892
v 0.137401 0.005767 0.504265
v 0.205737 0.002939 0.576017
v 0.136555 0.005240 0.576637
v 0.204907 0.002804 0.595082
v 0.136209 0.005169 0.596101
v 0.135982 0.005121 0.613851
v 0.067488 0.005727 0.614520
v 0.067620 0.005832 0.596997
v 0.067389 0.005747 0.632365
v 0.064200 0.023919 -0.677323
v 0.064023 0.016747 -0.665077
v 0.064120 0.039294 -0.677430
v 0.128477 0.039898 -0.677508
v 0.128687 0.024381 -0.677205
v 0.128211 0.055979 -0.677535
v 0.193995 0.056152 -0.677476
v 0.194143 0.040457 -0.677423
v 0.193758 0.072480 -0.677508
v 0.261479 0.072223 -0.677495
v 0.261713 0.055744 -0.677479
v 0.261091 0.093431 -0.677512
v 0.329179 0.091289 -0.677517
v 0.329437 0.071969 -0.677519
v 0.398106 0.091356 -0.677509
v 0.398300 0.070933 -0.677500
v 0.468584 0.091969 -0.677519
v 0.468855 0.071703 -0.677518
v 0.539067 0.093243 -0.677519
v 0.539193 0.071279 -0.677509
v 0.608731 0.090564 -0.677534
v 0.608779 0.068762 -0.677532
v 0.677202 0.086274 -0.677529
v 0.676719 0.066860 -0.677530
v 0.741161 0.083427 -0.677527
v 0.739891 0.063891 -0.677535
v 0.790916 0.079750 -0.677530
v 0.790181 0.059706 -0.677536
v 0.791204 0.104853 -0.677520
v 0.822210 0.101460 -0.677507
v 0.821705 0.074760 -0.677527
v 0.845958 0.071702 -0.677502
v 0.847972 0.051086 -0.677505
v 0.821776 0.054846 -0.677536
v 0.866978 0.049398 -0.677485
v 0.867816 0.033364 -0.677441
v 0.848633 0.035711 -0.677467
v 0.884665 0.031371 -0.677372
v 0.849083 0.020448 -0.677396
v 0.821683 0.022771 -0.677547
v 0.821722 0.038746 -0.677538
v 0.849609 0.006732 -0.674877
v 0.821236 0.008046 -0.675169
v 0.848906 0.002573 -0.662539
v 0.820618 0.003471 -0.661309
v 0.846930 0.003837 -0.647545
v 0.819803 0.004927 -0.645466
v 0.866307 0.002259 -0.649644
v 0.864625 0.004404 -0.631682
v 0.845604 0.005569 -0.630070
v 0.883685 0.001698 -0.651589
v 0.843821 0.007002 -0.607025
v 0.818221 0.007879 -0.607529
v 0.818642 0.006454 -0.628177
v 0.819765 0.008860 -0.574531
v 0.785047 0.009986 -0.575312
v 0.784307 0.008760 -0.607162
v 0.786015 0.010474 -0.531090
v 0.743735 0.011788 -0.531956
v 0.742377 0.011296 -0.575127
v 0.745644 0.010962 -0.472370
v 0.684213 0.012078 -0.473800
v 0.683119 0.013202 -0.532517
v 0.684275 0.010542 -0.406475
v 0.614473 0.011296 -0.406641
v 0.613954 0.012780 -0.474425
v 0.614814 0.009863 -0.337361
v 0.544831 0.010970 -0.336552
v 0.543982 0.012223 -0.406008
v 0.545660 0.009723 -0.267005
v 0.476080 0.011216 -0.265700
v 0.474937 0.012314 -0.335264
v 0.477238 0.010055 -0.195983
v 0.408227 0.011398 -0.194130
v 0.406827 0.012468 -0.263883
v 0.409594 0.010069 -0.124264
v 0.341040 0.010611 -0.121907
v 0.339501 0.011974 -0.191825
v 0.410897 0.008846 -0.054187
v 0.342516 0.009315 -0.051798
v 0.412016 0.007985 0.016004
v 0.343740 0.008257 0.018402
v 0.412914 0.007487 0.086332
v 0.344578 0.007400 0.088775
v 0.413567 0.007011 0.156693
v 0.345038 0.006809 0.159036
v 0.345163 0.006176 0.229045
v 0.276252 0.004836 0.231449
v 0.276586 0.005904 0.161454
v 0.275995 0.003990 0.301271
v 0.207125 0.005305 0.304203
v 0.207551 0.005969 0.234086
v 0.206960 0.004667 0.374250
v 0.138164 0.006970 0.377224
v 0.138490 0.007563 0.306819
v 0.137826 0.006303 0.445908
v 0.069177 0.007358 0.447789
v 0.069650 0.008074 0.378971
v 0.068550 0.006715 0.505456
v 0.067986 0.006270 0.548909
v 0.067819 0.005993 0.577937
v 0.063600 0.016162 -0.629645
v 0.063725 0.016031 -0.609752
v 0.063735 0.016312 -0.647290
v 0.128684 0.016387 -0.647010
v 0.128688 0.016035 -0.628884
v 0.128717 0.016982 -0.665096
v 0.194669 0.016921 -0.665433
v 0.195041 0.016165 -0.646957
v 0.194329 0.025063 -0.677332
v 0.261870 0.023626 -0.677057
v 0.262187 0.016509 -0.664784
v 0.261847 0.039295 -0.677391
v 0.329842 0.037512 -0.677521
v 0.330037 0.021603 -0.677504
v 0.329643 0.054705 -0.677520
v 0.398460 0.053834 -0.677482
v 0.398638 0.036823 -0.677435
v 0.469055 0.053444 -0.677512
v 0.469223 0.035999 -0.677491
v 0.539316 0.052526 -0.677483
v 0.539390 0.035071 -0.677389
v 0.608833 0.050822 -0.677524
v 0.608911 0.033238 -0.677516
v 0.676329 0.048711 -0.677503
v 0.676134 0.031086 -0.677441
v 0.738714 0.045609 -0.677533
v 0.737854 0.028054 -0.677519
v 0.788965 0.041976 -0.677508
v 0.787285 0.025104 -0.677481
v 0.785754 0.009359 -0.675186
v 0.737292 0.011474 -0.675312
v 0.785138 0.004608 -0.660585
v 0.737602 0.005952 -0.660308
v 0.785133 0.006044 -0.644051
v 0.738608 0.007311 -0.643832
v 0.784505 0.007443 -0.626864
v 0.740038 0.008612 -0.627107
v 0.741424 0.009856 -0.607867
v 0.679895 0.012088 -0.607971
v 0.678457 0.010767 -0.627027
v 0.681450 0.013277 -0.574889
v 0.612143 0.013908 -0.574944
v 0.611279 0.013382 -0.607338
v 0.613078 0.013723 -0.532339
v 0.542158 0.014055 -0.532356
v 0.541419 0.014080 -0.574493
v 0.543048 0.013313 -0.473846
v 0.472536 0.013682 -0.472890
v 0.471496 0.014035 -0.532668
v 0.473735 0.013118 -0.404647
v 0.404004 0.013763 -0.402864
v 0.402640 0.014071 -0.471529
v 0.405410 0.013269 -0.333478
v 0.336381 0.013679 -0.331320
v 0.334894 0.014258 -0.400857
v 0.337951 0.012919 -0.261641
v 0.269487 0.012482 -0.258874
v 0.267883 0.013267 -0.328711
v 0.271163 0.011527 -0.188913
v 0.203291 0.010953 -0.185194
v 0.201664 0.011453 -0.255352
v 0.272806 0.010384 -0.118801
v 0.204797 0.010061 -0.115054
v 0.274301 0.009186 -0.048787
v 0.206110 0.009163 -0.045073
v 0.275620 0.008025 0.021221
v 0.207299 0.008251 0.024820
v 0.276510 0.006837 0.091412
v 0.207949 0.007590 0.094477
v 0.207914 0.006810 0.164207
v 0.139117 0.008840 0.166921
v 0.139114 0.009427 0.097412
v 0.138831 0.008228 0.236714
v 0.070160 0.009515 0.238655
v 0.070306 0.010164 0.168914
v 0.069941 0.008815 0.308652
v 0.066439 0.014498 -0.390772
v 0.067207 0.014023 -0.320087
v 0.065738 0.014972 -0.460705
v 0.064924 0.015424 -0.526870
v 0.130920 0.014137 -0.462661
v 0.132001 0.013620 -0.392871
v 0.129883 0.014732 -0.527978
v 0.064149 0.015786 -0.576012
v 0.129155 0.015320 -0.574409
v 0.196652 0.014736 -0.529258
v 0.197551 0.013966 -0.465094
v 0.196105 0.015325 -0.574498
v 0.128745 0.015744 -0.608490
v 0.195729 0.015678 -0.606599
v 0.263859 0.015412 -0.575628
v 0.264402 0.015100 -0.530435
v 0.263438 0.015590 -0.607705
v 0.195386 0.015969 -0.628697
v 0.263051 0.015756 -0.628665
v 0.331105 0.014982 -0.607234
v 0.331684 0.014944 -0.576045
v 0.330719 0.015068 -0.627632
v 0.262649 0.015961 -0.646409
v 0.330389 0.015197 -0.645494
v 0.399516 0.014322 -0.625277
v 0.399951 0.014318 -0.604830
v 0.399157 0.014304 -0.644099
v 0.330060 0.015505 -0.664258
v 0.398953 0.014677 -0.663118
v 0.469856 0.013600 -0.644013
v 0.470066 0.013730 -0.626012
v 0.469633 0.013771 -0.662657
v 0.398845 0.021140 -0.677313
v 0.469399 0.020233 -0.677324
v 0.539632 0.011664 -0.661841
v 0.539982 0.012442 -0.643860
v 0.539441 0.018996 -0.676786
v 0.609037 0.016312 -0.676913
v 0.609336 0.009036 -0.662030
v 0.676214 0.014069 -0.676144
v 0.676577 0.007901 -0.661148
v 0.677355 0.009309 -0.644027
v 0.609959 0.010689 -0.644162
v 0.610616 0.012251 -0.626641
v 0.540384 0.013171 -0.626410
v 0.540809 0.013855 -0.607820
v 0.470324 0.013913 -0.605806
v 0.470785 0.014068 -0.574492
v 0.400532 0.014329 -0.575049
v 0.401362 0.014278 -0.534037
v 0.332464 0.014864 -0.532399
v 0.333555 0.014621 -0.469853
v 0.265260 0.014647 -0.467673
v 0.266421 0.014023 -0.398453
v 0.198654 0.013198 -0.395639
v 0.200060 0.012243 -0.325592
v 0.133258 0.013034 -0.322388
v 0.134584 0.012470 -0.251882
v 0.067950 0.013524 -0.249478
v 0.135822 0.011937 -0.181604
v 0.068614 0.013073 -0.179057
v 0.136970 0.011302 -0.111548
v 0.069230 0.012564 -0.109021
v 0.137867 0.010625 -0.041827
v 0.069733 0.012014 -0.039208
v 0.138653 0.009988 0.028013
v 0.070070 0.011363 0.030228
v 0.070264 0.010787 0.099543
v 0.892368 0.055062 0.561344
v 0.892320 0.053484 0.587997
v 0.892221 0.037021 0.589530
v 0.892314 0.052279 0.609986
v 0.892201 0.036188 0.611386
v 0.892346 0.051576 0.628209
v 0.892224 0.035373 0.628936
v 0.892420 0.051124 0.643232
v 0.892229 0.034397 0.643478
v 0.880576 0.051226 0.647225
v 0.880044 0.034886 0.647219
v 0.862980 0.051696 0.647191
v 0.891913 0.021385 0.612619
v 0.553730 0.382143 0.646944
v 0.554122 0.445919 0.644605
v 0.484285 0.444278 0.644322
v 0.415272 0.479046 0.646956
v 0.033825 0.474495 0.677954
v 0.025618 0.426928 0.677925
v 0.029409 0.450645 0.677948
v 0.019653 0.402676 0.677860
v 0.053364 0.427439 0.677883
v 0.058201 0.450524 0.677928
v 0.047146 0.401887 0.677907
v 0.084525 0.449706 0.668252
v 0.063984 0.474274 0.677928
v 0.086036 0.474323 0.659010
vn 0.0110 0.7009 -0.7131
vn -0.0038 0.0437 -0.9990
vn -0.0075 0.1209 -0.9926
vn -0.0019 0.7891 -0.6143
vn 0.0145 0.6037 -0.7971
vn -0.0000 0.0161 -0.9999
vn -0.1159 -0.3408 0.9330
vn -0.1838 -0.5230 0.8323
vn -0.0000 -0.5493 0.8356
vn 0.2667 -0.2449 0.9322
vn -0.4035 -0.0944 0.9101
vn -0.5604 -0.1506 0.8144
vn 0.0456 -0.0013 0.9990
vn -0.0000 -0.1190 0.9929
vn 0.1564 -0.0805 0.9844
vn -0.1151 -0.1915 0.9747
vn -0.1764 -0.0369 0.9836
vn -0.0000 -0.3214 0.9469
vn -0.0002 -0.0007 1.0000
vn -0.0000 -0.0010 1.0000
vn -0.0020 -0.0006 1.0000
vn -0.0013 -0.0010 1.0000
vn -0.3433 0.2496 0.9054
vn -0.3556 -0.0616 0.9326
vn 0.0015 0.0016 1.0000
vn -0.0271 0.3579 0.9334
vn -0.1571 0.8043 0.5731
vn -0.6081 0.4041 0.6833
vn -0.6859 -0.0792 0.7234
vn 0.0005 0.0188 -0.9998
vn 0.0106 -0.1786 -0.9839
vn -0.0000 -0.2664 -0.9639
vn -0.0000 0.0429 -0.9991
vn -0.0000 0.2828 -0.9592
vn 0.0315 0.1830 -0.9826
vn -0.5162 -0.0247 0.8561
vn -0.0024 0.0018 1.0000
vn -0.0647 0.0503 0.9966
vn -0.5911 -0.0010 0.8066
vn -0.4524 -0.0518 0.8903
vn -0.0076 -0.0259 0.9996
vn -0.5066 -0.0058 0.8621
vn -0.6098 -0.0124 0.7925
vn 0.0224 0.0285 0.9993
vn 0.0094 0.0079 0.9999
vn -0.0002 0.0004 1.0000
vn 0.0062 0.0170 0.9998
vn 0.0153 -0.0048 0.9999
vn -0.1670 0.4205 0.8918
vn -0.0000 0.8330 0.5533
vn -0.0000 0.5872 0.8094
vn -0.0000 0.0028 1.0000
vn 0.0006 0.0026 1.0000
vn -0.3105 0.1498 0.9387
vn -0.0013 0.0025 1.0000
vn -0.0025 0.0014 1.0000
vn -0.0004 0.0011 1.0000
vn -0.6021 -0.6244 0.4975
vn -0.1865 -0.7163 0.6723
vn -0.1539 -0.1900 0.9697
vn -0.7598 -0.2633 0.5945
vn -0.7317 -0.6757 0.0902
vn -0.2181 -0.9668 0.1334
vn -0.9770 -0.2102 0.0371
vn 0.0225 0.3219 -0.9465
vn 0.0160 0.1750 -0.9844
vn 0.0213 0.8143 -0.5801
vn 0.0124 0.9114 -0.4112
vn -0.0010 0.0126 -0.9999
vn 0.0023 0.0083 -1.0000
vn -0.0148 0.1599 -0.9870
vn -0.0056 0.0094 -0.9999
vn -0.0001 0.0324 -0.9995
vn -0.0231 0.7048 -0.7090
vn -0.0000 0.4071 -0.9134
vn -0.0000 0.0115 -0.9999
vn -0.0000 0.9316 -0.3635
vn -0.0045 0.9996 -0.0276
vn -0.0011 0.9999 -0.0107
vn -0.0057 0.9999 -0.0158
vn 0.0043 0.6475 -0.7621
vn -0.0030 0.9967 -0.0814
vn 0.0041 0.0149 -0.9999
vn -0.0610 0.0134 0.9980
vn -0.1159 0.0274 0.9929
vn -0.7876 0.0322 0.6154
vn -0.7230 -0.0051 0.6909
vn -0.0081 0.0004 1.0000
vn -0.0122 0.0007 0.9999
vn -0.0884 -0.0049 0.9961
vn -0.0018 0.0042 1.0000
vn -0.0328 0.0014 -0.9995
vn -0.0256 -0.0415 -0.9988
vn 0.0010 -0.0636 -0.9980
vn -0.0108 -0.0527 -0.9985
vn -0.0052 -0.0145 -0.9999
vn -0.0151 -0.0039 -0.9999
vn -0.9998 -0.0091 0.0196
vn -0.9997 -0.0239 -0.0013
vn 0.0137 0.6622 0.7492
vn 0.0013 0.0382 0.9993
vn -0.0128 0.0166 0.9998
vn -0.0109 0.6157 0.7879
vn 0.0200 0.6006 0.7993
vn 0.0159 0.0270 0.9995
vn 0.0068 0.9936 0.1126
vn 0.0128 0.9884 0.1511
vn 0.0003 0.9913 0.1317
vn -0.3411 -0.6129 -0.7127
vn -0.4295 -0.1840 -0.8841
vn -0.0009 -0.0926 -0.9957
vn 0.0236 -0.6477 -0.7615
vn 0.0341 -0.9901 -0.1365
vn -0.5411 -0.8151 -0.2071
vn -0.9162 -0.2662 -0.2994
vn -0.4541 0.6706 0.5866
vn -0.5300 0.8470 -0.0402
vn -0.9827 0.1816 -0.0356
vn -0.7983 0.1327 0.5874
vn -0.0163 0.2015 0.9793
vn 0.0555 0.8786 0.4744
vn -0.9995 -0.0277 0.0124
vn -1.0000 0.0036 -0.0013
vn -1.0000 0.0044 -0.0007
vn -0.9995 -0.0315 0.0017
vn -0.9994 -0.0342 0.0018
vn -0.9993 -0.0381 -0.0011
vn -0.9992 -0.0340 -0.0194
vn -0.9990 -0.0439 -0.0051
vn -0.9999 0.0116 -0.0020
vn -0.9986 -0.0536 -0.0014
vn 0.0177 0.9984 -0.0543
vn 0.0167 0.9890 -0.1470
vn 0.0082 0.9999 -0.0078
vn -0.5937 -0.4542 -0.6642
vn -0.2639 -0.9479 -0.1786
vn -0.0357 -0.5761 -0.8166
vn -0.0920 -0.0580 -0.9941
vn -0.9627 -0.0265 -0.2693
vn -0.7754 -0.6261 0.0822
vn -0.2955 0.6195 -0.7272
vn -0.7976 0.3048 -0.5205
vn -0.3737 0.6809 -0.6299
vn -0.1804 0.1162 -0.9767
vn -0.8326 0.0317 -0.5530
vn -0.9359 0.3518 -0.0171
vn -0.6229 0.7740 -0.1132
vn -1.0000 -0.0000 0.0010
vn -0.4003 0.9163 -0.0132
vn -0.0477 0.9986 -0.0238
vn -0.1006 0.9948 -0.0143
vn -0.7862 0.6173 -0.0280
vn -0.9298 0.3679 0.0091
vn -0.4013 0.9159 0.0073
vn -1.0000 -0.0001 -0.0044
vn -1.0000 -0.0032 0.0004
vn -0.9893 -0.1274 -0.0714
vn -0.9688 -0.2419 -0.0536
vn -0.9442 -0.1222 -0.3059
vn -0.6919 -0.6545 -0.3048
vn -0.3371 -0.4290 -0.8381
vn -0.4000 -0.0194 -0.9163
vn -0.0113 -0.0002 -0.9999
vn -0.0068 0.0237 -0.9997
vn -0.0512 0.0451 -0.9977
vn 0.0090 -0.0211 -0.9997
vn 0.0010 -0.0287 -0.9996
vn -0.0047 -0.0240 -0.9997
vn -0.4165 0.6624 -0.6227
vn -0.5644 0.8164 -0.1219
vn -0.0026 0.9998 -0.0193
vn -0.0051 0.7600 -0.6499
vn -0.5362 0.1255 -0.8347
vn -0.9596 0.1790 -0.2170
vn -0.0007 0.0875 -0.9962
vn -0.7465 0.6653 0.0085
vn -0.0803 0.9968 0.0001
vn -0.0268 0.9996 -0.0000
vn -0.4747 0.8801 -0.0103
vn -0.9522 0.3054 -0.0119
vn -0.9645 0.2641 -0.0087
vn -0.9999 0.0104 0.0060
vn -1.0000 0.0093 -0.0014
vn -1.0000 0.0025 0.0018
vn -1.0000 0.0041 -0.0007
vn -1.0000 -0.0008 -0.0020
vn -1.0000 -0.0008 -0.0002
vn -1.0000 -0.0023 -0.0007
vn -1.0000 -0.0040 -0.0003
vn -1.0000 -0.0042 -0.0005
vn -1.0000 -0.0046 0.0001
vn -1.0000 -0.0045 -0.0001
vn -1.0000 -0.0003 -0.0008
vn -1.0000 -0.0054 -0.0001
vn -1.0000 -0.0034 -0.0021
vn -0.9410 0.3381 -0.0163
vn -0.9352 0.3541 -0.0034
vn -0.4215 0.9065 -0.0222
vn -0.4075 0.9132 -0.0083
vn 0.0050 0.9999 -0.0109
vn -0.0005 1.0000 -0.0084
vn 0.0012 1.0000 -0.0048
vn 0.0057 1.0000 -0.0069
vn 0.0051 1.0000 -0.0063
vn 0.0035 1.0000 -0.0075
vn -0.0010 1.0000 -0.0076
vn 0.0061 1.0000 -0.0063
vn 0.0052 1.0000 -0.0067
vn 0.0040 1.0000 -0.0067
vn 0.0037 1.0000 -0.0064
vn -0.0020 1.0000 -0.0063
vn 0.0062 1.0000 -0.0063
vn 0.0055 1.0000 -0.0065
vn 0.0048 1.0000 -0.0058
vn 0.0038 1.0000 -0.0059
vn 0.0062 1.0000 -0.0062
vn 0.0058 1.0000 -0.0061
vn 0.0053 1.0000 -0.0056
vn 0.0051 1.0000 -0.0052
vn 0.0045 1.0000 -0.0052
vn 0.0064 1.0000 -0.0060
vn 0.0062 1.0000 -0.0054
vn 0.0061 1.0000 -0.0052
vn 0.0065 1.0000 -0.0056
vn 0.0053 1.0000 -0.0052
vn 0.0079 1.0000 -0.0053
vn 0.0083 0.9999 -0.0061
vn 0.0086 0.9999 -0.0059
vn 0.0073 1.0000 -0.0055
vn 0.0090 0.9999 -0.0054
vn 0.0089 0.9999 -0.0062
vn 0.0087 0.9999 -0.0058
vn 0.0085 1.0000 -0.0041
vn 0.0088 1.0000 -0.0041
vn 0.0081 0.9999 -0.0060
vn 0.0078 1.0000 -0.0056
vn 0.0076 1.0000 -0.0040
vn 0.0078 1.0000 -0.0032
vn 0.0086 1.0000 -0.0030
vn 0.0072 1.0000 -0.0053
vn 0.0072 1.0000 -0.0041
vn 0.0073 1.0000 -0.0035
vn 0.0075 1.0000 -0.0032
vn 0.0081 1.0000 -0.0030
vn 0.0073 1.0000 -0.0041
vn 0.0073 1.0000 -0.0036
vn 0.0072 1.0000 -0.0032
vn 0.0071 1.0000 -0.0026
vn 0.0077 1.0000 -0.0026
vn 0.0059 1.0000 -0.0034
vn 0.0055 1.0000 -0.0029
vn 0.0055 1.0000 -0.0027
vn 0.0058 1.0000 -0.0026
vn 0.0073 1.0000 -0.0022
vn 0.0012 1.0000 -0.0026
vn 0.0011 1.0000 -0.0028
vn 0.0012 1.0000 -0.0023
vn 0.0061 1.0000 -0.0022
vn -0.0035 1.0000 -0.0026
vn -0.0037 1.0000 -0.0027
vn -0.0036 1.0000 -0.0025
vn -0.0032 1.0000 -0.0022
vn 0.0014 1.0000 -0.0018
vn -0.0060 1.0000 -0.0027
vn -0.0059 1.0000 -0.0027
vn -0.0058 1.0000 -0.0026
vn -0.0053 1.0000 -0.0024
vn -0.0028 1.0000 -0.0018
vn -0.0062 1.0000 -0.0028
vn -0.0063 1.0000 -0.0026
vn -0.0064 1.0000 -0.0029
vn -0.0058 1.0000 -0.0031
vn -0.0048 1.0000 -0.0020
vn -0.0000 1.0000 -0.0024
vn -0.0000 1.0000 -0.0030
vn -0.0000 1.0000 -0.0037
vn -0.0000 1.0000 -0.0032
vn -0.0052 1.0000 -0.0028
vn -0.0000 1.0000 -0.0029
vn -0.0000 1.0000 -0.0036
vn -0.0050 1.0000 -0.0041
vn -0.0049 1.0000 -0.0028
vn -0.0034 1.0000 -0.0038
vn -0.0038 1.0000 -0.0023
vn -0.0042 1.0000 -0.0018
vn -0.0019 1.0000 -0.0012
vn -0.0023 1.0000 -0.0010
vn -0.0025 1.0000 -0.0014
vn 0.0018 1.0000 -0.0008
vn 0.0018 1.0000 -0.0012
vn 0.0017 1.0000 -0.0015
vn 0.0064 1.0000 -0.0012
vn 0.0063 1.0000 -0.0014
vn 0.0062 1.0000 -0.0017
vn 0.0083 1.0000 -0.0013
vn 0.0081 1.0000 -0.0015
vn 0.0077 1.0000 -0.0019
vn 0.0084 1.0000 -0.0012
vn 0.0080 1.0000 -0.0015
vn 0.0077 1.0000 -0.0020
vn 0.0084 1.0000 -0.0013
vn 0.0084 1.0000 -0.0019
vn 0.0083 1.0000 -0.0025
vn 0.0088 1.0000 -0.0019
vn 0.0088 1.0000 -0.0024
vn 0.0087 1.0000 -0.0028
vn 0.0089 1.0000 -0.0024
vn 0.0089 1.0000 -0.0027
vn 0.0089 1.0000 -0.0029
vn 0.0084 1.0000 -0.0028
vn 0.0080 1.0000 -0.0038
vn 0.0070 1.0000 -0.0033
vn 0.0060 1.0000 -0.0049
vn 0.0061 1.0000 -0.0028
vn 0.0050 1.0000 -0.0045
vn 0.0046 1.0000 -0.0050
vn 0.0039 1.0000 -0.0043
vn 0.0037 1.0000 -0.0049
vn 0.0037 1.0000 -0.0052
vn 0.0025 1.0000 -0.0048
vn 0.0023 1.0000 -0.0053
vn 0.0005 1.0000 -0.0055
vn -0.0000 1.0000 -0.0053
vn 0.0007 1.0000 -0.0045
vn -0.4589 0.8885 -0.0003
vn -0.4422 0.8969 -0.0070
vn -0.9527 0.3039 0.0028
vn -0.9478 0.3187 -0.0032
vn -1.0000 0.0003 0.0015
vn -1.0000 0.0025 0.0001
vn -1.0000 0.0012 -0.0006
vn -1.0000 -0.0005 0.0003
vn -1.0000 -0.0010 -0.0002
vn -1.0000 -0.0011 0.0004
vn -1.0000 -0.0017 -0.0000
vn -1.0000 -0.0013 0.0005
vn -1.0000 -0.0013 0.0003
vn -1.0000 -0.0017 0.0003
vn -1.0000 -0.0019 -0.0001
vn -1.0000 -0.0012 0.0004
vn -1.0000 -0.0017 0.0001
vn -1.0000 -0.0022 0.0002
vn -1.0000 -0.0026 -0.0002
vn -1.0000 -0.0028 0.0002
vn -1.0000 -0.0034 -0.0001
vn -1.0000 -0.0032 0.0006
vn -1.0000 -0.0041 0.0003
vn -1.0000 -0.0038 0.0026
vn -1.0000 -0.0050 0.0016
vn -1.0000 -0.0054 0.0007
vn -1.0000 -0.0077 0.0049
vn -1.0000 -0.0070 0.0019
vn -1.0000 -0.0067 0.0006
vn -0.9999 -0.0115 0.0068
vn -1.0000 -0.0086 0.0021
vn -1.0000 -0.0080 0.0003
vn -1.0000 -0.0068 -0.0001
vn -0.9565 0.2914 -0.0146
vn -0.4592 0.8881 -0.0202
vn 0.0172 0.9999 -0.0004
vn 0.0108 0.9999 -0.0074
vn 0.0123 0.9999 0.0040
vn 0.0102 0.9999 -0.0057
vn 0.0078 0.9999 -0.0074
vn 0.0093 0.9999 -0.0045
vn 0.0079 1.0000 -0.0059
vn 0.0067 1.0000 -0.0062
vn 0.0076 1.0000 -0.0049
vn 0.0070 1.0000 -0.0057
vn 0.0067 1.0000 -0.0061
vn 0.0074 1.0000 -0.0051
vn 0.0070 1.0000 -0.0058
vn 0.0066 1.0000 -0.0060
vn 0.0070 1.0000 -0.0055
vn 0.0068 1.0000 -0.0058
vn 0.0081 1.0000 -0.0056
vn 0.0080 1.0000 -0.0058
vn 0.0080 1.0000 -0.0059
vn 0.0093 0.9999 -0.0057
vn 0.0092 0.9999 -0.0058
vn 0.0091 0.9999 -0.0052
vn 0.0090 0.9999 -0.0055
vn 0.0086 1.0000 -0.0050
vn 0.0083 1.0000 -0.0053
vn 0.0079 1.0000 -0.0047
vn 0.0077 1.0000 -0.0052
vn 0.0075 1.0000 -0.0057
vn 0.0080 1.0000 -0.0050
vn 0.0078 1.0000 -0.0054
vn 0.0074 1.0000 -0.0050
vn 0.0073 1.0000 -0.0051
vn 0.0071 1.0000 -0.0046
vn 0.0065 1.0000 -0.0037
vn 0.0028 1.0000 -0.0041
vn 0.0021 1.0000 -0.0029
vn 0.0015 1.0000 -0.0029
vn -0.0034 1.0000 -0.0026
vn -0.0033 1.0000 -0.0027
vn -0.0033 1.0000 -0.0025
vn -0.0061 1.0000 -0.0024
vn -0.0067 1.0000 -0.0025
vn -0.0066 1.0000 -0.0025
vn -0.0064 1.0000 -0.0028
vn -0.0000 1.0000 -0.0026
vn -0.0000 1.0000 -0.0058
vn -0.0000 0.9999 -0.0164
vn -0.0055 1.0000 -0.0075
vn -0.0027 1.0000 -0.0073
vn -0.0009 1.0000 -0.0037
vn -0.0016 1.0000 -0.0021
vn 0.0014 1.0000 -0.0027
vn 0.0015 1.0000 -0.0013
vn 0.0062 1.0000 -0.0018
vn 0.0063 1.0000 -0.0013
vn 0.0064 1.0000 -0.0011
vn 0.0085 1.0000 -0.0015
vn 0.0084 1.0000 -0.0011
vn 0.0090 1.0000 -0.0011
vn 0.0089 1.0000 -0.0010
vn 0.0087 1.0000 -0.0012
vn 0.0084 1.0000 -0.0009
vn 0.0084 1.0000 -0.0010
vn 0.0080 1.0000 -0.0012
vn 0.0087 1.0000 -0.0014
vn 0.0085 1.0000 -0.0017
vn 0.0089 1.0000 -0.0017
vn 0.0090 1.0000 -0.0019
vn 0.0081 1.0000 -0.0019
vn 0.0083 1.0000 -0.0019
vn 0.0083 1.0000 -0.0024
vn 0.0074 1.0000 -0.0019
vn 0.0076 1.0000 -0.0024
vn 0.0078 1.0000 -0.0029
vn 0.0070 1.0000 -0.0025
vn 0.0072 1.0000 -0.0030
vn 0.0071 1.0000 -0.0024
vn 0.0059 1.0000 -0.0030
vn 0.0048 1.0000 -0.0022
vn 0.0041 1.0000 -0.0025
vn 0.0030 1.0000 -0.0019
vn 0.0026 1.0000 -0.0025
vn 0.0029 1.0000 -0.0042
vn 0.0040 1.0000 -0.0025
vn 0.0026 1.0000 -0.0040
vn -0.5126 0.8586 -0.0037
vn -0.4802 0.8772 -0.0015
vn -0.9697 0.2444 -0.0018
vn -0.9606 0.2780 0.0006
vn -1.0000 -0.0010 0.0005
vn -1.0000 -0.0013 -0.0001
vn -1.0000 -0.0001 0.0005
vn -1.0000 -0.0009 0.0001
vn -1.0000 -0.0010 0.0009
vn -1.0000 -0.0007 0.0004
vn -1.0000 -0.0011 0.0007
vn -1.0000 -0.0000 0.0006
vn -1.0000 -0.0005 0.0007
vn -1.0000 -0.0008 0.0005
vn -1.0000 0.0009 0.0009
vn -1.0000 0.0003 0.0008
vn -1.0000 -0.0005 0.0006
vn -1.0000 0.0010 0.0011
vn -1.0000 -0.0002 0.0011
vn -1.0000 -0.0013 0.0006
vn -0.9995 -0.0316 0.0033
vn -0.9990 -0.0435 0.0071
vn -1.0000 -0.0017 0.0002
vn -1.0000 -0.0021 0.0005
vn -1.0000 -0.0025 0.0004
vn -0.9995 -0.0303 -0.0059
vn -1.0000 -0.0024 0.0005
vn -0.9997 -0.0236 -0.0007
vn -1.0000 -0.0016 0.0024
vn -0.9998 -0.0214 0.0015
vn -1.0000 0.0006 0.0074
vn -1.0000 -0.0055 0.0080
vn -0.9991 0.0045 0.0411
vn -0.9994 -0.0154 0.0317
vn -0.9998 -0.0143 0.0151
vn -0.8027 -0.0290 0.5957
vn -0.8059 -0.0381 0.5909
vn -0.8114 -0.0298 0.5838
vn -0.1689 -0.0298 0.9852
vn -0.1669 -0.0205 0.9858
vn -0.1575 -0.0081 0.9875
vn -0.8069 -0.0168 0.5905
vn -0.1382 0.0107 0.9903
vn -0.8000 -0.0054 0.6000
vn 0.0012 0.0021 1.0000
vn 0.0010 0.0219 0.9998
vn 0.0128 0.4320 0.9018
vn -0.0065 0.0153 0.9999
vn -0.0095 0.4985 0.8668
vn 0.0019 0.9626 0.2711
vn 0.0181 0.9382 0.3456
vn 0.0093 1.0000 0.0029
vn 0.0101 0.9784 0.2063
vn 0.0093 1.0000 0.0012
vn 0.0083 1.0000 -0.0039
vn 0.0131 0.9999 0.0055
vn 0.0099 1.0000 -0.0013
vn 0.0083 1.0000 -0.0034
vn 0.0078 1.0000 0.0008
vn 0.0074 1.0000 -0.0022
vn 0.0072 1.0000 -0.0045
vn 0.0080 1.0000 -0.0047
vn 0.0082 1.0000 -0.0053
vn 0.0097 0.9999 -0.0051
vn 0.0097 0.9999 -0.0052
vn 0.0095 0.9999 -0.0052
vn 0.0105 0.9999 -0.0048
vn 0.0102 0.9999 -0.0047
vn 0.0096 0.9999 -0.0054
vn 0.0100 0.9999 -0.0039
vn 0.0092 0.9999 -0.0046
vn 0.0084 1.0000 -0.0049
vn 0.0086 1.0000 -0.0038
vn 0.0082 1.0000 -0.0044
vn 0.0081 1.0000 -0.0046
vn 0.0083 1.0000 -0.0040
vn 0.0079 1.0000 -0.0044
vn 0.0076 1.0000 -0.0048
vn 0.0045 1.0000 -0.0040
vn 0.0040 1.0000 -0.0043
vn 0.0035 1.0000 -0.0048
vn -0.0017 1.0000 -0.0038
vn -0.0023 1.0000 -0.0040
vn -0.0031 1.0000 -0.0034
vn -0.0060 1.0000 -0.0034
vn -0.0063 1.0000 -0.0029
vn -0.0063 1.0000 -0.0027
vn -0.0067 1.0000 -0.0027
vn -0.0067 1.0000 -0.0029
vn -0.0067 1.0000 -0.0028
vn -0.0000 1.0000 -0.0027
vn -0.0000 0.0010 -1.0000
vn -0.0000 0.0003 -1.0000
vn -0.0001 0.0004 -1.0000
vn -0.0004 0.0016 -1.0000
vn -0.0000 0.0008 -1.0000
vn -0.0000 0.0024 -1.0000
vn 0.0002 0.0009 -1.0000
vn 0.0006 0.0021 -1.0000
vn 0.0002 0.0005 -1.0000
vn 0.0004 0.0009 -1.0000
vn -0.0000 0.0002 -1.0000
vn -0.0000 0.0007 -1.0000
vn -0.0001 0.0010 -1.0000
vn -0.0003 0.0010 -1.0000
vn -0.0001 0.0012 -1.0000
vn -0.0004 0.0022 -1.0000
vn 0.0006 0.5719 -0.8203
vn 0.0012 0.6105 -0.7920
vn 0.0054 0.9848 -0.1737
vn 0.0046 0.9915 -0.1303
vn 0.0091 1.0000 -0.0030
vn 0.0062 1.0000 -0.0037
vn 0.0087 1.0000 -0.0018
vn 0.0079 1.0000 -0.0043
vn 0.0087 1.0000 -0.0020
vn 0.0089 1.0000 -0.0015
vn 0.0087 1.0000 -0.0023
vn 0.0086 1.0000 -0.0015
vn 0.0085 1.0000 -0.0010
vn 0.0076 1.0000 -0.0011
vn 0.0076 1.0000 -0.0009
vn 0.0077 1.0000 -0.0010
vn 0.0078 1.0000 -0.0011
vn 0.0080 1.0000 -0.0013
vn 0.0082 1.0000 -0.0015
vn 0.0079 1.0000 -0.0013
vn 0.0079 1.0000 -0.0016
vn 0.0079 1.0000 -0.0020
vn 0.0073 1.0000 -0.0015
vn 0.0071 1.0000 -0.0020
vn 0.0072 1.0000 -0.0020
vn 0.0066 1.0000 -0.0020
vn 0.0067 1.0000 -0.0020
vn 0.0068 1.0000 -0.0020
vn 0.0059 1.0000 -0.0019
vn 0.0056 1.0000 -0.0020
vn 0.0060 1.0000 -0.0027
vn 0.0034 1.0000 -0.0018
vn 0.0038 1.0000 -0.0030
vn 0.0042 1.0000 -0.0029
vn -0.0771 0.9970 -0.0123
vn -0.0230 0.9997 -0.0044
vn -0.0048 1.0000 -0.0032
vn -0.6181 0.7861 -0.0010
vn -0.5513 0.8343 -0.0077
vn -0.9895 0.1448 0.0019
vn -0.9790 0.2039 -0.0047
vn -1.0000 0.0062 0.0001
vn -1.0000 0.0019 -0.0006
vn -1.0000 0.0022 0.0007
vn -1.0000 0.0010 0.0003
vn -1.0000 0.0008 0.0008
vn -1.0000 0.0007 0.0006
vn -1.0000 0.0001 0.0006
vn -1.0000 0.0011 0.0007
vn -1.0000 0.0007 0.0007
vn -1.0000 0.0026 0.0008
vn -1.0000 0.0021 0.0009
vn -1.0000 0.0015 0.0009
vn -1.0000 0.0035 0.0011
vn -1.0000 0.0027 0.0012
vn -1.0000 0.0019 0.0012
vn -0.9996 -0.0292 0.0001
vn -0.9996 -0.0290 0.0003
vn -0.9996 -0.0295 0.0015
vn -0.9996 -0.0288 -0.0004
vn -0.9996 -0.0281 0.0009
vn -0.9996 -0.0296 0.0031
vn -1.0000 0.0008 0.0001
vn -1.0000 0.0017 0.0007
vn -1.0000 0.0082 0.0051
vn -0.9993 -0.0359 0.0118
vn -1.0000 -0.0000 0.0002
vn -1.0000 -0.0001 0.0006
vn -1.0000 -0.0002 0.0007
vn -1.0000 0.0002 0.0006
vn -1.0000 0.0002 0.0009
vn -1.0000 -0.0001 0.0011
vn -1.0000 -0.0004 0.0008
vn -1.0000 -0.0003 0.0011
vn -1.0000 -0.0007 0.0007
vn -1.0000 -0.0005 0.0008
vn -1.0000 -0.0009 0.0004
vn -1.0000 0.0013 -0.0045
vn -1.0000 -0.0010 0.0002
vn -1.0000 -0.0016 -0.0004
vn -0.9997 -0.0248 -0.0022
vn -0.9996 -0.0267 -0.0108
vn -1.0000 -0.0020 -0.0001
vn -0.9997 -0.0249 -0.0015
vn -1.0000 -0.0025 -0.0008
vn -1.0000 -0.0010 -0.0000
vn -1.0000 -0.0008 -0.0000
vn -1.0000 -0.0007 -0.0001
vn -1.0000 -0.0006 -0.0008
vn -0.8031 -0.0002 0.5959
vn -0.7983 -0.0020 0.6023
vn -0.7740 -0.0119 0.6331
vn -0.1441 0.0004 0.9896
vn -0.1364 -0.0012 0.9907
vn 0.0020 0.0006 1.0000
vn 0.0020 0.0002 1.0000
vn 0.0016 0.0006 1.0000
vn 0.0015 0.0002 1.0000
vn 0.0017 0.0032 1.0000
vn 0.0010 0.0002 1.0000
vn 0.0034 0.0042 1.0000
vn 0.0062 -0.0017 1.0000
vn 0.0011 -0.0007 1.0000
vn 0.0019 -0.0048 1.0000
vn -0.0020 -0.0014 1.0000
vn -0.0027 0.0012 1.0000
vn -0.0062 0.0029 1.0000
vn -0.0160 0.0061 0.9999
vn -0.0062 -0.0021 1.0000
vn -0.0157 -0.0057 0.9999
vn -0.1700 -0.0159 0.9853
vn -0.1620 0.0136 0.9867
vn -0.7763 0.0164 0.6302
vn -0.0077 -0.0108 0.9999
vn -0.0030 -0.0039 1.0000
vn -0.0006 -0.0018 1.0000
vn -0.0010 -0.0045 1.0000
vn -0.0004 0.0023 1.0000
vn 0.0002 -0.0005 1.0000
vn 0.0002 0.0013 1.0000
vn 0.0007 0.0098 1.0000
vn 0.0066 0.0092 0.9999
vn 0.0068 0.5602 0.8284
vn 0.0021 0.0029 1.0000
vn -0.0000 0.0052 1.0000
vn 0.0006 0.0162 0.9999
vn -0.0019 0.0021 1.0000
vn -0.0051 0.0068 1.0000
vn -0.0001 -0.0004 1.0000
vn -0.0001 -0.0011 1.0000
vn -0.0000 -0.0020 1.0000
vn 0.0068 0.5697 0.8218
vn 0.0002 -0.0007 1.0000
vn 0.0004 -0.0012 1.0000
vn 0.0079 0.5229 0.8524
vn 0.0122 0.9732 0.2295
vn 0.0106 0.9841 0.1771
vn -0.0001 -0.0006 1.0000
vn 0.0067 0.4756 0.8797
vn 0.0122 0.9589 0.2835
vn 0.0115 0.9999 -0.0037
vn 0.0107 0.9999 -0.0040
vn 0.0058 0.4422 0.8969
vn 0.0117 0.9475 0.3197
vn 0.0113 0.9999 -0.0026
vn 0.0110 0.9999 -0.0033
vn 0.0114 0.9999 -0.0045
vn 0.0093 0.9383 0.3456
vn 0.0093 1.0000 -0.0015
vn 0.0091 1.0000 -0.0021
vn 0.0089 1.0000 -0.0025
vn 0.0106 0.9999 -0.0036
vn 0.0046 1.0000 -0.0008
vn 0.0046 1.0000 -0.0016
vn 0.0046 1.0000 -0.0022
vn 0.0048 1.0000 -0.0029
vn 0.0088 1.0000 -0.0027
vn -0.0020 1.0000 -0.0018
vn -0.0019 1.0000 -0.0024
vn -0.0018 1.0000 -0.0034
vn 0.0052 1.0000 -0.0033
vn -0.0060 1.0000 -0.0030
vn -0.0059 1.0000 -0.0036
vn -0.0060 1.0000 -0.0036
vn -0.0061 1.0000 -0.0032
vn -0.0015 1.0000 -0.0032
vn -0.0062 1.0000 -0.0040
vn -0.0062 1.0000 -0.0032
vn -0.0063 1.0000 -0.0032
vn -0.0061 1.0000 -0.0029
vn -0.0000 1.0000 -0.0033
vn -0.0060 1.0000 -0.0032
vn -0.0065 1.0000 -0.0036
vn -0.0062 1.0000 -0.0035
vn -0.0058 1.0000 -0.0037
vn -0.0059 1.0000 -0.0032
vn -0.0016 1.0000 -0.0037
vn -0.0016 1.0000 -0.0033
vn -0.0015 1.0000 -0.0029
vn 0.0050 1.0000 -0.0036
vn 0.0054 1.0000 -0.0031
vn 0.0055 1.0000 -0.0030
vn 0.0086 1.0000 -0.0034
vn 0.0087 1.0000 -0.0029
vn 0.0088 1.0000 -0.0028
vn 0.0091 1.0000 -0.0032
vn 0.0095 0.9999 -0.0033
vn 0.0100 0.9999 -0.0036
vn 0.0106 0.9999 -0.0041
vn 0.0110 0.9999 -0.0047
vn 0.0112 0.9999 -0.0048
vn 0.0107 0.9999 -0.0052
vn 0.0107 0.9999 -0.0051
vn 0.0107 0.9999 -0.0048
vn 0.0096 0.9999 -0.0050
vn 0.0096 0.9999 -0.0048
vn 0.0097 0.9999 -0.0042
vn 0.0060 1.0000 -0.0021
vn 0.0031 1.0000 0.0023
vn 0.0085 0.9999 0.0095
vn -0.0065 1.0000 -0.0032
vn -0.0000 -0.0001 -1.0000
vn -0.0000 -0.0014 -1.0000
vn -0.0003 -0.0013 -1.0000
vn -0.0002 -0.0002 -1.0000
vn 0.0003 -0.0008 -1.0000
vn 0.0001 -0.0000 -1.0000
vn 0.0002 -0.0002 -1.0000
vn 0.0002 0.0003 -1.0000
vn -0.0001 -0.0006 -1.0000
vn -0.0000 -0.0000 -1.0000
vn 0.0002 -0.0003 -1.0000
vn 0.0001 0.0001 -1.0000
vn -0.0000 0.0001 -1.0000
vn -0.0000 0.0006 -1.0000
vn -0.0001 0.0003 -1.0000
vn -0.0001 0.0014 -1.0000
vn -0.0000 0.0005 -1.0000
vn 0.0001 0.0015 -1.0000
vn -0.0015 0.0084 -1.0000
vn 0.0011 0.5558 -0.8313
vn 0.0060 0.9795 -0.2016
vn 0.0088 0.9999 -0.0063
vn 0.0087 1.0000 -0.0035
vn 0.0079 1.0000 -0.0014
vn 0.0071 1.0000 -0.0015
vn 0.0074 1.0000 -0.0012
vn 0.0075 1.0000 -0.0020
vn 0.0078 1.0000 -0.0017
vn 0.0075 1.0000 -0.0021
vn 0.0076 1.0000 -0.0015
vn 0.0075 1.0000 -0.0012
vn 0.0072 1.0000 -0.0016
vn 0.0071 1.0000 -0.0011
vn 0.0067 1.0000 -0.0014
vn 0.0066 1.0000 -0.0008
vn 0.0059 1.0000 -0.0013
vn 0.0060 1.0000 -0.0020
vn 0.0049 1.0000 -0.0012
vn 0.0050 1.0000 -0.0022
vn 0.0046 1.0000 -0.0015
vn -0.3441 0.9389 -0.0035
vn -0.2575 0.9663 0.0022
vn -0.1712 0.9852 -0.0072
vn -0.8640 0.5034 0.0051
vn -0.8166 0.5772 -0.0023
vn -0.7045 0.7097 -0.0059
vn -0.9997 0.0223 0.0049
vn -0.9969 0.0777 0.0078
vn -1.0000 -0.0000 0.0018
vn -1.0000 0.0047 0.0022
vn -1.0000 -0.0018 0.0011
vn -1.0000 0.0008 0.0015
vn -1.0000 -0.0010 0.0007
vn -1.0000 -0.0001 0.0010
vn -1.0000 0.0012 0.0003
vn -1.0000 0.0010 0.0006
vn -1.0000 0.0041 0.0003
vn -1.0000 0.0033 0.0005
vn -1.0000 -0.0060 -0.0029
vn -1.0000 0.0064 0.0007
vn -1.0000 0.0047 0.0010
vn -0.9994 -0.0335 0.0034
vn -0.9995 -0.0310 0.0020
vn -0.9996 -0.0297 0.0009
vn -0.9994 -0.0344 0.0013
vn -0.9995 -0.0322 0.0003
vn -0.9995 -0.0305 -0.0005
vn -1.0000 0.0004 -0.0000
vn -1.0000 0.0006 0.0001
vn -1.0000 0.0007 -0.0000
vn -1.0000 -0.0000 -0.0000
vn -1.0000 0.0001 0.0002
vn -1.0000 0.0003 0.0001
vn -1.0000 0.0002 0.0002
vn -1.0000 0.0002 0.0005
vn -1.0000 0.0007 0.0003
vn -1.0000 0.0004 0.0006
vn -1.0000 0.0001 0.0014
vn -1.0000 0.0001 0.0011
vn -1.0000 -0.0002 0.0019
vn -1.0000 -0.0002 0.0015
vn -1.0000 -0.0005 0.0017
vn -1.0000 -0.0005 0.0015
vn -1.0000 -0.0006 0.0012
vn -1.0000 -0.0006 0.0011
vn -1.0000 -0.0007 0.0006
vn -1.0000 -0.0008 0.0001
vn -1.0000 -0.0009 -0.0005
vn -1.0000 -0.0009 -0.0009
vn -0.8041 0.0014 0.5945
vn -0.8030 0.0004 0.5960
vn -0.1466 0.0017 0.9892
vn -0.1443 0.0010 0.9895
vn 0.0014 0.0003 1.0000
vn 0.0019 0.0005 1.0000
vn 0.0012 0.0005 1.0000
vn 0.0015 0.0007 1.0000
vn 0.0010 0.0006 1.0000
vn 0.0011 0.0008 1.0000
vn 0.0011 0.0006 1.0000
vn 0.0006 0.0008 1.0000
vn 0.0005 0.0005 1.0000
vn 0.0004 0.0001 1.0000
vn 0.0002 0.0005 1.0000
vn 0.0001 -0.0000 1.0000
vn 0.0066 0.0132 0.9999
vn 0.0022 0.0064 1.0000
vn 0.0145 -0.0058 0.9999
vn 0.0044 -0.0030 1.0000
vn 0.0078 -0.0191 0.9998
vn 0.0023 -0.0091 1.0000
vn -0.0002 0.0007 1.0000
vn -0.0008 0.0007 1.0000
vn -0.0001 0.0011 1.0000
vn -0.0006 0.0008 1.0000
vn -0.0027 -0.0003 1.0000
vn 0.0003 0.0014 1.0000
vn -0.0011 -0.0008 1.0000
vn -0.0001 0.0025 1.0000
vn -0.0007 0.0012 1.0000
vn -0.0000 0.0002 1.0000
vn -0.0001 -0.0000 1.0000
vn 0.0001 -0.0001 1.0000
vn 0.0001 -0.0002 1.0000
vn -0.0002 -0.0000 1.0000
vn -0.0002 -0.0001 1.0000
vn -0.0002 -0.0003 1.0000
vn -0.0003 -0.0000 1.0000
vn -0.0003 -0.0003 1.0000
vn -0.0003 -0.0007 1.0000
vn -0.0000 -0.0008 1.0000
vn 0.0045 0.4178 0.9085
vn -0.0001 -0.0010 1.0000
vn 0.0017 0.3584 0.9336
vn 0.0044 0.9150 0.4035
vn -0.0020 0.2459 0.9693
vn -0.0035 0.8632 0.5049
vn -0.0022 1.0000 -0.0009
vn -0.0049 0.7725 0.6350
vn -0.0009 0.9994 0.0340
vn -0.0063 1.0000 -0.0025
vn 0.0020 0.9920 0.1260
vn -0.0076 1.0000 -0.0046
vn -0.0067 1.0000 -0.0048
vn -0.0000 1.0000 -0.0062
vn -0.0000 1.0000 -0.0061
vn -0.0000 1.0000 -0.0044
vn -0.0000 0.5610 0.8278
vn -0.0000 0.9842 0.1770
vn 0.0009 0.6252 0.7805
vn -0.0044 0.0276 0.9996
vn -0.0000 -0.0019 1.0000
vn -0.0070 0.1184 0.9929
vn 0.0005 -0.0001 1.0000
vn -0.0000 -0.0003 1.0000
vn -0.0000 0.0011 -1.0000
vn -0.0007 0.0017 -1.0000
vn -0.0000 0.0004 -1.0000
vn -0.0002 0.0025 -1.0000
vn 0.0319 0.0686 -0.9971
vn 0.0508 -0.0142 -0.9986
vn 0.0003 0.0024 -1.0000
vn 0.0011 0.0013 -1.0000
vn 0.0015 -0.0035 -1.0000
vn 0.0007 -0.0027 -1.0000
vn 0.0171 -0.0633 -0.9978
vn -0.0000 0.0009 -1.0000
vn -0.0009 -0.0023 -1.0000
vn -0.0009 -0.0018 -1.0000
vn -0.0000 -0.0017 -1.0000
vn -0.0001 -0.0028 -1.0000
vn 0.0002 -0.0023 -1.0000
vn 0.0006 -0.0024 -1.0000
vn 0.0001 0.0017 -1.0000
vn -0.0005 0.0014 -1.0000
vn -0.0114 0.0304 -0.9995
vn -0.0000 0.0013 -1.0000
vn -0.0003 0.0018 -1.0000
vn -0.0001 0.0026 -1.0000
vn -0.0001 0.0027 -1.0000
vn -0.0287 0.0874 -0.9958
vn -0.0003 0.0002 -1.0000
vn -0.0002 0.0021 -1.0000
vn 0.0081 0.1082 -0.9941
vn 0.0217 0.0204 -0.9996
vn -0.0102 0.0818 -0.9966
vn -0.0002 0.0011 -1.0000
vn 0.0101 0.0330 -0.9994
vn 0.0153 -0.0038 -0.9999
vn 0.0047 -0.0297 -0.9995
vn 0.0153 -0.1009 -0.9948
vn -0.0013 0.0129 -0.9999
vn -0.0034 -0.0013 -1.0000
vn -0.0017 -0.0138 -0.9999
vn 0.0001 -0.0006 -1.0000
vn 0.0001 -0.0015 -1.0000
vn -0.0020 0.0001 -1.0000
vn -0.0005 -0.0178 -0.9998
vn -0.0003 0.0007 -1.0000
vn -0.0011 0.0002 -1.0000
vn -0.0016 0.0008 -1.0000
vn -0.0016 0.0009 -1.0000
vn -0.0002 0.0012 -1.0000
vn -0.0028 0.0007 -1.0000
vn -0.0038 0.0014 -1.0000
vn -0.0048 0.0010 -1.0000
vn -0.0044 -0.0008 -1.0000
vn -0.0012 0.0009 -1.0000
vn -0.0061 0.0010 -1.0000
vn -0.0087 0.0042 -1.0000
vn -0.0117 -0.0029 -0.9999
vn -0.0071 -0.0080 -0.9999
vn -0.0024 -0.0012 -1.0000
vn -0.4251 0.0045 -0.9051
vn -0.4489 -0.0182 -0.8934
vn -0.4870 -0.0304 -0.8729
vn -0.9459 -0.0188 -0.3240
vn -0.9573 -0.0284 -0.2878
vn -0.9999 -0.0071 -0.0090
vn -0.9999 -0.0103 -0.0042
vn -0.9707 0.2401 0.0030
vn -1.0000 -0.0041 -0.0010
vn -0.9651 0.2617 0.0136
vn -0.4961 0.8681 0.0174
vn -0.5223 0.8528 0.0028
vn 0.0001 1.0000 0.0023
vn 0.0035 1.0000 -0.0029
vn 0.0064 1.0000 -0.0015
vn 0.0076 1.0000 -0.0035
vn 0.0071 0.9999 -0.0073
vn 0.0124 0.7746 -0.6324
vn 0.0079 1.0000 -0.0040
vn 0.0097 0.9999 -0.0086
vn 0.0221 0.7991 -0.6008
vn 0.0127 0.1469 -0.9891
vn 0.0059 0.1084 -0.9941
vn 0.0078 0.9999 -0.0106
vn 0.0151 0.8214 -0.5702
vn 0.0088 0.1842 -0.9828
vn 0.0025 0.8241 -0.5664
vn -0.0005 0.1850 -0.9827
vn -0.0003 0.0041 -1.0000
vn 0.0007 0.0036 -1.0000
vn -0.0002 0.0014 -1.0000
vn 0.0001 0.0018 -1.0000
vn -0.0002 0.0019 -1.0000
vn -0.0004 0.0011 -1.0000
vn -0.0002 0.0006 -1.0000
vn -0.0001 -0.0002 -1.0000
vn -0.0001 0.0001 -1.0000
vn -0.0002 -0.0005 -1.0000
vn 0.0032 -0.0213 -0.9998
vn -0.0003 -0.0002 -1.0000
vn -0.0001 -0.0000 -1.0000
vn -0.0001 0.0006 -1.0000
vn -0.0001 0.0017 -1.0000
vn -0.0007 0.0028 -1.0000
vn 0.0057 1.0000 -0.0059
vn 0.0074 1.0000 -0.0038
vn 0.0071 1.0000 -0.0027
vn 0.0074 1.0000 -0.0027
vn 0.0075 1.0000 -0.0026
vn 0.0072 1.0000 -0.0022
vn 0.0058 1.0000 -0.0020
vn 0.0066 1.0000 -0.0019
vn -0.0012 1.0000 -0.0015
vn 0.0037 1.0000 -0.0036
vn 0.0059 1.0000 -0.0003
vn -0.4798 0.8774 -0.0051
vn -0.4588 0.8885 0.0017
vn -0.4181 0.9084 -0.0015
vn -0.9550 0.2968 0.0018
vn -0.9403 0.3404 -0.0003
vn -0.9089 0.4169 -0.0017
vn -1.0000 -0.0058 0.0009
vn -1.0000 -0.0046 0.0011
vn -1.0000 -0.0008 0.0024
vn -1.0000 -0.0049 0.0008
vn -1.0000 -0.0033 0.0014
vn -1.0000 -0.0038 0.0006
vn -1.0000 -0.0032 0.0008
vn -1.0000 -0.0016 0.0004
vn -1.0000 -0.0014 0.0005
vn -1.0000 0.0009 -0.0000
vn -1.0000 0.0014 0.0001
vn -1.0000 0.0024 -0.0008
vn -1.0000 0.0039 -0.0004
vn -1.0000 0.0043 -0.0002
vn -0.9923 -0.1237 0.0058
vn -0.9983 -0.0576 -0.0045
vn -0.9985 -0.0539 -0.0060
vn -0.9979 -0.0620 -0.0194
vn -0.9990 -0.0448 -0.0056
vn -0.9997 0.0158 -0.0182
vn -0.9995 -0.0309 -0.0039
vn -0.9993 -0.0384 0.0026
vn -1.0000 0.0006 -0.0014
vn -1.0000 0.0006 -0.0009
vn -1.0000 0.0005 -0.0004
vn -1.0000 0.0004 -0.0009
vn -1.0000 0.0002 -0.0002
vn -1.0000 0.0001 -0.0000
vn -1.0000 0.0004 0.0002
vn -1.0000 0.0001 0.0001
vn -1.0000 0.0012 0.0005
vn -1.0000 0.0008 0.0004
vn -1.0000 0.0005 0.0001
vn -1.0000 0.0021 0.0007
vn -1.0000 0.0016 0.0004
vn -1.0000 0.0011 0.0002
vn -1.0000 0.0027 0.0008
vn -1.0000 0.0019 0.0006
vn -1.0000 0.0013 0.0004
vn -1.0000 0.0020 0.0009
vn -1.0000 0.0014 0.0006
vn -1.0000 0.0013 0.0008
vn -1.0000 0.0009 0.0007
vn -1.0000 0.0010 0.0017
vn -1.0000 0.0006 0.0016
vn -1.0000 0.0003 0.0025
vn -1.0000 0.0001 0.0022
vn -1.0000 -0.0004 0.0019
vn -1.0000 -0.0016 0.0017
vn -1.0000 -0.0008 0.0014
vn -1.0000 -0.0020 0.0008
vn -1.0000 -0.0010 0.0008
vn -1.0000 -0.0019 -0.0003
vn -1.0000 -0.0014 -0.0018
vn -1.0000 -0.0007 -0.0008
vn -0.8126 0.0085 0.5828
vn -0.8084 0.0044 0.5886
vn -0.1577 0.0081 0.9875
vn -0.1525 0.0044 0.9883
vn 0.0014 0.0013 1.0000
vn 0.0013 0.0009 1.0000
vn 0.0012 0.0013 1.0000
vn 0.0012 0.0008 1.0000
vn 0.0008 0.0014 1.0000
vn 0.0009 0.0008 1.0000
vn 0.0005 0.0014 1.0000
vn 0.0005 0.0009 1.0000
vn 0.0006 0.0007 1.0000
vn 0.0003 0.0009 1.0000
vn 0.0003 0.0007 1.0000
vn 0.0002 0.0006 1.0000
vn 0.0001 0.0007 1.0000
vn 0.0001 0.0005 1.0000
vn 0.0001 0.0004 1.0000
vn -0.0000 -0.0000 1.0000
vn -0.0024 0.0205 0.9998
vn 0.0022 0.0204 0.9998
vn -0.0042 -0.0120 0.9999
vn 0.0053 -0.0106 0.9999
vn -0.0018 -0.0322 0.9995
vn 0.0032 -0.0301 0.9995
vn 0.0001 0.0002 1.0000
vn -0.0000 0.0005 1.0000
vn 0.0003 -0.0305 0.9995
vn 0.0003 -0.0003 1.0000
vn -0.0036 -0.0273 0.9996
vn -0.0003 -0.0006 1.0000
vn -0.0006 -0.0003 1.0000
vn -0.0004 0.0002 1.0000
vn -0.0003 0.0002 1.0000
vn -0.0001 0.0005 1.0000
vn -0.0000 0.0004 1.0000
vn -0.0000 -0.0004 1.0000
vn -0.0003 0.0003 1.0000
vn -0.0004 0.0005 1.0000
vn -0.0026 -0.0013 1.0000
vn 0.0039 -0.0129 0.9999
vn -0.3472 -0.0260 0.9374
vn 0.0005 0.0001 1.0000
vn -0.0001 -0.0001 1.0000
vn -0.0021 -0.0028 1.0000
vn -0.0039 -0.0002 1.0000
vn 0.0006 -0.0004 1.0000
vn -0.0019 0.0013 1.0000
vn 0.0001 -0.0007 1.0000
vn -0.0109 -0.0042 0.9999
vn -0.0051 0.0092 0.9999
vn -0.0003 -0.0004 1.0000
vn -0.0002 0.0003 1.0000
vn -0.0025 0.0172 0.9998
vn -0.0001 -0.0002 1.0000
vn -0.0001 0.0003 1.0000
vn -0.0002 0.0005 1.0000
vn -0.0002 0.0006 1.0000
vn -0.0000 -0.0001 1.0000
vn -0.0000 0.0003 1.0000
vn 0.0003 0.0003 1.0000
vn 0.0003 0.0006 1.0000
vn 0.0005 0.0008 1.0000
vn 0.0004 0.0004 1.0000
vn 0.0004 0.0013 1.0000
vn 0.0006 0.0015 1.0000
vn 0.0008 0.0006 1.0000
vn 0.0004 0.0020 1.0000
vn 0.0004 0.0014 1.0000
vn 0.0009 0.0007 1.0000
vn 0.0007 0.0018 1.0000
vn 0.0007 0.0015 1.0000
vn 0.0051 -0.1970 0.9804
vn 0.0022 -0.2122 0.9772
vn 0.0010 0.0015 1.0000
vn 0.0006 0.0012 1.0000
vn 0.0042 -0.1762 0.9843
vn 0.0144 -0.7385 0.6741
vn 0.0108 -0.7758 0.6309
vn -0.0001 -0.0003 1.0000
vn -0.0028 -0.1654 0.9862
vn 0.0053 -0.7181 0.6959
vn 0.0222 -0.9898 0.1407
vn 0.0204 -0.9930 0.1165
vn 0.0221 -0.9995 -0.0212
vn 0.0178 -0.9996 -0.0241
vn 0.0134 -0.9963 0.0844
vn 0.0263 -0.9994 -0.0221
vn 0.0213 -0.9995 -0.0247
vn 0.0207 -0.9995 -0.0225
vn -0.2202 -0.9752 -0.0236
vn -0.1860 -0.9822 -0.0241
vn -0.1449 -0.9893 -0.0179
vn 0.0182 -0.9996 -0.0230
vn -0.7515 -0.6596 -0.0102
vn -0.7301 -0.6833 -0.0104
vn -0.7065 -0.7077 -0.0043
vn -0.6827 -0.7307 0.0003
vn -0.1029 -0.9946 -0.0151
vn -0.9848 -0.1736 0.0020
vn -0.9866 -0.1630 0.0034
vn -0.9889 -0.1482 0.0069
vn -0.9909 -0.1346 0.0053
vn -0.6614 -0.7500 -0.0026
vn -1.0000 -0.0088 0.0024
vn -1.0000 -0.0057 0.0044
vn -1.0000 -0.0017 0.0041
vn -1.0000 -0.0001 0.0018
vn -0.9900 -0.1407 -0.0009
vn -1.0000 -0.0023 0.0031
vn -1.0000 -0.0001 0.0031
vn -1.0000 0.0010 0.0018
vn -1.0000 0.0011 0.0009
vn -1.0000 -0.0002 0.0009
vn -1.0000 -0.0007 0.0005
vn -0.9829 -0.1840 0.0013
vn -0.9865 -0.1635 -0.0014
vn -1.0000 0.0011 0.0006
vn -1.0000 0.0013 0.0011
vn -1.0000 -0.0022 0.0010
vn -1.0000 -0.0021 0.0020
vn -0.9751 -0.2216 0.0059
vn -0.9778 -0.2097 0.0033
vn -1.0000 0.0022 0.0015
vn -1.0000 0.0033 0.0012
vn -1.0000 -0.0001 0.0015
vn -1.0000 0.0030 0.0011
vn -1.0000 0.0038 0.0011
vn -1.0000 0.0037 0.0008
vn -1.0000 0.0033 0.0006
vn -1.0000 0.0033 0.0009
vn -1.0000 0.0035 0.0009
vn -1.0000 0.0035 0.0005
vn -1.0000 0.0036 0.0005
vn -1.0000 0.0024 0.0008
vn -1.0000 0.0026 0.0004
vn -1.0000 0.0026 -0.0006
vn -1.0000 0.0037 -0.0004
vn -1.0000 0.0015 0.0002
vn -1.0000 0.0015 -0.0007
vn -1.0000 0.0015 -0.0011
vn -1.0000 0.0026 -0.0011
vn -1.0000 0.0008 -0.0007
vn -1.0000 0.0009 -0.0012
vn -1.0000 0.0009 -0.0009
vn -1.0000 0.0014 -0.0008
vn -1.0000 0.0005 -0.0013
vn -1.0000 0.0006 -0.0010
vn -1.0000 0.0010 -0.0003
vn -1.0000 -0.0002 0.0001
vn -0.9979 0.0648 -0.0096
vn -0.9974 0.0717 0.0034
vn -0.9980 0.0632 0.0025
vn -1.0000 -0.0002 0.0002
vn -0.9970 -0.0761 0.0122
vn -0.9962 -0.0870 0.0053
vn -0.9965 -0.0841 -0.0005
vn -0.9975 0.0707 0.0009
vn -0.9883 -0.1521 0.0085
vn -0.9883 -0.1524 0.0016
vn -0.9860 -0.1667 -0.0054
vn -0.9784 -0.2036 -0.0347
vn -0.9988 -0.0389 -0.0285
vn -1.0000 -0.0017 -0.0014
vn -0.9999 -0.0161 -0.0042
vn -0.9982 -0.0582 -0.0149
vn -0.9905 -0.1359 -0.0233
vn -0.9739 -0.2104 -0.0847
vn -1.0000 -0.0009 -0.0013
vn -0.9991 -0.0202 -0.0367
vn -1.0000 -0.0027 -0.0001
vn -1.0000 -0.0029 -0.0013
vn -1.0000 -0.0032 -0.0030
vn -1.0000 -0.0041 -0.0070
vn -0.9987 -0.0505 -0.0050
vn -1.0000 -0.0046 -0.0012
vn -1.0000 -0.0046 -0.0030
vn -1.0000 -0.0032 -0.0074
vn -0.9380 -0.0003 -0.3466
vn -0.9313 -0.0033 -0.3643
vn -1.0000 -0.0059 -0.0031
vn -1.0000 -0.0055 -0.0012
vn -1.0000 -0.0033 -0.0015
vn -1.0000 -0.0055 -0.0000
vn -1.0000 -0.0053 -0.0006
vn -0.9599 0.2803 -0.0027
vn -0.9619 0.2735 0.0008
vn -0.4854 0.8743 0.0022
vn -1.0000 -0.0064 0.0004
vn -1.0000 -0.0056 0.0004
vn -1.0000 -0.0054 0.0006
vn -1.0000 -0.0041 0.0004
vn -1.0000 -0.0039 0.0004
vn -1.0000 -0.0023 0.0002
vn -1.0000 -0.0019 0.0002
vn -1.0000 -0.0001 -0.0002
vn -1.0000 -0.0043 -0.0000
vn -0.4086 -0.0008 -0.9127
vn -0.3967 0.0047 -0.9179
vn -0.9347 -0.0140 -0.3552
vn -0.0072 0.0009 -1.0000
vn -0.8830 0.4595 -0.0961
vn -0.9907 0.1103 -0.0793
vn -0.9706 0.2408 -0.0003
vn -0.9867 0.1623 -0.0134
vn -0.9948 0.1017 -0.0047
vn -1.0000 0.0007 0.0014
vn -1.0000 0.0005 0.0009
vn -1.0000 0.0001 0.0005
vn -1.0000 0.0005 0.0010
vn -1.0000 0.0005 0.0007
vn -1.0000 0.0004 0.0003
vn -1.0000 0.0009 0.0003
vn -1.0000 0.0010 0.0001
vn -1.0000 0.0011 0.0001
vn -1.0000 0.0013 -0.0000
vn -1.0000 0.0014 -0.0003
vn -1.0000 0.0014 -0.0002
vn -1.0000 0.0018 -0.0004
vn -1.0000 0.0022 -0.0009
vn -1.0000 0.0023 -0.0007
vn -1.0000 0.0032 -0.0012
vn -1.0000 0.0038 -0.0011
vn -1.0000 0.0035 -0.0017
vn -1.0000 0.0044 -0.0012
vn -1.0000 0.0041 -0.0002
vn -1.0000 0.0040 -0.0012
vn -1.0000 0.0036 0.0001
vn -1.0000 0.0029 0.0006
vn -0.9887 -0.1496 -0.0045
vn -0.9878 -0.1556 0.0007
vn -0.9817 -0.1905 0.0061
vn -0.6364 -0.7714 0.0012
vn -0.5906 -0.8069 0.0106
vn -0.5520 -0.8337 0.0152
vn -0.0350 -0.9993 0.0095
vn -0.0245 -0.9996 0.0167
vn -0.0296 -0.9994 0.0200
vn -0.5670 -0.8235 0.0158
vn -0.0377 -0.9992 0.0148
vn -0.5920 -0.8059 0.0102
vn -0.0399 -0.9992 -0.0023
vn -0.6103 -0.7922 -0.0039
vn -0.0451 -0.9989 -0.0149
vn -0.6354 -0.7721 -0.0105
vn -0.0669 -0.9976 -0.0152
vn -0.0031 -0.9999 -0.0143
vn 0.0076 -0.9998 -0.0189
vn 0.0146 -0.9997 -0.0209
vn 0.0066 -0.9998 -0.0163
vn 0.0130 -0.9997 -0.0188
vn 0.0173 -0.9996 -0.0211
vn 0.0109 -0.9998 -0.0161
vn 0.0152 -0.9997 -0.0181
vn 0.0182 -0.9996 -0.0208
vn 0.0103 -0.9998 -0.0146
vn 0.0130 -0.9998 -0.0180
vn 0.0145 -0.9996 -0.0240
vn 0.0052 -0.9999 -0.0136
vn 0.0072 -0.9998 -0.0192
vn 0.0064 -0.9994 0.0335
vn 0.0118 -0.9985 0.0540
vn 0.0036 -0.8173 0.5761
vn 0.0070 -0.8026 0.5964
vn 0.0014 -0.2141 0.9768
vn -0.0019 -0.8133 0.5819
vn -0.0003 -0.1969 0.9804
vn 0.0011 -0.0006 1.0000
vn -0.0048 -0.1530 0.9882
vn 0.0004 -0.0010 1.0000
vn -0.0001 0.0006 1.0000
vn -0.0003 0.0011 1.0000
vn -0.0002 0.0002 1.0000
vn -0.0005 0.0006 1.0000
vn -0.0004 0.0004 1.0000
vn -0.0003 0.0005 1.0000
vn -0.0004 0.0007 1.0000
vn -0.0003 0.0007 1.0000
vn -0.0001 0.0007 1.0000
vn -0.0001 0.0009 1.0000
vn -0.0001 0.0008 1.0000
vn -0.0004 -0.0006 1.0000
vn -0.0004 0.0001 1.0000
vn -0.0000 0.0007 1.0000
vn -0.0001 0.0004 1.0000
vn -0.0000 0.0009 1.0000
vn -0.0000 0.0012 1.0000
vn 0.0002 0.0009 1.0000
vn -0.0002 0.0011 1.0000
vn -0.0003 0.0015 1.0000
vn -0.0000 0.0017 1.0000
vn -0.0006 0.0010 1.0000
vn -0.0007 0.0010 1.0000
vn -0.0005 0.0013 1.0000
vn -0.0005 0.0012 1.0000
vn -0.0004 0.0014 1.0000
vn -0.0006 0.0005 1.0000
vn -0.0004 0.0015 1.0000
vn -0.0031 -0.0638 0.9980
vn -0.0014 -0.0443 0.9990
vn -0.0056 -0.1001 0.9950
vn -0.0092 -0.7506 0.6607
vn -0.0076 -0.7146 0.6995
vn -0.0095 -0.7916 0.6109
vn -0.0050 -0.9998 0.0215
vn -0.0048 -0.9996 0.0294
vn -0.0002 -0.9997 0.0243
vn 0.0003 -0.9999 -0.0141
vn -0.0043 -0.9999 -0.0113
vn -0.0052 -1.0000 -0.0057
vn -0.0077 -1.0000 -0.0017
vn -0.0063 -0.9999 -0.0085
vn -0.0009 -1.0000 -0.0092
vn -0.0025 -1.0000 -0.0066
vn -0.0068 -1.0000 -0.0022
vn 0.0033 -0.9999 -0.0107
vn 0.0008 -1.0000 -0.0085
vn -0.0044 -1.0000 -0.0050
vn 0.0065 -0.9999 -0.0124
vn 0.0017 -0.9999 -0.0099
vn -0.0023 -1.0000 -0.0065
vn 0.0048 -0.9999 -0.0134
vn -0.0026 -1.0000 -0.0086
vn -0.0034 -1.0000 -0.0059
vn -0.0025 -0.9999 -0.0114
vn -0.0093 -1.0000 -0.0004
vn -0.0078 -1.0000 0.0006
vn -0.0113 -0.9999 -0.0014
vn -0.0111 -0.9998 0.0139
vn -0.0096 -0.9999 0.0130
vn -0.0060 -0.9998 0.0169
vn -0.0057 -0.9999 0.0158
vn -0.0083 -0.9999 0.0123
vn -0.0063 -0.9998 0.0181
vn -0.0003 -0.9999 0.0158
vn -0.0005 -0.9999 0.0141
vn 0.0050 -0.9999 0.0096
vn 0.0040 -1.0000 0.0083
vn -0.0010 -0.9999 0.0122
vn 0.0054 -0.9999 0.0107
vn 0.0090 -1.0000 0.0033
vn 0.0089 -1.0000 0.0025
vn -0.0519 -0.9987 0.0021
vn -0.0706 -0.9974 -0.0135
vn 0.0095 -0.9999 -0.0100
vn -0.6514 -0.7586 -0.0152
vn -0.6574 -0.7532 -0.0232
vn -0.0831 -0.9961 -0.0311
vn -0.9885 -0.1514 -0.0039
vn -0.9896 -0.1438 -0.0052
vn -0.6625 -0.7487 -0.0217
vn -1.0000 0.0010 -0.0013
vn -1.0000 0.0003 -0.0031
vn -0.9905 -0.1371 -0.0094
vn -1.0000 0.0028 -0.0023
vn -1.0000 0.0009 -0.0018
vn -1.0000 -0.0018 -0.0024
vn -1.0000 0.0020 -0.0013
vn -1.0000 0.0011 -0.0007
vn -1.0000 0.0001 -0.0008
vn -1.0000 0.0015 -0.0004
vn -1.0000 0.0010 -0.0006
vn -1.0000 0.0008 -0.0008
vn -1.0000 0.0010 -0.0002
vn -1.0000 0.0006 -0.0002
vn -1.0000 0.0006 -0.0005
vn -1.0000 0.0008 0.0002
vn -1.0000 0.0005 0.0004
vn -1.0000 0.0003 -0.0000
vn -1.0000 0.0005 0.0008
vn -1.0000 0.0003 0.0010
vn -1.0000 0.0003 0.0006
vn -1.0000 0.0004 0.0013
vn -1.0000 0.0003 0.0014
vn -1.0000 0.0002 0.0011
vn -1.0000 0.0006 0.0018
vn -0.8694 -0.0040 -0.4941
vn -0.8885 -0.0013 -0.4588
vn -0.9014 -0.0003 -0.4329
vn -1.0000 0.0001 0.0009
vn -1.0000 0.0002 0.0003
vn -1.0000 -0.0001 0.0003
vn -1.0000 0.0002 -0.0003
vn -1.0000 -0.0003 -0.0003
vn -1.0000 0.0001 -0.0006
vn -1.0000 0.0006 -0.0008
vn -1.0000 -0.0002 -0.0010
vn -1.0000 0.0003 -0.0010
vn -1.0000 0.0003 -0.0008
vn -1.0000 -0.0006 -0.0010
vn -1.0000 -0.0007 -0.0007
vn -1.0000 -0.0017 -0.0005
vn -0.9999 -0.0117 0.0007
vn -0.9987 -0.0493 0.0086
vn -0.9941 -0.1085 0.0018
vn -0.7855 -0.6183 0.0256
vn -0.7373 -0.6756 0.0058
vn -0.6894 -0.7239 -0.0247
vn -0.1521 -0.9884 0.0027
vn -0.1160 -0.9930 -0.0211
vn -0.0862 -0.9959 -0.0275
vn -0.0074 -0.9999 -0.0140
vn -0.0048 -0.9996 -0.0267
vn 0.0023 -0.9996 -0.0292
vn -0.0008 -0.9997 -0.0253
vn 0.0079 -0.9996 -0.0263
vn 0.0118 -0.9999 -0.0099
vn 0.0069 -0.9997 -0.0236
vn 0.0095 -0.9999 -0.0105
vn 0.0073 -1.0000 0.0016
vn 0.0079 -0.9999 -0.0113
vn 0.0057 -1.0000 0.0004
vn 0.0024 -1.0000 0.0066
vn 0.0066 -1.0000 -0.0011
vn 0.0035 -1.0000 0.0042
vn -0.0004 -1.0000 0.0074
vn -0.0016 -0.9999 0.0100
vn -0.0035 -0.9999 0.0133
vn -0.0049 -0.9999 0.0146
vn -0.0052 -0.9999 0.0108
vn -0.0065 -0.9999 0.0116
vn -0.0060 -1.0000 0.0016
vn -0.0064 -1.0000 0.0014
vn -0.0049 -1.0000 -0.0039
vn -0.0070 -1.0000 0.0011
vn -0.0071 -1.0000 -0.0030
vn -0.0062 -1.0000 -0.0039
vn -0.0103 -0.9999 -0.0031
vn -0.0104 -0.9999 -0.0024
vn -0.0090 -1.0000 -0.0011
vn -0.0118 -0.9999 -0.0012
vn -0.0108 -0.9999 0.0024
vn -0.0093 -1.0000 0.0021
vn -0.0113 -0.9999 0.0028
vn -0.0120 -0.9999 0.0039
vn -0.0119 -0.9999 0.0013
vn -0.0165 -0.9999 0.0016
vn -0.0177 -0.9998 0.0013
vn -0.0178 -0.9998 -0.0011
vn -0.0110 -0.9999 -0.0042
vn -0.0122 -0.9965 0.0827
vn -0.0082 -0.9988 0.0486
vn -0.0057 -0.6798 0.7334
vn -0.0127 -0.9893 0.1455
vn -0.0048 -0.6206 0.7841
vn -0.0023 -0.0290 0.9996
vn 0.0098 -0.5685 0.8226
vn -0.0004 -0.0201 0.9998
vn -0.0007 0.0006 1.0000
vn -0.0001 -0.0188 0.9998
vn -0.0003 0.0017 1.0000
vn -0.0001 0.0019 1.0000
vn 0.0008 0.0019 1.0000
vn 0.0006 0.0018 1.0000
vn 0.0005 0.0013 1.0000
vn 0.0004 0.0009 1.0000
vn -0.0000 0.0006 1.0000
vn 0.0001 0.0003 -1.0000
vn 0.0001 -0.0001 -1.0000
vn -0.0000 -0.0002 -1.0000
vn 0.0003 0.0017 -1.0000
vn -0.0003 0.0001 -1.0000
vn -0.0003 -0.0000 -1.0000
vn -0.0004 0.0002 -1.0000
vn -0.0005 -0.0000 -1.0000
vn -0.0004 -0.0000 -1.0000
vn 0.0003 0.0003 -1.0000
vn 0.0001 -0.0002 -1.0000
vn 0.0004 -0.0003 -1.0000
vn -0.0013 0.0177 -0.9998
vn -0.0004 -0.0004 -1.0000
vn -0.0003 -0.0001 -1.0000
vn -0.0005 -0.0002 -1.0000
vn -0.0001 -0.0001 -1.0000
vn -0.0502 0.1038 -0.9933
vn -0.2639 -0.0038 -0.9645
vn -0.3033 -0.0012 -0.9529
vn -0.3295 -0.0004 -0.9442
vn -0.3519 0.0009 -0.9360
vn -0.9113 0.0009 -0.4117
vn -0.3615 0.0037 -0.9324
vn -0.9158 0.0037 -0.4016
vn -0.9167 0.0067 -0.3996
vn -1.0000 -0.0004 0.0005
vn -1.0000 -0.0019 0.0009
vn -1.0000 -0.0018 0.0002
vn -1.0000 -0.0011 -0.0008
vn -1.0000 -0.0047 -0.0000
vn -1.0000 -0.0027 -0.0020
vn -1.0000 -0.0010 -0.0015
vn -0.9999 -0.0145 -0.0073
vn -1.0000 -0.0061 -0.0021
vn -1.0000 -0.0059 -0.0009
vn -0.8902 -0.4555 0.0089
vn -0.8636 -0.5042 -0.0012
vn -0.8282 -0.5604 0.0006
vn -0.2434 -0.9699 0.0028
vn -0.1941 -0.9810 -0.0013
vn -0.1656 -0.9860 0.0181
vn 0.0199 -0.9998 -0.0030
vn 0.0056 -1.0000 0.0074
vn -0.0068 -1.0000 0.0010
vn 0.0087 -1.0000 0.0017
vn -0.0036 -1.0000 -0.0005
vn -0.0057 -0.9999 -0.0133
vn 0.0012 -1.0000 -0.0035
vn -0.0044 -0.9999 -0.0130
vn -0.0005 -0.9997 -0.0230
vn -0.0029 -0.9999 -0.0133
vn -0.0003 -0.9998 -0.0202
vn 0.0059 -0.9998 -0.0208
vn 0.0007 -0.9998 -0.0174
vn 0.0052 -0.9998 -0.0176
vn 0.0077 -0.9999 -0.0115
vn 0.0071 -0.9999 -0.0142
vn 0.0101 -0.9999 -0.0100
vn 0.0113 -0.9999 -0.0019
vn 0.0147 -0.9999 -0.0076
vn 0.0155 -0.9999 -0.0021
vn 0.0140 -0.9999 -0.0012
vn 0.0096 -1.0000 0.0014
vn 0.0100 -0.9999 -0.0014
vn 0.0055 -1.0000 0.0035
vn 0.0025 -1.0000 0.0029
vn -0.0002 -1.0000 0.0099
vn -0.0051 -1.0000 0.0040
vn -0.0049 -1.0000 0.0086
vn -0.0091 -1.0000 -0.0002
vn -0.0040 -1.0000 -0.0028
vn -0.0096 -0.9999 -0.0028
vn -0.0117 -0.9999 -0.0039
vn -0.0042 -1.0000 -0.0068
vn -0.0077 -1.0000 -0.0055
vn -0.0098 -1.0000 -0.0018
vn -0.0044 -0.9999 -0.0094
vn -0.0095 -0.9999 -0.0061
vn -0.0139 -0.9999 -0.0013
vn -0.0117 -0.9998 -0.0137
vn -0.0172 -0.9998 -0.0083
vn -0.0205 -0.9998 -0.0030
vn 0.0089 -0.9999 -0.0126
vn 0.0085 -0.9999 -0.0075
vn 0.0079 -1.0000 -0.0035
vn -0.0220 -0.9998 -0.0006
vn 0.0095 -0.9999 0.0111
vn -0.0216 -0.9998 0.0023
vn 0.0143 -0.9777 0.2093
vn 0.0363 -0.9992 0.0153
vn 0.0309 -0.9748 0.2210
vn 0.0150 -0.5641 0.8256
vn 0.0141 -0.9789 0.2040
vn 0.0053 -0.5652 0.8250
vn 0.0002 -0.0146 0.9999
vn 0.0038 -0.5633 0.8262
vn 0.0001 -0.0093 1.0000
vn 0.0006 0.0013 1.0000
vn -0.0000 -0.0074 1.0000
vn -0.0000 0.0014 1.0000
vn -0.0000 0.0011 1.0000
vn -0.0000 -0.0012 -1.0000
vn -0.0003 -0.0017 -1.0000
vn -0.0001 0.0002 -1.0000
vn -0.0002 -0.0000 -1.0000
vn 0.0001 0.0002 -1.0000
vn -0.0002 0.0002 -1.0000
vn -0.0002 0.0004 -1.0000
vn -0.0003 0.0004 -1.0000
vn -0.0004 0.0003 -1.0000
vn -0.0002 0.0001 -1.0000
vn -0.0007 0.0001 -1.0000
vn -0.0007 0.0004 -1.0000
vn -0.0009 0.0003 -1.0000
vn -0.0006 0.0003 -1.0000
vn -0.0010 0.0005 -1.0000
vn -0.0006 0.0005 -1.0000
vn -0.3639 0.0070 -0.9314
vn -0.3685 0.0086 -0.9296
vn -0.9184 0.0076 -0.3955
vn -0.3838 0.0015 -0.9234
vn -0.9223 -0.0001 -0.3865
vn -1.0000 -0.0050 0.0015
vn -0.9270 -0.0546 -0.3711
vn -0.9991 -0.0417 0.0005
vn -0.9995 -0.0307 -0.0048
vn -0.9543 -0.2981 0.0232
vn -0.9348 -0.3544 0.0211
vn -0.9132 -0.4075 0.0082
vn -0.4030 -0.9120 0.0765
vn -0.3417 -0.9387 0.0456
vn -0.2906 -0.9565 0.0256
vn 0.0452 -0.9976 0.0532
vn 0.0344 -0.9990 0.0274
vn 0.0264 -0.9996 0.0059
vn 0.0317 -0.9992 0.0239
vn 0.0282 -0.9996 0.0044
vn 0.0221 -0.9997 -0.0056
vn 0.0298 -0.9996 0.0033
vn 0.0246 -0.9997 -0.0082
vn 0.0139 -0.9999 -0.0039
vn 0.0252 -0.9996 -0.0112
vn 0.0163 -0.9998 -0.0100
vn 0.0040 -1.0000 -0.0083
vn 0.0135 -0.9998 -0.0163
vn 0.0051 -0.9999 -0.0140
vn -0.0001 -0.9999 -0.0146
vn 0.0086 -0.9998 -0.0183
vn 0.0060 -0.9998 -0.0166
vn 0.0052 -0.9999 -0.0158
vn 0.0137 -0.9998 -0.0176
vn 0.0134 -0.9998 -0.0157
vn 0.0135 -0.9998 -0.0123
vn 0.0197 -0.9997 -0.0159
vn 0.0188 -0.9997 -0.0127
vn 0.0171 -0.9998 -0.0074
vn 0.0185 -0.9997 -0.0149
vn 0.0149 -0.9998 -0.0103
vn 0.0111 -0.9999 -0.0060
vn 0.0151 -0.9999 -0.0032
vn 0.0087 -0.9999 -0.0059
vn 0.0127 -0.9999 -0.0038
vn 0.0075 -0.9999 -0.0085
vn 0.0094 -0.9999 -0.0060
vn 0.0053 -0.9999 -0.0105
vn 0.0036 -1.0000 -0.0051
vn 0.0008 -1.0000 -0.0092
vn 0.0029 -0.9999 -0.0119
vn 0.0025 -0.9999 -0.0126
vn -0.0001 -0.9999 -0.0110
vn -0.0083 -0.9999 -0.0124
vn -0.0064 -0.9999 -0.0119
vn -0.0069 -0.9999 -0.0138
vn 0.0030 -1.0000 -0.0095
vn 0.0057 -0.9999 -0.0142
vn 0.0080 -0.9998 -0.0169
vn 0.0267 -0.9996 -0.0111
vn 0.0309 -0.9994 -0.0124
vn 0.0348 -0.9993 -0.0106
vn 0.0231 -0.9997 -0.0093
vn 0.0224 -0.9997 -0.0084
vn 0.0222 -0.9997 -0.0073
vn 0.0365 -0.9993 -0.0085
vn 0.0219 -0.9997 -0.0048
vn 0.0369 -0.9993 -0.0048
vn 0.0199 -0.9998 0.0067
vn 0.0071 -1.0000 -0.0067
vn 0.0061 -1.0000 -0.0022
vn 0.0061 -0.9797 0.2004
vn -0.0000 -1.0000 -0.0046
vn -0.0000 -0.9793 0.2022
vn -0.0000 -0.5492 0.8357
vn -0.0000 -0.4958 -0.8684
vn -0.0000 -0.9631 -0.2690
vn 0.0008 -0.9611 -0.2763
vn -0.0004 -0.5013 -0.8653
vn -0.0012 -0.0056 -1.0000
vn -0.0000 -0.0028 -1.0000
vn -0.0021 -0.4918 -0.8707
vn -0.0002 -0.0080 -1.0000
vn -0.0002 -0.0020 -1.0000
vn -0.0008 -0.0083 -1.0000
vn -0.0005 -0.0024 -1.0000
vn -0.0003 -0.0008 -1.0000
vn 0.0004 -0.0022 -1.0000
vn 0.0001 -0.0007 -1.0000
vn -0.0000 -0.0003 -1.0000
vn -0.0000 -0.0004 -1.0000
vn 0.0001 -0.0005 -1.0000
vn -0.0001 0.0005 -1.0000
vn -0.0007 0.0005 -1.0000
vn -0.0011 0.0005 -1.0000
vn -0.0006 -0.0003 -1.0000
vn -0.0012 -0.0008 -1.0000
vn -0.0010 -0.0017 -1.0000
vn -0.0026 -0.0035 -1.0000
vn -0.0029 -0.0081 -1.0000
vn -0.4082 -0.0360 -0.9122
vn 0.0038 -0.0863 -0.9963
vn -0.0009 -0.0010 -1.0000
vn 0.0023 -0.0805 -0.9968
vn 0.0262 -0.6463 -0.7626
vn 0.0489 -0.6432 -0.7641
vn 0.0352 -0.9927 -0.1152
vn 0.0650 -0.9903 -0.1228
vn 0.0292 -0.9958 0.0871
vn 0.0492 -0.9946 0.0911
vn 0.0412 -0.9957 0.0830
vn 0.0413 -0.9958 0.0811
vn 0.0504 -0.9950 0.0866
vn -0.4854 -0.8718 0.0667
vn 0.0357 -0.9982 0.0489
vn 0.0286 -0.9967 0.0760
vn 0.0302 -0.9983 0.0497
vn 0.0316 -0.9992 0.0233
vn 0.0275 -0.9982 0.0526
vn 0.0301 -0.9992 0.0255
vn 0.0297 -0.9996 0.0016
vn 0.0304 -0.9992 0.0252
vn 0.0268 -0.9996 -0.0022
vn 0.0209 -0.9997 -0.0155
vn 0.0164 -0.9998 -0.0075
vn 0.0136 -0.9997 -0.0190
vn 0.0114 -0.9997 -0.0205
vn 0.0089 -0.9998 -0.0183
vn 0.0117 -0.9997 -0.0204
vn 0.0134 -0.9997 -0.0193
vn 0.0126 -0.9998 -0.0162
vn 0.0171 -0.9997 -0.0172
vn 0.0192 -0.9997 -0.0171
vn 0.0162 -0.9998 -0.0134
vn 0.0195 -0.9997 -0.0155
vn 0.0202 -0.9997 -0.0162
vn 0.0125 -0.9998 -0.0136
vn 0.0136 -0.9998 -0.0166
vn 0.0127 -0.9998 -0.0174
vn 0.0017 -0.9999 -0.0163
vn 0.0027 -0.9998 -0.0182
vn 0.0025 -0.9999 -0.0163
vn 0.0100 -0.9999 -0.0140
vn 0.0001 -0.9999 -0.0134
vn 0.0062 -0.9999 -0.0096
vn -0.0039 -0.9999 -0.0107
vn 0.0031 -1.0000 -0.0076
vn -0.0074 -0.9999 -0.0102
vn 0.0023 -1.0000 -0.0089
vn -0.0090 -0.9999 -0.0119
vn 0.0004 -0.9999 -0.0122
vn -0.0003 -0.9999 -0.0122
vn 0.0007 -0.9999 -0.0104
vn 0.0246 -0.9996 -0.0112
vn 0.0258 -0.9996 -0.0093
vn 0.0255 -0.9996 -0.0085
vn 0.0258 -0.9996 -0.0095
vn 0.0250 -0.9996 -0.0094
vn 0.0240 -0.9997 -0.0097
vn 0.0130 -0.9999 -0.0101
vn 0.0121 -0.9999 -0.0109
vn 0.0106 -0.9999 -0.0107
vn -0.0000 -0.9999 -0.0116
vn -0.0000 -0.9999 -0.0112
vn 0.0092 -0.9999 -0.0099
vn -0.0000 -1.0000 -0.0099
vn 0.0080 -0.9999 -0.0086
vn -0.0000 -1.0000 -0.0080
vn -0.0000 -1.0000 -0.0076
vn -0.0000 -1.0000 -0.0059
vn 0.0045 -1.0000 -0.0080
vn 0.0030 -0.9999 -0.0099
vn 0.0013 -0.9998 -0.0178
vn -0.0000 -0.9999 -0.0142
vn 0.0016 -0.9999 -0.0133
vn 0.0005 -0.9997 -0.0237
vn -0.0019 -0.9569 -0.2903
vn 0.0029 -0.9997 -0.0246
vn 0.0032 -0.9542 -0.2990
vn 0.0011 -0.4820 -0.8762
vn 0.0115 -0.9626 -0.2707
vn 0.0086 -0.5059 -0.8626
vn 0.0009 -0.0079 -1.0000
vn 0.0078 -0.5352 -0.8447
vn 0.0008 -0.0049 -1.0000
vn 0.0001 -0.0012 -1.0000
vn -0.0004 -0.0042 -1.0000
vn -0.0001 -0.0011 -1.0000
vn -0.0010 -0.0096 -1.0000
vn -0.0002 -0.0166 -0.9999
vn 0.0001 -0.0020 -1.0000
vn -0.0002 -0.0242 -0.9997
vn 0.0003 -0.0017 -1.0000
vn -0.0014 -0.0404 -0.9992
vn 0.0011 -0.0610 -0.9981
vn 0.0037 -0.0727 -0.9973
vn 0.0200 -0.6210 -0.7835
vn 0.0248 -0.6406 -0.7675
vn 0.0319 -0.9907 -0.1320
vn 0.0324 -0.9924 -0.1185
vn 0.0302 -0.9961 0.0833
vn 0.0276 -0.9961 0.0841
vn 0.0307 -0.9967 0.0749
vn 0.0265 -0.9969 0.0741
vn 0.0311 -0.9980 0.0548
vn 0.0275 -0.9967 0.0765
vn 0.0259 -0.9984 0.0506
vn 0.0211 -0.9996 0.0178
vn 0.0121 -0.9992 0.0377
vn 0.0076 -0.9999 0.0083
vn 0.0067 -0.9999 -0.0093
vn 0.0020 -1.0000 0.0036
vn 0.0030 -1.0000 -0.0067
vn 0.0071 -0.9999 -0.0136
vn 0.0026 -1.0000 -0.0038
vn 0.0059 -1.0000 -0.0080
vn 0.0112 -0.9999 -0.0105
vn 0.0070 -1.0000 -0.0047
vn 0.0084 -0.9999 -0.0069
vn 0.0103 -0.9999 -0.0103
vn 0.0022 -1.0000 -0.0073
vn 0.0008 -1.0000 -0.0099
vn 0.0007 -0.9999 -0.0126
vn -0.0094 -0.9999 -0.0112
vn -0.0094 -0.9999 -0.0118
vn -0.0068 -0.9999 -0.0142
vn 0.0009 -1.0000 -0.0097
vn 0.0038 -0.9999 -0.0107
vn 0.0075 -0.9999 -0.0128
vn -0.0034 -0.9999 -0.0164
vn 0.0112 -0.9999 -0.0129
vn -0.0008 -0.9999 -0.0159
vn 0.0151 -0.9998 -0.0118
vn 0.0007 -0.9999 -0.0146
vn 0.0188 -0.9998 -0.0109
vn 0.0011 -0.9999 -0.0127
vn 0.0220 -0.9997 -0.0116
vn 0.0237 -0.9997 -0.0088
vn 0.0248 -0.9996 -0.0095
vn 0.0257 -0.9996 -0.0098
vn 0.0146 -0.9999 -0.0091
vn 0.0140 -0.9999 -0.0098
vn 0.0135 -0.9999 -0.0098
vn -0.0000 -0.9999 -0.0102
vn -0.0000 -0.9999 -0.0104
vn -0.0000 -1.0000 -0.0069
vn -0.0000 -1.0000 -0.0066
vn 0.0117 -0.9999 -0.0069
vn 0.0111 -0.9999 -0.0070
vn 0.0104 -0.9999 -0.0068
vn -0.0000 -1.0000 -0.0062
vn 0.0086 -0.9999 -0.0075
vn -0.0000 -1.0000 -0.0063
vn 0.0105 -0.9999 -0.0085
vn 0.0079 -0.9999 -0.0086
vn 0.0056 -0.9999 -0.0102
vn 0.0037 -0.9999 -0.0110
vn 0.0064 -0.9999 -0.0081
vn -0.0030 -0.9999 -0.0099
vn -0.0023 -0.9999 -0.0108
vn -0.0007 -0.9999 -0.0107
vn 0.0009 -0.9999 -0.0111
vn 0.0024 -0.9999 -0.0114
vn -0.0008 -1.0000 -0.0074
vn 0.0026 -1.0000 -0.0065
vn 0.0050 -1.0000 -0.0070
vn 0.0064 -0.9999 -0.0092
vn 0.0021 -0.9999 -0.0126
vn 0.0078 -1.0000 -0.0023
vn 0.0092 -1.0000 -0.0029
vn 0.0105 -0.9999 -0.0050
vn 0.0118 -0.9998 -0.0132
vn 0.0077 -0.9998 -0.0195
vn 0.0078 -1.0000 0.0013
vn 0.0095 -1.0000 0.0010
vn 0.0111 -0.9999 -0.0077
vn 0.0098 -0.9759 -0.2182
vn 0.0125 -0.9719 -0.2350
vn 0.0081 -0.9999 0.0139
vn 0.0140 -0.9999 0.0078
vn 0.0160 -0.9770 -0.2126
vn 0.0071 -0.5466 -0.8374
vn 0.0040 -0.5444 -0.8388
vn 0.0213 -0.9988 0.0440
vn 0.0277 -0.9796 -0.1992
vn 0.0150 -0.5445 -0.8386
vn 0.0267 -0.9833 -0.1800
vn 0.0151 -0.5550 -0.8317
vn 0.0256 -0.9877 -0.1545
vn 0.0121 -0.5854 -0.8107
vn 0.0224 -0.9967 0.0776
vn 0.0267 -0.9959 0.0860
vn 0.0173 -0.9976 0.0668
vn 0.0112 -0.9991 0.0403
vn 0.0047 -0.9997 0.0222
vn 0.0040 -1.0000 0.0089
vn 0.0021 -1.0000 0.0018
vn 0.0066 -1.0000 0.0001
vn 0.0063 -1.0000 -0.0025
vn 0.0061 -1.0000 -0.0037
vn 0.0042 -1.0000 -0.0052
vn -0.0043 -1.0000 -0.0082
vn -0.0074 -0.9999 -0.0099
vn -0.0024 -0.9999 -0.0107
vn -0.0010 -0.9999 -0.0111
vn 0.0134 -0.9999 -0.0087
vn 0.0154 -0.9999 -0.0076
vn 0.0124 -0.9999 -0.0068
vn 0.0129 -0.9999 -0.0073
vn 0.0167 -0.9998 -0.0081
vn 0.0135 -0.9999 -0.0079
vn 0.0188 -0.9998 -0.0095
vn 0.0148 -0.9999 -0.0080
vn 0.0212 -0.9997 -0.0098
vn 0.0157 -0.9998 -0.0086
vn 0.0227 -0.9997 -0.0091
vn 0.0153 -0.9998 -0.0089
vn -0.0000 -1.0000 -0.0086
vn -0.0000 -1.0000 -0.0093
vn -0.0000 -1.0000 -0.0072
vn -0.0000 -1.0000 -0.0075
vn -0.0000 -1.0000 -0.0065
vn -0.0000 -1.0000 -0.0064
vn -1.0000 -0.0037 0.0020
vn -0.9999 -0.0105 0.0015
vn -1.0000 -0.0044 0.0009
vn -0.9999 -0.0143 0.0012
vn -1.0000 -0.0048 -0.0007
vn -0.9995 -0.0301 0.0088
vn -1.0000 -0.0051 -0.0025
vn -0.8042 -0.0453 0.5926
vn -0.8115 0.0025 0.5844
vn -0.1590 -0.0159 0.9872
vn -0.1619 0.0053 0.9868
vn 0.0013 0.0010 1.0000
vn -0.9835 -0.1810 0.0032
vn 0.0004 0.0190 0.9998
vn -0.0060 -0.0097 0.9999
vn 0.0006 -0.0118 0.9999
vn -0.0064 -0.0150 0.9999
vn -0.0000 0.3471 0.9378
vn -0.0000 0.0030 1.0000
vn -0.0000 -0.0002 1.0000
vn -0.0000 -0.0016 1.0000
vn -0.0000 -0.0005 1.0000
vn -0.0005 -0.0007 1.0000
vn -0.0004 -0.0013 1.0000
vn 0.0180 -0.0261 0.9995
vn -0.0000 -0.0443 0.9990
vn -0.1798 0.0458 0.9826
vn -0.0653 0.0353 0.9972
vn -0.0049 0.0072 1.0000
vn -0.6627 0.0619 0.7463
vn -0.2995 -0.0117 0.9540
vn -0.6870 -0.0606 0.7241
vn -0.0000 -0.1276 0.9918
vn 0.0019 0.7891 -0.6143
vn 0.0075 0.1209 -0.9926
vn 0.0038 0.0437 -0.9990
vn -0.0110 0.7009 -0.7131
vn -0.0145 0.6037 -0.7971
vn -0.2667 -0.2449 0.9322
vn 0.1838 -0.5230 0.8323
vn 0.1159 -0.3408 0.9330
vn 0.5604 -0.1506 0.8144
vn 0.4035 -0.0944 0.9101
vn -0.0456 -0.0013 0.9990
vn -0.1564 -0.0805 0.9844
vn 0.1764 -0.0369 0.9836
vn 0.1151 -0.1915 0.9747
vn 0.0013 -0.0010 1.0000
vn 0.0020 -0.0006 1.0000
vn 0.0271 0.3579 0.9334
vn -0.0015 0.0016 1.0000
vn 0.3555 -0.0616 0.9326
vn 0.3433 0.2496 0.9054
vn 0.6081 0.4041 0.6833
vn 0.1571 0.8043 0.5731
vn 0.6859 -0.0792 0.7234
vn -0.0106 -0.1786 -0.9839
vn -0.0005 0.0188 -0.9998
vn -0.0315 0.1830 -0.9826
vn 0.5911 -0.0010 0.8066
vn 0.0647 0.0503 0.9966
vn 0.0024 0.0018 1.0000
vn 0.5162 -0.0247 0.8561
vn 0.0076 -0.0259 0.9996
vn 0.4524 -0.0518 0.8903
vn 0.6098 -0.0124 0.7925
vn 0.5066 -0.0058 0.8621
vn -0.0062 0.0170 0.9998
vn 0.0002 0.0004 1.0000
vn -0.0094 0.0079 0.9999
vn -0.0224 0.0285 0.9993
vn -0.0153 -0.0048 0.9999
vn 0.1670 0.4205 0.8918
vn -0.0006 0.0026 1.0000
vn 0.3105 0.1498 0.9387
vn 0.0025 0.0014 1.0000
vn 0.0013 0.0025 1.0000
vn 0.0004 0.0011 1.0000
vn 0.7598 -0.2633 0.5945
vn 0.1539 -0.1900 0.9697
vn 0.1865 -0.7163 0.6723
vn 0.6021 -0.6244 0.4975
vn 0.2181 -0.9668 0.1334
vn 0.7317 -0.6756 0.0902
vn 0.9770 -0.2102 0.0371
vn -0.0124 0.9114 -0.4112
vn -0.0213 0.8143 -0.5801
vn -0.0160 0.1750 -0.9844
vn -0.0225 0.3219 -0.9465
vn -0.0023 0.0083 -1.0000
vn 0.0010 0.0126 -0.9999
vn 0.0231 0.7048 -0.7090
vn 0.0001 0.0324 -0.9995
vn 0.0056 0.0094 -0.9999
vn 0.0148 0.1599 -0.9870
vn 0.0011 0.9999 -0.0107
vn 0.0045 0.9996 -0.0276
vn 0.0057 0.9999 -0.0158
vn 0.0030 0.9967 -0.0814
vn -0.0043 0.6475 -0.7621
vn -0.0041 0.0149 -0.9999
vn 0.7230 -0.0051 0.6909
vn 0.7876 0.0322 0.6154
vn 0.1159 0.0274 0.9929
vn 0.0610 0.0134 0.9980
vn 0.0122 0.0007 0.9999
vn 0.0081 0.0004 1.0000
vn 0.0018 0.0042 1.0000
vn 0.0884 -0.0049 0.9961
vn 0.0108 -0.0527 -0.9985
vn -0.0010 -0.0636 -0.9980
vn 0.0256 -0.0415 -0.9988
vn 0.0328 0.0014 -0.9995
vn 0.0151 -0.0039 -0.9999
vn 0.0052 -0.0145 -0.9999
vn 0.9997 -0.0239 -0.0013
vn 0.9998 -0.0091 0.0196
vn 0.0109 0.6157 0.7879
vn 0.0128 0.0166 0.9998
vn -0.0013 0.0382 0.9993
vn -0.0137 0.6622 0.7492
vn -0.0159 0.0270 0.9995
vn -0.0200 0.6006 0.7993
vn -0.0128 0.9884 0.1511
vn -0.0068 0.9936 0.1126
vn -0.0003 0.9913 0.1317
vn -0.0236 -0.6477 -0.7615
vn 0.0009 -0.0926 -0.9957
vn 0.4295 -0.1840 -0.8841
vn 0.3411 -0.6129 -0.7127
vn 0.5411 -0.8151 -0.2070
vn -0.0341 -0.9901 -0.1365
vn 0.9163 -0.2662 -0.2994
vn 0.7983 0.1327 0.5874
vn 0.9827 0.1816 -0.0355
vn 0.5301 0.8470 -0.0402
vn 0.4541 0.6706 0.5866
vn -0.0555 0.8786 0.4744
vn 0.0163 0.2015 0.9793
vn 0.9995 -0.0315 0.0017
vn 1.0000 0.0044 -0.0007
vn 1.0000 0.0036 -0.0013
vn 0.9995 -0.0277 0.0124
vn 0.9993 -0.0381 -0.0011
vn 0.9994 -0.0342 0.0018
vn 0.9999 0.0116 -0.0020
vn 0.9990 -0.0440 -0.0051
vn 0.9992 -0.0340 -0.0194
vn 0.9986 -0.0536 -0.0014
vn -0.0167 0.9890 -0.1470
vn -0.0177 0.9984 -0.0543
vn -0.0082 0.9999 -0.0078
vn 0.0920 -0.0580 -0.9941
vn 0.0357 -0.5761 -0.8166
vn 0.2639 -0.9479 -0.1786
vn 0.5937 -0.4541 -0.6643
vn 0.7754 -0.6261 0.0822
vn 0.9627 -0.0266 -0.2693
vn 0.2955 0.6195 -0.7272
vn 0.8326 0.0317 -0.5530
vn 0.1804 0.1162 -0.9767
vn 0.3737 0.6809 -0.6299
vn 0.7976 0.3048 -0.5205
vn 0.6229 0.7740 -0.1132
vn 0.9359 0.3518 -0.0171
vn 1.0000 -0.0000 0.0010
vn 0.7862 0.6173 -0.0280
vn 0.1006 0.9948 -0.0143
vn 0.0477 0.9986 -0.0238
vn 0.4003 0.9163 -0.0132
vn 0.4013 0.9159 0.0073
vn 0.9298 0.3679 0.0091
vn 1.0000 -0.0032 0.0004
vn 1.0000 -0.0001 -0.0044
vn 0.9688 -0.2419 -0.0536
vn 0.9893 -0.1274 -0.0714
vn 0.6919 -0.6545 -0.3048
vn 0.9442 -0.1222 -0.3059
vn 0.3370 -0.4290 -0.8381
vn 0.3999 -0.0194 -0.9163
vn 0.0512 0.0451 -0.9977
vn 0.0068 0.0237 -0.9997
vn 0.0113 -0.0002 -0.9999
vn -0.0010 -0.0287 -0.9996
vn -0.0090 -0.0211 -0.9997
vn 0.0047 -0.0240 -0.9997
vn 0.0051 0.7600 -0.6499
vn 0.0026 0.9998 -0.0193
vn 0.5644 0.8164 -0.1219
vn 0.4165 0.6624 -0.6227
vn 0.9596 0.1790 -0.2170
vn 0.5361 0.1255 -0.8347
vn 0.0007 0.0875 -0.9962
vn 0.4748 0.8801 -0.0103
vn 0.0268 0.9996 -0.0000
vn 0.0803 0.9968 0.0001
vn 0.7465 0.6653 0.0084
vn 0.9645 0.2641 -0.0087
vn 0.9522 0.3054 -0.0119
vn 1.0000 0.0093 -0.0014
vn 0.9999 0.0105 0.0060
vn 1.0000 0.0041 -0.0007
vn 1.0000 0.0025 0.0018
vn 1.0000 -0.0008 -0.0020
vn 1.0000 -0.0023 -0.0007
vn 1.0000 -0.0008 -0.0002
vn 1.0000 -0.0042 -0.0005
vn 1.0000 -0.0040 -0.0003
vn 1.0000 -0.0045 -0.0002
vn 1.0000 -0.0047 0.0001
vn 1.0000 -0.0003 -0.0008
vn 1.0000 -0.0034 -0.0021
vn 1.0000 -0.0054 -0.0001
vn 0.9352 0.3541 -0.0034
vn 0.9410 0.3380 -0.0163
vn 0.4075 0.9132 -0.0083
vn 0.4215 0.9065 -0.0222
vn 0.0005 1.0000 -0.0084
vn -0.0050 0.9999 -0.0109
vn -0.0012 1.0000 -0.0048
vn -0.0051 1.0000 -0.0063
vn -0.0057 1.0000 -0.0069
vn -0.0035 1.0000 -0.0075
vn 0.0010 1.0000 -0.0076
vn -0.0052 1.0000 -0.0067
vn -0.0061 1.0000 -0.0063
vn -0.0040 1.0000 -0.0067
vn 0.0020 1.0000 -0.0063
vn -0.0037 1.0000 -0.0064
vn -0.0055 1.0000 -0.0065
vn -0.0062 1.0000 -0.0063
vn -0.0038 1.0000 -0.0059
vn -0.0048 1.0000 -0.0058
vn -0.0058 1.0000 -0.0061
vn -0.0062 1.0000 -0.0062
vn -0.0053 1.0000 -0.0056
vn -0.0045 1.0000 -0.0052
vn -0.0051 1.0000 -0.0052
vn -0.0062 1.0000 -0.0054
vn -0.0064 1.0000 -0.0060
vn -0.0061 1.0000 -0.0052
vn -0.0053 1.0000 -0.0052
vn -0.0065 1.0000 -0.0056
vn -0.0079 1.0000 -0.0053
vn -0.0083 0.9999 -0.0061
vn -0.0073 1.0000 -0.0055
vn -0.0086 0.9999 -0.0059
vn -0.0089 0.9999 -0.0062
vn -0.0090 0.9999 -0.0054
vn -0.0087 0.9999 -0.0058
vn -0.0088 1.0000 -0.0041
vn -0.0085 1.0000 -0.0041
vn -0.0078 1.0000 -0.0056
vn -0.0081 0.9999 -0.0060
vn -0.0076 1.0000 -0.0040
vn -0.0086 1.0000 -0.0030
vn -0.0078 1.0000 -0.0032
vn -0.0072 1.0000 -0.0041
vn -0.0072 1.0000 -0.0053
vn -0.0073 1.0000 -0.0035
vn -0.0081 1.0000 -0.0030
vn -0.0075 1.0000 -0.0032
vn -0.0073 1.0000 -0.0036
vn -0.0073 1.0000 -0.0041
vn -0.0072 1.0000 -0.0032
vn -0.0077 1.0000 -0.0026
vn -0.0071 1.0000 -0.0026
vn -0.0055 1.0000 -0.0029
vn -0.0059 1.0000 -0.0034
vn -0.0055 1.0000 -0.0027
vn -0.0073 1.0000 -0.0022
vn -0.0011 1.0000 -0.0028
vn -0.0012 1.0000 -0.0026
vn -0.0061 1.0000 -0.0022
vn -0.0012 1.0000 -0.0023
vn 0.0037 1.0000 -0.0027
vn 0.0035 1.0000 -0.0026
vn 0.0036 1.0000 -0.0025
vn -0.0014 1.0000 -0.0018
vn 0.0032 1.0000 -0.0022
vn 0.0059 1.0000 -0.0027
vn 0.0028 1.0000 -0.0018
vn 0.0053 1.0000 -0.0024
vn 0.0063 1.0000 -0.0026
vn 0.0062 1.0000 -0.0028
vn 0.0064 1.0000 -0.0029
vn 0.0048 1.0000 -0.0020
vn 0.0058 1.0000 -0.0031
vn 0.0052 1.0000 -0.0028
vn 0.0049 1.0000 -0.0028
vn 0.0050 1.0000 -0.0041
vn 0.0038 1.0000 -0.0023
vn 0.0034 1.0000 -0.0038
vn 0.0042 1.0000 -0.0018
vn 0.0023 1.0000 -0.0010
vn 0.0019 1.0000 -0.0012
vn 0.0025 1.0000 -0.0014
vn -0.0018 1.0000 -0.0012
vn -0.0018 1.0000 -0.0008
vn -0.0017 1.0000 -0.0015
vn -0.0063 1.0000 -0.0014
vn -0.0064 1.0000 -0.0012
vn -0.0062 1.0000 -0.0017
vn -0.0081 1.0000 -0.0015
vn -0.0083 1.0000 -0.0013
vn -0.0077 1.0000 -0.0019
vn -0.0080 1.0000 -0.0015
vn -0.0084 1.0000 -0.0012
vn -0.0077 1.0000 -0.0020
vn -0.0084 1.0000 -0.0019
vn -0.0084 1.0000 -0.0013
vn -0.0083 1.0000 -0.0025
vn -0.0088 1.0000 -0.0024
vn -0.0088 1.0000 -0.0019
vn -0.0087 1.0000 -0.0028
vn -0.0089 1.0000 -0.0027
vn -0.0089 1.0000 -0.0024
vn -0.0089 1.0000 -0.0029
vn -0.0084 1.0000 -0.0028
vn -0.0080 1.0000 -0.0038
vn -0.0070 1.0000 -0.0033
vn -0.0060 1.0000 -0.0049
vn -0.0050 1.0000 -0.0045
vn -0.0061 1.0000 -0.0028
vn -0.0046 1.0000 -0.0050
vn -0.0037 1.0000 -0.0049
vn -0.0039 1.0000 -0.0043
vn -0.0037 1.0000 -0.0052
vn -0.0023 1.0000 -0.0053
vn -0.0025 1.0000 -0.0048
vn -0.0005 1.0000 -0.0055
vn 0.4422 0.8969 -0.0070
vn 0.4589 0.8885 -0.0003
vn -0.0007 1.0000 -0.0045
vn 0.9478 0.3187 -0.0032
vn 0.9527 0.3039 0.0028
vn 1.0000 0.0025 0.0001
vn 1.0000 0.0003 0.0015
vn 1.0000 0.0013 -0.0006
vn 1.0000 -0.0010 -0.0002
vn 1.0000 -0.0005 0.0003
vn 1.0000 -0.0017 -0.0000
vn 1.0000 -0.0011 0.0004
vn 1.0000 -0.0013 0.0005
vn 1.0000 -0.0017 0.0003
vn 1.0000 -0.0013 0.0003
vn 1.0000 -0.0019 -0.0001
vn 1.0000 -0.0017 0.0001
vn 1.0000 -0.0012 0.0004
vn 1.0000 -0.0026 -0.0002
vn 1.0000 -0.0022 0.0002
vn 1.0000 -0.0035 -0.0000
vn 1.0000 -0.0028 0.0002
vn 1.0000 -0.0041 0.0003
vn 1.0000 -0.0032 0.0006
vn 1.0000 -0.0050 0.0016
vn 1.0000 -0.0038 0.0026
vn 1.0000 -0.0054 0.0006
vn 1.0000 -0.0069 0.0019
vn 1.0000 -0.0077 0.0049
vn 1.0000 -0.0067 0.0006
vn 1.0000 -0.0086 0.0021
vn 0.9999 -0.0115 0.0068
vn 1.0000 -0.0067 -0.0002
vn 1.0000 -0.0079 0.0003
vn 0.9565 0.2914 -0.0147
vn 0.4592 0.8881 -0.0202
vn -0.0108 0.9999 -0.0074
vn -0.0172 0.9999 -0.0004
vn -0.0102 0.9999 -0.0057
vn -0.0123 0.9999 0.0040
vn -0.0078 0.9999 -0.0074
vn -0.0079 1.0000 -0.0059
vn -0.0093 0.9999 -0.0045
vn -0.0067 1.0000 -0.0062
vn -0.0070 1.0000 -0.0057
vn -0.0076 1.0000 -0.0049
vn -0.0067 1.0000 -0.0061
vn -0.0070 1.0000 -0.0058
vn -0.0074 1.0000 -0.0051
vn -0.0066 1.0000 -0.0060
vn -0.0068 1.0000 -0.0058
vn -0.0070 1.0000 -0.0055
vn -0.0080 1.0000 -0.0058
vn -0.0081 1.0000 -0.0056
vn -0.0080 1.0000 -0.0059
vn -0.0092 0.9999 -0.0058
vn -0.0093 0.9999 -0.0057
vn -0.0091 0.9999 -0.0052
vn -0.0086 1.0000 -0.0050
vn -0.0090 0.9999 -0.0055
vn -0.0083 1.0000 -0.0053
vn -0.0077 1.0000 -0.0052
vn -0.0079 1.0000 -0.0047
vn -0.0075 1.0000 -0.0057
vn -0.0078 1.0000 -0.0054
vn -0.0080 1.0000 -0.0050
vn -0.0074 1.0000 -0.0050
vn -0.0071 1.0000 -0.0046
vn -0.0073 1.0000 -0.0051
vn -0.0065 1.0000 -0.0037
vn -0.0021 1.0000 -0.0029
vn -0.0028 1.0000 -0.0041
vn 0.0033 1.0000 -0.0027
vn 0.0034 1.0000 -0.0026
vn 0.0033 1.0000 -0.0025
vn 0.0061 1.0000 -0.0024
vn 0.0066 1.0000 -0.0025
vn 0.0067 1.0000 -0.0025
vn 0.0064 1.0000 -0.0028
vn 0.0055 1.0000 -0.0075
vn 0.0027 1.0000 -0.0073
vn 0.0009 1.0000 -0.0037
vn 0.0016 1.0000 -0.0021
vn -0.0015 1.0000 -0.0013
vn -0.0014 1.0000 -0.0027
vn -0.0063 1.0000 -0.0013
vn -0.0062 1.0000 -0.0018
vn -0.0064 1.0000 -0.0011
vn -0.0085 1.0000 -0.0015
vn -0.0084 1.0000 -0.0011
vn -0.0089 1.0000 -0.0010
vn -0.0090 1.0000 -0.0011
vn -0.0087 1.0000 -0.0012
vn -0.0084 1.0000 -0.0010
vn -0.0084 1.0000 -0.0009
vn -0.0080 1.0000 -0.0012
vn -0.0087 1.0000 -0.0014
vn -0.0089 1.0000 -0.0017
vn -0.0085 1.0000 -0.0017
vn -0.0090 1.0000 -0.0019
vn -0.0083 1.0000 -0.0019
vn -0.0081 1.0000 -0.0019
vn -0.0083 1.0000 -0.0024
vn -0.0076 1.0000 -0.0024
vn -0.0074 1.0000 -0.0019
vn -0.0078 1.0000 -0.0029
vn -0.0072 1.0000 -0.0030
vn -0.0070 1.0000 -0.0025
vn -0.0071 1.0000 -0.0024
vn -0.0048 1.0000 -0.0022
vn -0.0059 1.0000 -0.0030
vn -0.0041 1.0000 -0.0025
vn -0.0026 1.0000 -0.0025
vn -0.0030 1.0000 -0.0019
vn -0.0029 1.0000 -0.0042
vn -0.0026 1.0000 -0.0040
vn -0.0040 1.0000 -0.0025
vn 0.4802 0.8772 -0.0015
vn 0.5125 0.8587 -0.0037
vn 0.9606 0.2780 0.0006
vn 0.9697 0.2444 -0.0018
vn 1.0000 -0.0014 -0.0001
vn 1.0000 -0.0010 0.0005
vn 1.0000 -0.0009 0.0001
vn 1.0000 -0.0001 0.0005
vn 1.0000 -0.0010 0.0009
vn 1.0000 -0.0011 0.0007
vn 1.0000 -0.0007 0.0004
vn 1.0000 -0.0005 0.0007
vn 1.0000 -0.0000 0.0006
vn 1.0000 -0.0008 0.0005
vn 1.0000 0.0003 0.0007
vn 1.0000 0.0009 0.0009
vn 1.0000 -0.0005 0.0006
vn 1.0000 -0.0002 0.0011
vn 1.0000 0.0010 0.0011
vn 1.0000 -0.0013 0.0006
vn 0.9990 -0.0435 0.0071
vn 0.9995 -0.0316 0.0033
vn 1.0000 -0.0017 0.0002
vn 1.0000 -0.0021 0.0005
vn 1.0000 -0.0025 0.0004
vn 1.0000 -0.0024 0.0005
vn 0.9995 -0.0303 -0.0059
vn 1.0000 -0.0016 0.0024
vn 0.9997 -0.0236 -0.0007
vn 1.0000 0.0006 0.0074
vn 0.9998 -0.0214 0.0014
vn 1.0000 -0.0055 0.0080
vn 0.9994 -0.0154 0.0317
vn 0.9991 0.0045 0.0411
vn 0.9998 -0.0143 0.0151
vn 0.8059 -0.0381 0.5909
vn 0.8027 -0.0290 0.5957
vn 0.8114 -0.0297 0.5838
vn 0.1669 -0.0205 0.9858
vn 0.1689 -0.0298 0.9852
vn 0.8069 -0.0168 0.5905
vn 0.1575 -0.0081 0.9875
vn 0.8000 -0.0054 0.6000
vn 0.1382 0.0107 0.9903
vn -0.0010 0.0219 0.9998
vn -0.0012 0.0021 1.0000
vn -0.0128 0.4320 0.9018
vn 0.0095 0.4985 0.8668
vn 0.0065 0.0153 0.9999
vn -0.0181 0.9382 0.3456
vn -0.0019 0.9626 0.2711
vn -0.0093 1.0000 0.0029
vn -0.0093 1.0000 0.0012
vn -0.0101 0.9784 0.2063
vn -0.0083 1.0000 -0.0039
vn -0.0099 1.0000 -0.0013
vn -0.0131 0.9999 0.0055
vn -0.0083 1.0000 -0.0034
vn -0.0074 1.0000 -0.0022
vn -0.0078 1.0000 0.0008
vn -0.0072 1.0000 -0.0045
vn -0.0080 1.0000 -0.0047
vn -0.0082 1.0000 -0.0053
vn -0.0097 0.9999 -0.0052
vn -0.0097 0.9999 -0.0051
vn -0.0095 0.9999 -0.0052
vn -0.0102 0.9999 -0.0047
vn -0.0105 0.9999 -0.0048
vn -0.0096 0.9999 -0.0054
vn -0.0092 0.9999 -0.0046
vn -0.0100 0.9999 -0.0039
vn -0.0084 1.0000 -0.0049
vn -0.0082 1.0000 -0.0044
vn -0.0086 1.0000 -0.0038
vn -0.0081 1.0000 -0.0046
vn -0.0079 1.0000 -0.0044
vn -0.0083 1.0000 -0.0040
vn -0.0076 1.0000 -0.0048
vn -0.0040 1.0000 -0.0043
vn -0.0045 1.0000 -0.0040
vn -0.0035 1.0000 -0.0048
vn 0.0023 1.0000 -0.0040
vn 0.0017 1.0000 -0.0038
vn 0.0031 1.0000 -0.0034
vn 0.0063 1.0000 -0.0029
vn 0.0060 1.0000 -0.0034
vn 0.0063 1.0000 -0.0027
vn 0.0067 1.0000 -0.0029
vn 0.0067 1.0000 -0.0027
vn 0.0067 1.0000 -0.0028
vn 0.0004 0.0016 -1.0000
vn 0.0001 0.0004 -1.0000
vn -0.0006 0.0021 -1.0000
vn -0.0002 0.0009 -1.0000
vn -0.0004 0.0009 -1.0000
vn -0.0002 0.0005 -1.0000
vn 0.0001 0.0010 -1.0000
vn 0.0003 0.0010 -1.0000
vn 0.0004 0.0022 -1.0000
vn 0.0001 0.0012 -1.0000
vn -0.0012 0.6105 -0.7920
vn -0.0006 0.5719 -0.8203
vn -0.0046 0.9915 -0.1303
vn -0.0054 0.9848 -0.1737
vn -0.0062 1.0000 -0.0037
vn -0.0091 1.0000 -0.0030
vn -0.0087 1.0000 -0.0018
vn -0.0087 1.0000 -0.0020
vn -0.0079 1.0000 -0.0043
vn -0.0089 1.0000 -0.0015
vn -0.0086 1.0000 -0.0015
vn -0.0087 1.0000 -0.0023
vn -0.0085 1.0000 -0.0010
vn -0.0076 1.0000 -0.0009
vn -0.0076 1.0000 -0.0011
vn -0.0077 1.0000 -0.0010
vn -0.0080 1.0000 -0.0013
vn -0.0078 1.0000 -0.0011
vn -0.0082 1.0000 -0.0015
vn -0.0079 1.0000 -0.0016
vn -0.0079 1.0000 -0.0013
vn -0.0079 1.0000 -0.0020
vn -0.0071 1.0000 -0.0020
vn -0.0073 1.0000 -0.0015
vn -0.0072 1.0000 -0.0020
vn -0.0067 1.0000 -0.0020
vn -0.0066 1.0000 -0.0020
vn -0.0068 1.0000 -0.0020
vn -0.0056 1.0000 -0.0020
vn -0.0059 1.0000 -0.0019
vn -0.0038 1.0000 -0.0030
vn -0.0034 1.0000 -0.0018
vn -0.0042 1.0000 -0.0029
vn 0.0230 0.9997 -0.0044
vn 0.0771 0.9970 -0.0123
vn 0.0048 1.0000 -0.0032
vn 0.5513 0.8343 -0.0077
vn 0.6181 0.7861 -0.0010
vn 0.9790 0.2040 -0.0047
vn 0.9895 0.1448 0.0019
vn 1.0000 0.0019 -0.0006
vn 1.0000 0.0062 0.0001
vn 1.0000 0.0010 0.0003
vn 1.0000 0.0022 0.0006
vn 1.0000 0.0007 0.0006
vn 1.0000 0.0008 0.0008
vn 1.0000 0.0001 0.0006
vn 1.0000 0.0007 0.0007
vn 1.0000 0.0011 0.0007
vn 1.0000 0.0021 0.0009
vn 1.0000 0.0026 0.0008
vn 1.0000 0.0015 0.0009
vn 1.0000 0.0027 0.0012
vn 1.0000 0.0035 0.0011
vn 1.0000 0.0018 0.0012
vn 0.9996 -0.0290 0.0003
vn 0.9996 -0.0292 0.0001
vn 0.9996 -0.0295 0.0015
vn 0.9996 -0.0281 0.0009
vn 0.9996 -0.0288 -0.0004
vn 0.9996 -0.0296 0.0031
vn 1.0000 0.0017 0.0007
vn 1.0000 0.0008 0.0001
vn 0.9993 -0.0359 0.0118
vn 1.0000 0.0082 0.0051
vn 1.0000 -0.0001 0.0006
vn 1.0000 -0.0000 0.0002
vn 1.0000 -0.0002 0.0007
vn 1.0000 0.0002 0.0009
vn 1.0000 0.0002 0.0006
vn 1.0000 -0.0004 0.0008
vn 1.0000 -0.0001 0.0011
vn 1.0000 -0.0007 0.0007
vn 1.0000 -0.0003 0.0011
vn 1.0000 -0.0009 0.0004
vn 1.0000 -0.0005 0.0008
vn 1.0000 0.0013 -0.0045
vn 1.0000 -0.0016 -0.0004
vn 1.0000 -0.0010 0.0002
vn 0.9996 -0.0267 -0.0108
vn 0.9997 -0.0248 -0.0022
vn 0.9997 -0.0249 -0.0016
vn 1.0000 -0.0020 -0.0001
vn 1.0000 -0.0025 -0.0008
vn 1.0000 -0.0010 -0.0000
vn 1.0000 -0.0008 -0.0000
vn 1.0000 -0.0006 -0.0008
vn 1.0000 -0.0007 -0.0001
vn 0.7983 -0.0020 0.6023
vn 0.8031 -0.0002 0.5959
vn 0.7740 -0.0119 0.6331
vn 0.1364 -0.0012 0.9907
vn 0.1441 0.0004 0.9896
vn -0.0020 0.0002 1.0000
vn -0.0020 0.0006 1.0000
vn -0.0015 0.0002 1.0000
vn -0.0016 0.0006 1.0000
vn -0.0017 0.0032 1.0000
vn -0.0034 0.0042 1.0000
vn -0.0010 0.0002 1.0000
vn -0.0011 -0.0007 1.0000
vn -0.0062 -0.0017 1.0000
vn 0.0020 -0.0014 1.0000
vn -0.0019 -0.0048 1.0000
vn 0.0062 0.0029 1.0000
vn 0.0027 0.0012 1.0000
vn 0.0160 0.0061 0.9999
vn 0.0157 -0.0057 0.9999
vn 0.0062 -0.0021 1.0000
vn 0.1620 0.0136 0.9867
vn 0.1700 -0.0159 0.9853
vn 0.7763 0.0164 0.6302
vn 0.0077 -0.0108 0.9999
vn 0.0030 -0.0039 1.0000
vn 0.0010 -0.0045 1.0000
vn 0.0006 -0.0018 1.0000
vn 0.0004 0.0023 1.0000
vn -0.0002 0.0013 1.0000
vn -0.0002 -0.0005 1.0000
vn -0.0007 0.0098 1.0000
vn -0.0066 0.0092 0.9999
vn -0.0068 0.5602 0.8283
vn -0.0006 0.0162 0.9999
vn -0.0021 0.0029 1.0000
vn 0.0051 0.0068 1.0000
vn 0.0019 0.0021 1.0000
vn 0.0001 -0.0011 1.0000
vn 0.0001 -0.0004 1.0000
vn -0.0068 0.5697 0.8218
vn -0.0004 -0.0012 1.0000
vn -0.0079 0.5229 0.8524
vn -0.0106 0.9841 0.1771
vn -0.0122 0.9732 0.2295
vn -0.0067 0.4756 0.8797
vn 0.0001 -0.0006 1.0000
vn -0.0122 0.9589 0.2835
vn -0.0107 0.9999 -0.0040
vn -0.0115 0.9999 -0.0037
vn -0.0117 0.9475 0.3197
vn -0.0058 0.4422 0.8969
vn -0.0113 0.9999 -0.0026
vn -0.0114 0.9999 -0.0045
vn -0.0110 0.9999 -0.0033
vn -0.0093 1.0000 -0.0015
vn -0.0093 0.9383 0.3456
vn -0.0091 1.0000 -0.0021
vn -0.0106 0.9999 -0.0036
vn -0.0089 1.0000 -0.0025
vn -0.0046 1.0000 -0.0016
vn -0.0046 1.0000 -0.0008
vn -0.0046 1.0000 -0.0022
vn -0.0088 1.0000 -0.0027
vn -0.0048 1.0000 -0.0029
vn 0.0019 1.0000 -0.0024
vn 0.0020 1.0000 -0.0018
vn 0.0018 1.0000 -0.0034
vn -0.0052 1.0000 -0.0033
vn 0.0059 1.0000 -0.0036
vn 0.0060 1.0000 -0.0030
vn 0.0060 1.0000 -0.0036
vn 0.0015 1.0000 -0.0032
vn 0.0061 1.0000 -0.0032
vn 0.0062 1.0000 -0.0032
vn 0.0062 1.0000 -0.0040
vn 0.0063 1.0000 -0.0032
vn 0.0061 1.0000 -0.0029
vn 0.0060 1.0000 -0.0032
vn 0.0062 1.0000 -0.0035
vn 0.0065 1.0000 -0.0036
vn 0.0058 1.0000 -0.0037
vn 0.0059 1.0000 -0.0032
vn 0.0016 1.0000 -0.0033
vn 0.0016 1.0000 -0.0037
vn -0.0054 1.0000 -0.0031
vn -0.0050 1.0000 -0.0036
vn -0.0055 1.0000 -0.0030
vn -0.0087 1.0000 -0.0029
vn -0.0086 1.0000 -0.0034
vn -0.0088 1.0000 -0.0028
vn -0.0095 0.9999 -0.0033
vn -0.0091 1.0000 -0.0032
vn -0.0100 0.9999 -0.0036
vn -0.0110 0.9999 -0.0047
vn -0.0106 0.9999 -0.0041
vn -0.0112 0.9999 -0.0048
vn -0.0107 0.9999 -0.0051
vn -0.0107 0.9999 -0.0052
vn -0.0107 0.9999 -0.0048
vn -0.0096 0.9999 -0.0048
vn -0.0096 0.9999 -0.0050
vn -0.0097 0.9999 -0.0042
vn -0.0031 1.0000 0.0023
vn -0.0060 1.0000 -0.0021
vn -0.0085 0.9999 0.0095
vn 0.0065 1.0000 -0.0032
vn 0.0003 -0.0013 -1.0000
vn -0.0002 0.0003 -1.0000
vn -0.0002 -0.0003 -1.0000
vn 0.0001 0.0014 -1.0000
vn -0.0001 0.0015 -1.0000
vn 0.0015 0.0084 -1.0000
vn -0.0011 0.5558 -0.8313
vn -0.0060 0.9795 -0.2016
vn -0.0088 0.9999 -0.0063
vn -0.0087 1.0000 -0.0035
vn -0.0079 1.0000 -0.0014
vn -0.0074 1.0000 -0.0012
vn -0.0071 1.0000 -0.0015
vn -0.0078 1.0000 -0.0017
vn -0.0075 1.0000 -0.0020
vn -0.0076 1.0000 -0.0015
vn -0.0075 1.0000 -0.0021
vn -0.0075 1.0000 -0.0012
vn -0.0071 1.0000 -0.0011
vn -0.0072 1.0000 -0.0016
vn -0.0067 1.0000 -0.0014
vn -0.0059 1.0000 -0.0013
vn -0.0066 1.0000 -0.0008
vn -0.0060 1.0000 -0.0020
vn -0.0050 1.0000 -0.0022
vn -0.0049 1.0000 -0.0012
vn -0.0046 1.0000 -0.0015
vn 0.2575 0.9663 0.0022
vn 0.3441 0.9389 -0.0035
vn 0.1712 0.9852 -0.0072
vn 0.8166 0.5772 -0.0023
vn 0.8640 0.5034 0.0051
vn 0.7045 0.7097 -0.0059
vn 0.9969 0.0777 0.0078
vn 0.9997 0.0223 0.0049
vn 1.0000 0.0047 0.0022
vn 1.0000 -0.0000 0.0018
vn 1.0000 0.0008 0.0015
vn 1.0000 -0.0018 0.0012
vn 1.0000 -0.0001 0.0010
vn 1.0000 -0.0010 0.0007
vn 1.0000 0.0010 0.0006
vn 1.0000 0.0012 0.0003
vn 1.0000 0.0033 0.0005
vn 1.0000 0.0040 0.0003
vn 1.0000 0.0064 0.0007
vn 1.0000 -0.0060 -0.0029
vn 1.0000 0.0046 0.0010
vn 0.9995 -0.0310 0.0020
vn 0.9994 -0.0335 0.0033
vn 0.9996 -0.0297 0.0009
vn 0.9995 -0.0322 0.0003
vn 0.9994 -0.0344 0.0013
vn 0.9995 -0.0305 -0.0005
vn 1.0000 0.0006 0.0001
vn 1.0000 0.0004 -0.0000
vn 1.0000 0.0007 -0.0000
vn 1.0000 -0.0000 -0.0000
vn 1.0000 0.0001 0.0002
vn 1.0000 0.0002 0.0002
vn 1.0000 0.0003 0.0001
vn 1.0000 0.0002 0.0005
vn 1.0000 0.0004 0.0006
vn 1.0000 0.0007 0.0003
vn 1.0000 0.0001 0.0011
vn 1.0000 0.0001 0.0014
vn 1.0000 -0.0002 0.0015
vn 1.0000 -0.0002 0.0019
vn 1.0000 -0.0005 0.0015
vn 1.0000 -0.0005 0.0017
vn 1.0000 -0.0006 0.0011
vn 1.0000 -0.0006 0.0013
vn 1.0000 -0.0007 0.0006
vn 1.0000 -0.0008 0.0001
vn 1.0000 -0.0009 -0.0009
vn 1.0000 -0.0009 -0.0005
vn 0.8030 0.0004 0.5960
vn 0.8041 0.0014 0.5945
vn 0.1443 0.0010 0.9895
vn 0.1466 0.0017 0.9892
vn -0.0019 0.0005 1.0000
vn -0.0014 0.0003 1.0000
vn -0.0015 0.0007 1.0000
vn -0.0012 0.0005 1.0000
vn -0.0011 0.0008 1.0000
vn -0.0010 0.0006 1.0000
vn -0.0011 0.0006 1.0000
vn -0.0005 0.0005 1.0000
vn -0.0022 0.0064 1.0000
vn -0.0066 0.0132 0.9999
vn -0.0044 -0.0030 1.0000
vn -0.0145 -0.0058 0.9999
vn -0.0023 -0.0091 1.0000
vn -0.0078 -0.0191 0.9998
vn 0.0008 0.0007 1.0000
vn 0.0002 0.0007 1.0000
vn 0.0001 0.0011 1.0000
vn 0.0027 -0.0003 1.0000
vn 0.0011 -0.0008 1.0000
vn -0.0003 0.0014 1.0000
vn 0.0001 0.0025 1.0000
vn 0.0007 0.0012 1.0000
vn 0.0002 -0.0001 1.0000
vn 0.0002 -0.0000 1.0000
vn 0.0002 -0.0003 1.0000
vn 0.0003 -0.0000 1.0000
vn 0.0003 -0.0007 1.0000
vn -0.0045 0.4178 0.9085
vn -0.0017 0.3584 0.9336
vn 0.0001 -0.0010 1.0000
vn -0.0044 0.9150 0.4035
vn 0.0035 0.8632 0.5049
vn 0.0020 0.2459 0.9693
vn 0.0022 1.0000 -0.0009
vn 0.0009 0.9994 0.0340
vn 0.0049 0.7725 0.6350
vn 0.0063 1.0000 -0.0025
vn 0.0076 1.0000 -0.0046
vn -0.0020 0.9920 0.1260
vn 0.0067 1.0000 -0.0048
vn -0.0009 0.6252 0.7805
vn 0.0044 0.0276 0.9996
vn 0.0070 0.1184 0.9929
vn -0.0005 -0.0001 1.0000
vn 0.0007 0.0017 -1.0000
vn 0.0002 0.0025 -1.0000
vn -0.0319 0.0686 -0.9971
vn -0.0508 -0.0142 -0.9986
vn -0.0011 0.0013 -1.0000
vn -0.0003 0.0024 -1.0000
vn -0.0015 -0.0035 -1.0000
vn -0.0171 -0.0633 -0.9978
vn -0.0007 -0.0027 -1.0000
vn 0.0009 -0.0023 -1.0000
vn 0.0009 -0.0018 -1.0000
vn 0.0001 -0.0028 -1.0000
vn -0.0006 -0.0024 -1.0000
vn -0.0002 -0.0023 -1.0000
vn 0.0005 0.0014 -1.0000
vn 0.0114 0.0304 -0.9995
vn 0.0003 0.0018 -1.0000
vn 0.0001 0.0026 -1.0000
vn 0.0001 0.0027 -1.0000
vn 0.0287 0.0874 -0.9958
vn 0.0002 0.0021 -1.0000
vn 0.0003 0.0002 -1.0000
vn -0.0081 0.1082 -0.9941
vn 0.0102 0.0818 -0.9966
vn -0.0217 0.0204 -0.9996
vn -0.0101 0.0330 -0.9994
vn 0.0002 0.0011 -1.0000
vn -0.0153 -0.0038 -0.9999
vn -0.0153 -0.1009 -0.9948
vn -0.0047 -0.0297 -0.9995
vn 0.0034 -0.0013 -1.0000
vn 0.0013 0.0129 -0.9999
vn 0.0017 -0.0138 -0.9999
vn -0.0001 -0.0015 -1.0000
vn 0.0005 -0.0178 -0.9998
vn 0.0020 0.0001 -1.0000
vn 0.0003 0.0007 -1.0000
vn 0.0011 0.0002 -1.0000
vn 0.0016 0.0008 -1.0000
vn 0.0002 0.0012 -1.0000
vn 0.0016 0.0009 -1.0000
vn 0.0038 0.0014 -1.0000
vn 0.0028 0.0007 -1.0000
vn 0.0048 0.0010 -1.0000
vn 0.0012 0.0009 -1.0000
vn 0.0044 -0.0008 -1.0000
vn 0.0087 0.0042 -1.0000
vn 0.0061 0.0010 -1.0000
vn 0.0117 -0.0029 -0.9999
vn 0.0024 -0.0012 -1.0000
vn 0.0071 -0.0080 -0.9999
vn 0.4489 -0.0182 -0.8934
vn 0.4251 0.0045 -0.9051
vn 0.4869 -0.0304 -0.8729
vn 0.9573 -0.0284 -0.2878
vn 0.9459 -0.0188 -0.3240
vn 0.9999 -0.0103 -0.0042
vn 0.9999 -0.0071 -0.0090
vn 0.9708 0.2401 0.0030
vn 0.9651 0.2617 0.0136
vn 1.0000 -0.0041 -0.0010
vn 0.5223 0.8528 0.0028
vn 0.4961 0.8681 0.0174
vn -0.0035 1.0000 -0.0029
vn -0.0001 1.0000 0.0023
vn -0.0076 1.0000 -0.0035
vn -0.0064 1.0000 -0.0015
vn -0.0071 0.9999 -0.0073
vn -0.0124 0.7746 -0.6324
vn -0.0097 0.9999 -0.0086
vn -0.0079 1.0000 -0.0040
vn -0.0221 0.7991 -0.6008
vn -0.0059 0.1084 -0.9941
vn -0.0127 0.1469 -0.9891
vn -0.0151 0.8214 -0.5702
vn -0.0078 0.9999 -0.0106
vn -0.0088 0.1842 -0.9828
vn 0.0005 0.1850 -0.9827
vn -0.0025 0.8241 -0.5664
vn -0.0007 0.0036 -1.0000
vn 0.0003 0.0041 -1.0000
vn 0.0002 0.0014 -1.0000
vn -0.0001 0.0018 -1.0000
vn 0.0002 0.0019 -1.0000
vn 0.0002 0.0006 -1.0000
vn 0.0004 0.0011 -1.0000
vn 0.0002 -0.0005 -1.0000
vn -0.0032 -0.0213 -0.9998
vn 0.0003 -0.0002 -1.0000
vn 0.0001 0.0006 -1.0000
vn 0.0007 0.0028 -1.0000
vn -0.0057 1.0000 -0.0059
vn -0.0071 1.0000 -0.0027
vn -0.0074 1.0000 -0.0038
vn -0.0074 1.0000 -0.0027
vn -0.0075 1.0000 -0.0026
vn -0.0072 1.0000 -0.0022
vn -0.0058 1.0000 -0.0020
vn -0.0066 1.0000 -0.0019
vn -0.0037 1.0000 -0.0036
vn 0.0012 1.0000 -0.0015
vn -0.0059 1.0000 -0.0003
vn 0.4588 0.8885 0.0017
vn 0.4798 0.8773 -0.0051
vn 0.4181 0.9084 -0.0015
vn 0.9403 0.3404 -0.0003
vn 0.9550 0.2968 0.0018
vn 0.9089 0.4169 -0.0017
vn 1.0000 -0.0046 0.0011
vn 1.0000 -0.0058 0.0009
vn 1.0000 -0.0008 0.0024
vn 1.0000 -0.0033 0.0014
vn 1.0000 -0.0049 0.0008
vn 1.0000 -0.0032 0.0008
vn 1.0000 -0.0038 0.0006
vn 1.0000 -0.0014 0.0005
vn 1.0000 -0.0016 0.0004
vn 1.0000 0.0014 0.0001
vn 1.0000 0.0009 -0.0000
vn 1.0000 0.0039 -0.0004
vn 1.0000 0.0024 -0.0008
vn 1.0000 0.0043 -0.0002
vn 0.9983 -0.0576 -0.0045
vn 0.9923 -0.1237 0.0058
vn 0.9979 -0.0620 -0.0194
vn 0.9985 -0.0539 -0.0060
vn 0.9990 -0.0448 -0.0056
vn 0.9995 -0.0309 -0.0039
vn 0.9997 0.0158 -0.0182
vn 0.9993 -0.0384 0.0026
vn 1.0000 0.0005 -0.0009
vn 1.0000 0.0006 -0.0014
vn 1.0000 0.0005 -0.0004
vn 1.0000 0.0002 -0.0002
vn 1.0000 0.0004 -0.0009
vn 1.0000 0.0001 -0.0000
vn 1.0000 0.0004 0.0002
vn 1.0000 0.0001 0.0001
vn 1.0000 0.0008 0.0004
vn 1.0000 0.0012 0.0005
vn 1.0000 0.0005 0.0001
vn 1.0000 0.0016 0.0004
vn 1.0000 0.0021 0.0007
vn 1.0000 0.0011 0.0002
vn 1.0000 0.0019 0.0006
vn 1.0000 0.0027 0.0008
vn 1.0000 0.0013 0.0004
vn 1.0000 0.0015 0.0006
vn 1.0000 0.0020 0.0009
vn 1.0000 0.0009 0.0007
vn 1.0000 0.0013 0.0008
vn 1.0000 0.0006 0.0016
vn 1.0000 0.0010 0.0017
vn 1.0000 0.0001 0.0021
vn 1.0000 0.0003 0.0025
vn 1.0000 -0.0004 0.0019
vn 1.0000 -0.0008 0.0014
vn 1.0000 -0.0016 0.0017
vn 1.0000 -0.0010 0.0008
vn 1.0000 -0.0020 0.0008
vn 1.0000 -0.0010 0.0001
vn 1.0000 -0.0019 -0.0003
vn 1.0000 -0.0007 -0.0007
vn 1.0000 -0.0014 -0.0018
vn 0.8084 0.0044 0.5886
vn 0.8126 0.0085 0.5828
vn 0.1525 0.0044 0.9883
vn 0.1577 0.0081 0.9875
vn -0.0013 0.0009 1.0000
vn -0.0014 0.0013 1.0000
vn -0.0012 0.0008 1.0000
vn -0.0012 0.0013 1.0000
vn -0.0009 0.0008 1.0000
vn -0.0008 0.0014 1.0000
vn -0.0005 0.0009 1.0000
vn -0.0005 0.0014 1.0000
vn -0.0006 0.0007 1.0000
vn -0.0003 0.0009 1.0000
vn -0.0022 0.0204 0.9998
vn 0.0024 0.0205 0.9998
vn -0.0053 -0.0106 0.9999
vn 0.0042 -0.0120 0.9999
vn -0.0032 -0.0301 0.9995
vn 0.0018 -0.0322 0.9995
vn -0.0001 0.0002 1.0000
vn -0.0003 -0.0305 0.9995
vn 0.0003 -0.0006 1.0000
vn 0.0036 -0.0273 0.9996
vn 0.0004 0.0002 1.0000
vn 0.0006 -0.0003 1.0000
vn 0.0003 0.0002 1.0000
vn 0.0004 0.0005 1.0000
vn 0.0026 -0.0013 1.0000
vn -0.0039 -0.0129 0.9999
vn 0.3472 -0.0260 0.9374
vn -0.0005 0.0001 1.0000
vn 0.0021 -0.0028 1.0000
vn 0.0039 -0.0002 1.0000
vn -0.0006 -0.0004 1.0000
vn 0.0019 0.0013 1.0000
vn -0.0001 -0.0007 1.0000
vn 0.0051 0.0092 0.9999
vn 0.0109 -0.0042 0.9999
vn 0.0003 -0.0004 1.0000
vn 0.0002 0.0003 1.0000
vn 0.0025 0.0172 0.9998
vn 0.0001 0.0003 1.0000
vn -0.0003 0.0006 1.0000
vn -0.0005 0.0008 1.0000
vn -0.0004 0.0013 1.0000
vn -0.0008 0.0006 1.0000
vn -0.0006 0.0015 1.0000
vn -0.0004 0.0020 1.0000
vn -0.0009 0.0007 1.0000
vn -0.0007 0.0018 1.0000
vn -0.0007 0.0015 1.0000
vn -0.0022 -0.2122 0.9772
vn -0.0051 -0.1970 0.9804
vn -0.0006 0.0012 1.0000
vn -0.0010 0.0015 1.0000
vn -0.0042 -0.1762 0.9843
vn -0.0108 -0.7758 0.6309
vn -0.0144 -0.7385 0.6741
vn 0.0028 -0.1654 0.9862
vn 0.0001 -0.0003 1.0000
vn -0.0053 -0.7181 0.6959
vn -0.0204 -0.9930 0.1165
vn -0.0222 -0.9898 0.1407
vn -0.0134 -0.9963 0.0844
vn -0.0178 -0.9996 -0.0241
vn -0.0221 -0.9995 -0.0212
vn -0.0263 -0.9994 -0.0221
vn -0.0207 -0.9995 -0.0225
vn -0.0213 -0.9995 -0.0247
vn 0.2202 -0.9752 -0.0236
vn 0.1860 -0.9823 -0.0241
vn -0.0182 -0.9996 -0.0230
vn 0.1449 -0.9893 -0.0179
vn 0.7301 -0.6833 -0.0103
vn 0.7515 -0.6596 -0.0102
vn 0.7065 -0.7077 -0.0043
vn 0.1029 -0.9946 -0.0151
vn 0.6827 -0.7307 0.0003
vn 0.9866 -0.1630 0.0034
vn 0.9848 -0.1736 0.0020
vn 0.9889 -0.1482 0.0069
vn 0.6614 -0.7500 -0.0026
vn 0.9909 -0.1345 0.0053
vn 1.0000 -0.0057 0.0044
vn 1.0000 -0.0088 0.0024
vn 1.0000 -0.0017 0.0041
vn 0.9900 -0.1407 -0.0009
vn 1.0000 -0.0001 0.0018
vn 1.0000 -0.0002 0.0031
vn 1.0000 -0.0023 0.0031
vn 1.0000 0.0010 0.0018
vn 1.0000 -0.0002 0.0009
vn 1.0000 0.0011 0.0009
vn 0.9865 -0.1635 -0.0014
vn 0.9829 -0.1840 0.0013
vn 1.0000 -0.0007 0.0005
vn 1.0000 0.0011 0.0006
vn 1.0000 -0.0022 0.0010
vn 1.0000 0.0013 0.0011
vn 0.9778 -0.2097 0.0033
vn 0.9751 -0.2216 0.0059
vn 1.0000 -0.0021 0.0020
vn 1.0000 0.0022 0.0015
vn 1.0000 -0.0001 0.0015
vn 1.0000 0.0033 0.0012
vn 1.0000 0.0030 0.0011
vn 1.0000 0.0038 0.0011
vn 1.0000 0.0033 0.0006
vn 1.0000 0.0037 0.0008
vn 1.0000 0.0033 0.0009
vn 1.0000 0.0035 0.0009
vn 1.0000 0.0035 0.0005
vn 1.0000 0.0024 0.0008
vn 1.0000 0.0026 0.0004
vn 1.0000 0.0037 -0.0004
vn 1.0000 0.0026 -0.0006
vn 1.0000 0.0015 0.0002
vn 1.0000 0.0015 -0.0007
vn 1.0000 0.0026 -0.0011
vn 1.0000 0.0015 -0.0011
vn 1.0000 0.0008 -0.0007
vn 1.0000 0.0009 -0.0012
vn 1.0000 0.0014 -0.0008
vn 1.0000 0.0009 -0.0009
vn 1.0000 0.0005 -0.0013
vn 1.0000 0.0006 -0.0010
vn 1.0000 0.0010 -0.0003
vn 1.0000 -0.0002 0.0001
vn 0.9979 0.0648 -0.0096
vn 0.9974 0.0717 0.0034
vn 1.0000 -0.0002 0.0003
vn 0.9980 0.0632 0.0025
vn 0.9970 -0.0761 0.0122
vn 0.9962 -0.0870 0.0053
vn 0.9975 0.0707 0.0009
vn 0.9965 -0.0841 -0.0005
vn 0.9883 -0.1524 0.0016
vn 0.9883 -0.1522 0.0085
vn 0.9860 -0.1667 -0.0054
vn 0.9988 -0.0388 -0.0285
vn 0.9784 -0.2036 -0.0347
vn 0.9999 -0.0161 -0.0042
vn 1.0000 -0.0017 -0.0014
vn 0.9982 -0.0583 -0.0149
vn 0.9739 -0.2104 -0.0847
vn 0.9905 -0.1359 -0.0232
vn 1.0000 -0.0009 -0.0013
vn 0.9991 -0.0202 -0.0367
vn 1.0000 -0.0029 -0.0013
vn 1.0000 -0.0027 -0.0001
vn 1.0000 -0.0032 -0.0030
vn 0.9987 -0.0505 -0.0050
vn 1.0000 -0.0041 -0.0070
vn 1.0000 -0.0046 -0.0030
vn 1.0000 -0.0045 -0.0012
vn 1.0000 -0.0032 -0.0074
vn 0.9313 -0.0033 -0.3643
vn 0.9380 -0.0004 -0.3466
vn 1.0000 -0.0059 -0.0031
vn 1.0000 -0.0055 -0.0011
vn 1.0000 -0.0033 -0.0015
vn 1.0000 -0.0053 -0.0006
vn 1.0000 -0.0055 -0.0000
vn 0.9619 0.2734 0.0008
vn 0.9599 0.2802 -0.0027
vn 0.4854 0.8743 0.0022
vn 1.0000 -0.0064 0.0004
vn 1.0000 -0.0057 0.0004
vn 1.0000 -0.0039 0.0004
vn 1.0000 -0.0041 0.0004
vn 1.0000 -0.0019 0.0002
vn 1.0000 -0.0023 0.0002
vn 1.0000 -0.0001 -0.0002
vn 1.0000 -0.0043 -0.0000
vn 0.9347 -0.0140 -0.3552
vn 0.3967 0.0047 -0.9179
vn 0.4086 -0.0008 -0.9127
vn 0.0072 0.0009 -1.0000
vn 0.9907 0.1103 -0.0793
vn 0.8830 0.4595 -0.0961
vn 0.9867 0.1623 -0.0134
vn 0.9706 0.2408 -0.0003
vn 0.9948 0.1017 -0.0047
vn 1.0000 0.0004 0.0009
vn 1.0000 0.0007 0.0014
vn 1.0000 0.0001 0.0005
vn 1.0000 0.0005 0.0007
vn 1.0000 0.0005 0.0010
vn 1.0000 0.0004 0.0003
vn 1.0000 0.0009 0.0003
vn 1.0000 0.0010 0.0001
vn 1.0000 0.0013 -0.0000
vn 1.0000 0.0011 0.0001
vn 1.0000 0.0014 -0.0003
vn 1.0000 0.0018 -0.0004
vn 1.0000 0.0014 -0.0002
vn 1.0000 0.0022 -0.0009
vn 1.0000 0.0032 -0.0012
vn 1.0000 0.0022 -0.0007
vn 1.0000 0.0038 -0.0011
vn 1.0000 0.0044 -0.0012
vn 1.0000 0.0035 -0.0017
vn 1.0000 0.0041 -0.0002
vn 1.0000 0.0036 0.0001
vn 1.0000 0.0040 -0.0012
vn 1.0000 0.0029 0.0006
vn 1.0000 -0.0002 0.0002
vn 0.9878 -0.1556 0.0007
vn 0.9887 -0.1495 -0.0045
vn 0.9817 -0.1904 0.0061
vn 0.5906 -0.8069 0.0106
vn 0.6364 -0.7714 0.0012
vn 0.5520 -0.8337 0.0152
vn 0.0245 -0.9996 0.0167
vn 0.0350 -0.9993 0.0095
vn 0.5670 -0.8235 0.0158
vn 0.0296 -0.9994 0.0200
vn 0.5920 -0.8059 0.0102
vn 0.0377 -0.9992 0.0148
vn 0.6103 -0.7922 -0.0039
vn 0.0399 -0.9992 -0.0023
vn 0.6354 -0.7721 -0.0105
vn 0.0451 -0.9989 -0.0149
vn 0.0669 -0.9976 -0.0152
vn -0.0076 -0.9998 -0.0189
vn 0.0031 -0.9999 -0.0143
vn -0.0146 -0.9997 -0.0209
vn -0.0130 -0.9997 -0.0188
vn -0.0066 -0.9998 -0.0163
vn -0.0173 -0.9996 -0.0211
vn -0.0152 -0.9997 -0.0181
vn -0.0109 -0.9998 -0.0161
vn -0.0182 -0.9996 -0.0208
vn -0.0130 -0.9998 -0.0180
vn -0.0103 -0.9998 -0.0146
vn -0.0145 -0.9996 -0.0240
vn -0.0072 -0.9998 -0.0192
vn -0.0052 -0.9999 -0.0136
vn -0.0118 -0.9985 0.0540
vn -0.0064 -0.9994 0.0335
vn -0.0070 -0.8026 0.5964
vn -0.0036 -0.8173 0.5761
vn -0.0014 -0.2141 0.9768
vn 0.0003 -0.1969 0.9804
vn 0.0019 -0.8133 0.5819
vn -0.0011 -0.0006 1.0000
vn -0.0004 -0.0010 1.0000
vn 0.0048 -0.1530 0.9882
vn 0.0001 0.0006 1.0000
vn 0.0003 0.0011 1.0000
vn 0.0002 0.0002 1.0000
vn 0.0005 0.0006 1.0000
vn 0.0003 0.0005 1.0000
vn 0.0004 0.0007 1.0000
vn 0.0001 0.0008 1.0000
vn 0.0001 0.0009 1.0000
vn 0.0004 -0.0006 1.0000
vn -0.0002 0.0009 1.0000
vn 0.0002 0.0011 1.0000
vn 0.0003 0.0015 1.0000
vn 0.0006 0.0010 1.0000
vn 0.0007 0.0010 1.0000
vn 0.0005 0.0012 1.0000
vn 0.0006 0.0005 1.0000
vn 0.0004 0.0015 1.0000
vn 0.0014 -0.0443 0.9990
vn 0.0031 -0.0638 0.9980
vn 0.0056 -0.1001 0.9950
vn 0.0076 -0.7146 0.6995
vn 0.0092 -0.7506 0.6607
vn 0.0095 -0.7916 0.6109
vn 0.0048 -0.9996 0.0294
vn 0.0050 -0.9998 0.0215
vn 0.0002 -0.9997 0.0243
vn 0.0043 -0.9999 -0.0113
vn -0.0003 -0.9999 -0.0141
vn 0.0063 -0.9999 -0.0085
vn 0.0077 -1.0000 -0.0017
vn 0.0052 -1.0000 -0.0057
vn 0.0009 -1.0000 -0.0092
vn 0.0068 -1.0000 -0.0022
vn 0.0025 -1.0000 -0.0066
vn -0.0033 -0.9999 -0.0107
vn 0.0044 -1.0000 -0.0050
vn -0.0008 -1.0000 -0.0085
vn -0.0065 -0.9999 -0.0124
vn 0.0023 -1.0000 -0.0065
vn -0.0017 -0.9999 -0.0099
vn -0.0048 -0.9999 -0.0134
vn 0.0034 -1.0000 -0.0059
vn 0.0026 -1.0000 -0.0086
vn 0.0025 -0.9999 -0.0114
vn 0.0078 -1.0000 0.0006
vn 0.0093 -1.0000 -0.0004
vn 0.0113 -0.9999 -0.0014
vn 0.0096 -0.9999 0.0130
vn 0.0111 -0.9998 0.0139
vn 0.0083 -0.9999 0.0123
vn 0.0057 -0.9999 0.0158
vn 0.0060 -0.9998 0.0169
vn 0.0063 -0.9998 0.0181
vn 0.0005 -0.9999 0.0141
vn 0.0003 -0.9999 0.0158
vn 0.0010 -0.9999 0.0122
vn -0.0040 -1.0000 0.0083
vn -0.0050 -0.9999 0.0096
vn -0.0054 -0.9999 0.0107
vn -0.0089 -1.0000 0.0025
vn -0.0090 -1.0000 0.0033
vn 0.0519 -0.9987 0.0021
vn -0.0095 -0.9999 -0.0100
vn 0.0706 -0.9974 -0.0135
vn 0.6514 -0.7586 -0.0152
vn 0.0831 -0.9961 -0.0311
vn 0.6574 -0.7532 -0.0232
vn 0.9885 -0.1514 -0.0039
vn 0.6625 -0.7487 -0.0217
vn 0.9896 -0.1438 -0.0052
vn 1.0000 0.0011 -0.0012
vn 0.9905 -0.1371 -0.0094
vn 1.0000 0.0003 -0.0031
vn 1.0000 0.0028 -0.0023
vn 1.0000 -0.0018 -0.0024
vn 1.0000 0.0009 -0.0018
vn 1.0000 0.0020 -0.0013
vn 1.0000 0.0002 -0.0008
vn 1.0000 0.0011 -0.0007
vn 1.0000 0.0015 -0.0004
vn 1.0000 0.0008 -0.0008
vn 1.0000 0.0010 -0.0006
vn 1.0000 0.0010 -0.0002
vn 1.0000 0.0006 -0.0005
vn 1.0000 0.0006 -0.0002
vn 1.0000 0.0008 0.0002
vn 1.0000 0.0003 -0.0000
vn 1.0000 0.0005 0.0004
vn 1.0000 0.0005 0.0008
vn 1.0000 0.0003 0.0006
vn 1.0000 0.0003 0.0010
vn 1.0000 0.0004 0.0013
vn 1.0000 0.0002 0.0011
vn 1.0000 0.0003 0.0014
vn 1.0000 0.0006 0.0018
vn 1.0000 0.0003 0.0008
vn 1.0000 0.0002 0.0010
vn 0.8885 -0.0013 -0.4588
vn 0.8694 -0.0040 -0.4941
vn 0.9014 -0.0003 -0.4329
vn 1.0000 0.0001 0.0009
vn 1.0000 0.0002 0.0003
vn 1.0000 -0.0001 0.0003
vn 1.0000 0.0002 -0.0003
vn 1.0000 0.0001 -0.0006
vn 1.0000 -0.0003 -0.0003
vn 1.0000 0.0006 -0.0008
vn 1.0000 0.0003 -0.0010
vn 1.0000 -0.0002 -0.0010
vn 1.0000 0.0004 -0.0008
vn 1.0000 -0.0006 -0.0010
vn 1.0000 -0.0017 -0.0005
vn 0.9987 -0.0494 0.0086
vn 0.9999 -0.0117 0.0007
vn 0.9941 -0.1085 0.0018
vn 0.7373 -0.6756 0.0058
vn 0.7855 -0.6184 0.0256
vn 0.6894 -0.7240 -0.0247
vn 0.1160 -0.9930 -0.0211
vn 0.1521 -0.9884 0.0027
vn 0.0862 -0.9959 -0.0275
vn 0.0048 -0.9996 -0.0267
vn 0.0074 -0.9999 -0.0140
vn -0.0023 -0.9996 -0.0292
vn -0.0079 -0.9996 -0.0263
vn 0.0008 -0.9997 -0.0253
vn -0.0118 -0.9999 -0.0099
vn -0.0095 -0.9999 -0.0105
vn -0.0069 -0.9997 -0.0236
vn -0.0073 -1.0000 0.0016
vn -0.0057 -1.0000 0.0004
vn -0.0079 -0.9999 -0.0113
vn -0.0024 -1.0000 0.0066
vn -0.0035 -1.0000 0.0042
vn -0.0066 -1.0000 -0.0011
vn 0.0016 -0.9999 0.0100
vn 0.0004 -1.0000 0.0074
vn 0.0049 -0.9999 0.0146
vn 0.0035 -0.9999 0.0133
vn 0.0065 -0.9999 0.0116
vn 0.0052 -0.9999 0.0108
vn 0.0064 -1.0000 0.0014
vn 0.0060 -1.0000 0.0016
vn 0.0049 -1.0000 -0.0039
vn 0.0071 -1.0000 -0.0030
vn 0.0070 -1.0000 0.0011
vn 0.0062 -1.0000 -0.0039
vn 0.0104 -0.9999 -0.0024
vn 0.0103 -0.9999 -0.0031
vn 0.0090 -1.0000 -0.0011
vn 0.0108 -0.9999 0.0024
vn 0.0118 -0.9999 -0.0012
vn 0.0093 -1.0000 0.0021
vn 0.0120 -0.9999 0.0039
vn 0.0113 -0.9999 0.0028
vn 0.0119 -0.9999 0.0013
vn 0.0177 -0.9998 0.0013
vn 0.0165 -0.9999 0.0016
vn 0.0110 -0.9999 -0.0042
vn 0.0178 -0.9998 -0.0011
vn 0.0082 -0.9988 0.0486
vn 0.0122 -0.9965 0.0827
vn 0.0057 -0.6798 0.7334
vn 0.0048 -0.6206 0.7841
vn 0.0127 -0.9893 0.1455
vn 0.0023 -0.0290 0.9996
vn 0.0004 -0.0201 0.9998
vn -0.0098 -0.5685 0.8226
vn 0.0007 0.0006 1.0000
vn 0.0003 0.0017 1.0000
vn 0.0001 -0.0188 0.9998
vn 0.0001 0.0019 1.0000
vn -0.0006 0.0018 1.0000
vn -0.0008 0.0019 1.0000
vn -0.0004 0.0009 1.0000
vn -0.0003 0.0017 -1.0000
vn 0.0003 -0.0000 -1.0000
vn 0.0003 0.0001 -1.0000
vn 0.0005 -0.0000 -1.0000
vn 0.0004 0.0002 -1.0000
vn 0.0004 -0.0000 -1.0000
vn -0.0003 0.0003 -1.0000
vn -0.0004 -0.0003 -1.0000
vn 0.0013 0.0177 -0.9998
vn 0.0004 -0.0004 -1.0000
vn 0.0005 -0.0002 -1.0000
vn 0.0003 -0.0001 -1.0000
vn 0.0502 0.1038 -0.9933
vn 0.2639 -0.0038 -0.9645
vn 0.3034 -0.0012 -0.9529
vn 0.3295 -0.0004 -0.9442
vn 0.3519 0.0009 -0.9360
vn 0.9113 0.0009 -0.4117
vn 0.9158 0.0037 -0.4016
vn 0.3615 0.0037 -0.9324
vn 1.0000 -0.0004 0.0005
vn 0.9167 0.0067 -0.3996
vn 1.0000 -0.0018 0.0002
vn 1.0000 -0.0019 0.0010
vn 1.0000 -0.0011 -0.0008
vn 1.0000 -0.0027 -0.0020
vn 1.0000 -0.0047 -0.0000
vn 1.0000 -0.0010 -0.0015
vn 1.0000 -0.0061 -0.0021
vn 0.9999 -0.0145 -0.0073
vn 1.0000 -0.0059 -0.0009
vn 0.8636 -0.5042 -0.0012
vn 0.8902 -0.4555 0.0089
vn 0.8282 -0.5604 0.0006
vn 0.1941 -0.9810 -0.0013
vn 0.2434 -0.9699 0.0028
vn 0.1657 -0.9860 0.0181
vn -0.0056 -1.0000 0.0074
vn -0.0199 -0.9998 -0.0030
vn 0.0068 -1.0000 0.0010
vn 0.0036 -1.0000 -0.0005
vn -0.0087 -1.0000 0.0017
vn 0.0057 -0.9999 -0.0133
vn 0.0044 -0.9999 -0.0130
vn -0.0012 -1.0000 -0.0035
vn 0.0005 -0.9997 -0.0230
vn 0.0003 -0.9998 -0.0202
vn 0.0029 -0.9999 -0.0133
vn -0.0059 -0.9998 -0.0208
vn -0.0052 -0.9998 -0.0176
vn -0.0007 -0.9998 -0.0174
vn -0.0077 -0.9999 -0.0115
vn -0.0101 -0.9999 -0.0100
vn -0.0071 -0.9999 -0.0142
vn -0.0113 -0.9999 -0.0019
vn -0.0155 -0.9999 -0.0021
vn -0.0147 -0.9999 -0.0076
vn -0.0096 -1.0000 0.0014
vn -0.0140 -0.9999 -0.0012
vn -0.0055 -1.0000 0.0035
vn -0.0100 -0.9999 -0.0014
vn 0.0002 -1.0000 0.0099
vn -0.0025 -1.0000 0.0029
vn 0.0049 -1.0000 0.0086
vn 0.0051 -1.0000 0.0040
vn 0.0091 -1.0000 -0.0002
vn 0.0096 -0.9999 -0.0028
vn 0.0040 -1.0000 -0.0028
vn 0.0117 -0.9999 -0.0039
vn 0.0077 -1.0000 -0.0055
vn 0.0042 -1.0000 -0.0068
vn 0.0098 -1.0000 -0.0018
vn 0.0095 -0.9999 -0.0061
vn 0.0044 -0.9999 -0.0094
vn 0.0139 -0.9999 -0.0013
vn 0.0172 -0.9998 -0.0083
vn 0.0117 -0.9998 -0.0137
vn 0.0205 -0.9998 -0.0030
vn -0.0085 -0.9999 -0.0075
vn -0.0089 -0.9999 -0.0126
vn 0.0220 -0.9998 -0.0006
vn -0.0079 -1.0000 -0.0035
vn 0.0216 -0.9998 0.0023
vn -0.0095 -0.9999 0.0111
vn -0.0143 -0.9777 0.2093
vn -0.0309 -0.9748 0.2210
vn -0.0363 -0.9992 0.0153
vn -0.0150 -0.5641 0.8256
vn -0.0053 -0.5652 0.8250
vn -0.0141 -0.9789 0.2040
vn -0.0002 -0.0146 0.9999
vn -0.0001 -0.0093 1.0000
vn -0.0038 -0.5633 0.8262
vn -0.0006 0.0013 1.0000
vn 0.0002 -0.0000 -1.0000
vn 0.0002 0.0002 -1.0000
vn 0.0003 0.0004 -1.0000
vn 0.0002 0.0004 -1.0000
vn 0.0002 0.0001 -1.0000
vn 0.0004 0.0003 -1.0000
vn 0.0007 0.0001 -1.0000
vn 0.0009 0.0003 -1.0000
vn 0.0007 0.0004 -1.0000
vn 0.0006 0.0003 -1.0000
vn 0.0006 0.0005 -1.0000
vn 0.0010 0.0005 -1.0000
vn 0.3639 0.0070 -0.9314
vn 0.3685 0.0086 -0.9296
vn 0.9184 0.0076 -0.3955
vn 0.9223 -0.0001 -0.3865
vn 0.3838 0.0015 -0.9234
vn 1.0000 -0.0050 0.0015
vn 0.9991 -0.0418 0.0005
vn 0.9270 -0.0546 -0.3711
vn 0.9995 -0.0307 -0.0048
vn 0.9348 -0.3544 0.0211
vn 0.9543 -0.2981 0.0232
vn 0.9132 -0.4075 0.0082
vn 0.3417 -0.9387 0.0456
vn 0.4030 -0.9120 0.0765
vn 0.2906 -0.9565 0.0256
vn -0.0344 -0.9990 0.0274
vn -0.0452 -0.9976 0.0532
vn -0.0264 -0.9996 0.0059
vn -0.0282 -0.9996 0.0044
vn -0.0317 -0.9992 0.0239
vn -0.0221 -0.9997 -0.0056
vn -0.0246 -0.9997 -0.0082
vn -0.0298 -0.9996 0.0033
vn -0.0139 -0.9999 -0.0039
vn -0.0163 -0.9998 -0.0100
vn -0.0252 -0.9996 -0.0112
vn -0.0040 -1.0000 -0.0083
vn -0.0051 -0.9999 -0.0140
vn -0.0135 -0.9998 -0.0163
vn 0.0001 -0.9999 -0.0146
vn -0.0060 -0.9998 -0.0166
vn -0.0086 -0.9998 -0.0183
vn -0.0052 -0.9999 -0.0158
vn -0.0134 -0.9998 -0.0157
vn -0.0137 -0.9998 -0.0176
vn -0.0135 -0.9998 -0.0123
vn -0.0188 -0.9997 -0.0127
vn -0.0197 -0.9997 -0.0159
vn -0.0171 -0.9998 -0.0074
vn -0.0149 -0.9998 -0.0103
vn -0.0185 -0.9997 -0.0149
vn -0.0151 -0.9999 -0.0032
vn -0.0111 -0.9999 -0.0060
vn -0.0127 -0.9999 -0.0038
vn -0.0087 -0.9999 -0.0059
vn -0.0094 -0.9999 -0.0060
vn -0.0075 -0.9999 -0.0085
vn -0.0036 -1.0000 -0.0051
vn -0.0053 -0.9999 -0.0105
vn -0.0008 -1.0000 -0.0092
vn -0.0025 -0.9999 -0.0126
vn -0.0029 -0.9999 -0.0119
vn 0.0001 -0.9999 -0.0110
vn 0.0064 -0.9999 -0.0119
vn 0.0083 -0.9999 -0.0124
vn 0.0069 -0.9999 -0.0138
vn -0.0057 -0.9999 -0.0142
vn -0.0030 -1.0000 -0.0095
vn -0.0080 -0.9998 -0.0169
vn -0.0309 -0.9994 -0.0124
vn -0.0267 -0.9996 -0.0111
vn -0.0348 -0.9993 -0.0106
vn -0.0224 -0.9997 -0.0084
vn -0.0231 -0.9997 -0.0093
vn -0.0365 -0.9993 -0.0085
vn -0.0222 -0.9997 -0.0073
vn -0.0369 -0.9993 -0.0048
vn -0.0219 -0.9997 -0.0048
vn -0.0199 -0.9998 0.0067
vn -0.0061 -1.0000 -0.0022
vn -0.0071 -1.0000 -0.0066
vn -0.0061 -0.9797 0.2004
vn 0.0004 -0.5013 -0.8653
vn -0.0008 -0.9611 -0.2763
vn 0.0012 -0.0056 -1.0000
vn 0.0002 -0.0080 -1.0000
vn 0.0021 -0.4918 -0.8707
vn 0.0002 -0.0020 -1.0000
vn 0.0005 -0.0024 -1.0000
vn 0.0008 -0.0083 -1.0000
vn -0.0001 -0.0007 -1.0000
vn -0.0004 -0.0022 -1.0000
vn -0.0001 -0.0005 -1.0000
vn 0.0001 0.0005 -1.0000
vn 0.0007 0.0005 -1.0000
vn 0.0011 0.0005 -1.0000
vn 0.0012 -0.0008 -1.0000
vn 0.0006 -0.0003 -1.0000
vn 0.0010 -0.0017 -1.0000
vn 0.0029 -0.0081 -1.0000
vn 0.0026 -0.0035 -1.0000
vn 0.4082 -0.0360 -0.9122
vn -0.0038 -0.0863 -0.9963
vn -0.0023 -0.0805 -0.9968
vn 0.0009 -0.0010 -1.0000
vn -0.0489 -0.6432 -0.7641
vn -0.0262 -0.6463 -0.7626
vn -0.0650 -0.9903 -0.1228
vn -0.0352 -0.9927 -0.1152
vn -0.0492 -0.9946 0.0911
vn -0.0292 -0.9958 0.0871
vn -0.0412 -0.9957 0.0830
vn -0.0504 -0.9950 0.0866
vn -0.0413 -0.9958 0.0811
vn 0.4854 -0.8718 0.0667
vn -0.0357 -0.9982 0.0489
vn -0.0302 -0.9983 0.0497
vn -0.0286 -0.9967 0.0760
vn -0.0316 -0.9992 0.0233
vn -0.0301 -0.9992 0.0255
vn -0.0275 -0.9982 0.0526
vn -0.0297 -0.9996 0.0016
vn -0.0268 -0.9996 -0.0022
vn -0.0304 -0.9992 0.0252
vn -0.0209 -0.9997 -0.0155
vn -0.0136 -0.9997 -0.0190
vn -0.0164 -0.9998 -0.0075
vn -0.0114 -0.9997 -0.0205
vn -0.0117 -0.9997 -0.0204
vn -0.0089 -0.9998 -0.0183
vn -0.0134 -0.9997 -0.0193
vn -0.0171 -0.9997 -0.0172
vn -0.0126 -0.9998 -0.0162
vn -0.0192 -0.9997 -0.0171
vn -0.0195 -0.9997 -0.0155
vn -0.0162 -0.9998 -0.0134
vn -0.0202 -0.9997 -0.0162
vn -0.0136 -0.9998 -0.0166
vn -0.0125 -0.9998 -0.0136
vn -0.0127 -0.9998 -0.0174
vn -0.0027 -0.9998 -0.0182
vn -0.0017 -0.9999 -0.0163
vn -0.0100 -0.9999 -0.0140
vn -0.0025 -0.9999 -0.0163
vn -0.0062 -0.9999 -0.0096
vn -0.0001 -0.9999 -0.0134
vn -0.0031 -1.0000 -0.0076
vn 0.0039 -0.9999 -0.0107
vn -0.0023 -1.0000 -0.0089
vn 0.0074 -0.9999 -0.0102
vn 0.0090 -0.9999 -0.0119
vn 0.0003 -0.9999 -0.0122
vn -0.0004 -0.9999 -0.0122
vn -0.0007 -0.9999 -0.0104
vn -0.0258 -0.9996 -0.0093
vn -0.0246 -0.9996 -0.0112
vn -0.0255 -0.9996 -0.0085
vn -0.0250 -0.9996 -0.0094
vn -0.0258 -0.9996 -0.0095
vn -0.0240 -0.9997 -0.0097
vn -0.0121 -0.9999 -0.0109
vn -0.0130 -0.9999 -0.0101
vn -0.0106 -0.9999 -0.0107
vn -0.0092 -0.9999 -0.0099
vn -0.0080 -0.9999 -0.0086
vn -0.0045 -1.0000 -0.0080
vn -0.0013 -0.9998 -0.0178
vn -0.0005 -0.9997 -0.0237
vn -0.0016 -0.9999 -0.0133
vn 0.0019 -0.9569 -0.2903
vn -0.0032 -0.9542 -0.2990
vn -0.0029 -0.9997 -0.0246
vn -0.0011 -0.4820 -0.8762
vn -0.0086 -0.5059 -0.8626
vn -0.0115 -0.9626 -0.2707
vn -0.0009 -0.0079 -1.0000
vn -0.0008 -0.0049 -1.0000
vn -0.0078 -0.5352 -0.8447
vn -0.0001 -0.0012 -1.0000
vn 0.0001 -0.0011 -1.0000
vn 0.0004 -0.0042 -1.0000
vn 0.0010 -0.0096 -1.0000
vn -0.0001 -0.0020 -1.0000
vn 0.0002 -0.0166 -0.9999
vn 0.0002 -0.0242 -0.9997
vn 0.0014 -0.0404 -0.9992
vn -0.0011 -0.0610 -0.9981
vn -0.0037 -0.0727 -0.9973
vn -0.0248 -0.6406 -0.7675
vn -0.0200 -0.6210 -0.7835
vn -0.0324 -0.9924 -0.1185
vn -0.0319 -0.9907 -0.1320
vn -0.0276 -0.9961 0.0841
vn -0.0302 -0.9961 0.0833
vn -0.0265 -0.9969 0.0741
vn -0.0307 -0.9967 0.0749
vn -0.0311 -0.9980 0.0548
vn -0.0259 -0.9984 0.0506
vn -0.0275 -0.9967 0.0765
vn -0.0211 -0.9996 0.0178
vn -0.0076 -0.9999 0.0083
vn -0.0121 -0.9992 0.0377
vn -0.0067 -0.9999 -0.0093
vn -0.0030 -1.0000 -0.0067
vn -0.0020 -1.0000 0.0036
vn -0.0071 -0.9999 -0.0136
vn -0.0059 -1.0000 -0.0080
vn -0.0026 -1.0000 -0.0038
vn -0.0112 -0.9999 -0.0105
vn -0.0084 -0.9999 -0.0069
vn -0.0070 -1.0000 -0.0047
vn -0.0103 -0.9999 -0.0103
vn -0.0008 -1.0000 -0.0099
vn -0.0022 -1.0000 -0.0073
vn -0.0007 -0.9999 -0.0126
vn 0.0094 -0.9999 -0.0118
vn 0.0094 -0.9999 -0.0112
vn 0.0068 -0.9999 -0.0142
vn -0.0038 -0.9999 -0.0107
vn -0.0009 -1.0000 -0.0097
vn 0.0034 -0.9999 -0.0164
vn -0.0075 -0.9999 -0.0128
vn 0.0008 -0.9999 -0.0159
vn -0.0112 -0.9999 -0.0129
vn -0.0007 -0.9999 -0.0146
vn -0.0151 -0.9998 -0.0118
vn -0.0011 -0.9999 -0.0127
vn -0.0188 -0.9998 -0.0109
vn -0.0220 -0.9997 -0.0116
vn -0.0248 -0.9996 -0.0095
vn -0.0237 -0.9997 -0.0088
vn -0.0257 -0.9996 -0.0098
vn -0.0140 -0.9999 -0.0098
vn -0.0146 -0.9999 -0.0091
vn -0.0135 -0.9999 -0.0098
vn -0.0111 -0.9999 -0.0070
vn -0.0117 -0.9999 -0.0069
vn -0.0104 -0.9999 -0.0068
vn -0.0086 -0.9999 -0.0075
vn -0.0079 -0.9999 -0.0086
vn -0.0105 -0.9999 -0.0085
vn -0.0056 -0.9999 -0.0102
vn -0.0064 -0.9999 -0.0081
vn -0.0037 -0.9999 -0.0110
vn 0.0023 -0.9999 -0.0108
vn 0.0007 -0.9999 -0.0107
vn -0.0024 -0.9999 -0.0114
vn -0.0009 -0.9999 -0.0111
vn -0.0026 -1.0000 -0.0065
vn 0.0008 -1.0000 -0.0074
vn -0.0050 -1.0000 -0.0070
vn -0.0021 -0.9999 -0.0126
vn -0.0064 -0.9999 -0.0092
vn -0.0092 -1.0000 -0.0029
vn -0.0078 -1.0000 -0.0023
vn -0.0105 -0.9999 -0.0050
vn -0.0077 -0.9998 -0.0195
vn -0.0118 -0.9998 -0.0132
vn -0.0095 -1.0000 0.0010
vn -0.0078 -1.0000 0.0013
vn -0.0111 -0.9999 -0.0077
vn -0.0125 -0.9719 -0.2350
vn -0.0098 -0.9759 -0.2182
vn -0.0140 -0.9999 0.0078
vn -0.0081 -0.9999 0.0139
vn -0.0160 -0.9770 -0.2126
vn -0.0040 -0.5444 -0.8388
vn -0.0071 -0.5466 -0.8374
vn -0.0277 -0.9796 -0.1992
vn -0.0213 -0.9988 0.0440
vn -0.0150 -0.5445 -0.8386
vn -0.0151 -0.5550 -0.8317
vn -0.0267 -0.9833 -0.1800
vn -0.0121 -0.5854 -0.8107
vn -0.0256 -0.9877 -0.1545
vn -0.0267 -0.9959 0.0860
vn -0.0224 -0.9967 0.0776
vn -0.0173 -0.9976 0.0668
vn -0.0112 -0.9991 0.0403
vn -0.0047 -0.9997 0.0222
vn -0.0040 -1.0000 0.0089
vn -0.0021 -1.0000 0.0018
vn -0.0066 -1.0000 0.0001
vn -0.0063 -1.0000 -0.0025
vn -0.0061 -1.0000 -0.0037
vn -0.0042 -1.0000 -0.0052
vn 0.0043 -1.0000 -0.0082
vn 0.0074 -0.9999 -0.0099
vn 0.0024 -0.9999 -0.0107
vn 0.0010 -0.9999 -0.0111
vn -0.0134 -0.9999 -0.0087
vn -0.0154 -0.9999 -0.0076
vn -0.0124 -0.9999 -0.0068
vn -0.0167 -0.9998 -0.0081
vn -0.0129 -0.9999 -0.0073
vn -0.0188 -0.9998 -0.0095
vn -0.0135 -0.9999 -0.0079
vn -0.0212 -0.9997 -0.0098
vn -0.0148 -0.9999 -0.0080
vn -0.0227 -0.9997 -0.0091
vn -0.0157 -0.9998 -0.0086
vn -0.0153 -0.9998 -0.0089
vn 1.0000 -0.0038 0.0020
vn 1.0000 -0.0044 0.0009
vn 0.9999 -0.0105 0.0015
vn 1.0000 -0.0048 -0.0007
vn 0.9999 -0.0143 0.0012
vn 1.0000 -0.0051 -0.0025
vn 0.9995 -0.0301 0.0088
vn 0.8114 0.0025 0.5844
vn 0.8042 -0.0453 0.5926
vn 0.1619 0.0053 0.9868
vn 0.1590 -0.0159 0.9872
vn -0.0013 0.0010 1.0000
vn 0.9835 -0.1810 0.0032
vn -0.0004 0.0190 0.9998
vn -0.0006 -0.0118 0.9999
vn 0.0060 -0.0097 0.9999
vn 0.0064 -0.0150 0.9999
vn 0.0004 -0.0013 1.0000
vn 0.0005 -0.0007 1.0000
vn -0.0180 -0.0261 0.9995
vn 0.0653 0.0353 0.9972
vn 0.1798 0.0458 0.9826
vn 0.0049 0.0072 1.0000
vn 0.6627 0.0619 0.7463
vn 0.2995 -0.0117 0.9540
vn 0.6870 -0.0606 0.7241
vt 0.186594 0.348958
vt 0.183033 0.344591
vt 0.199652 0.341862
vt 0.202436 0.345438
vt 0.169644 0.352095
vt 0.166290 0.347787
vt 0.509345 0.637346
vt 0.500901 0.636410
vt 0.511582 0.624234
vt 0.516011 0.629245
vt 0.515131 0.642972
vt 0.508859 0.647595
vt 0.521467 0.636341
vt 0.519270 0.626822
vt 0.524693 0.630600
vt 0.491225 0.637046
vt 0.503540 0.651215
vt 0.498102 0.619209
vt 0.470061 0.628306
vt 0.480278 0.613741
vt 0.985992 0.369234
vt 0.974539 0.378901
vt 0.966015 0.374351
vt 0.973179 0.361413
vt 0.572788 0.657947
vt 0.565697 0.656014
vt 0.567883 0.649802
vt 0.575919 0.653506
vt 0.581928 0.658433
vt 0.575202 0.662725
vt 0.564067 0.661726
vt 0.316201 0.726262
vt 0.323559 0.728993
vt 0.316095 0.735101
vt 0.309607 0.729924
vt 0.303557 0.725533
vt 0.308393 0.717718
vt 0.972001 0.399590
vt 0.960074 0.397655
vt 0.967883 0.388323
vt 0.976248 0.391839
vt 0.968763 0.407607
vt 0.959004 0.407144
vt 0.539494 0.659964
vt 0.525864 0.655356
vt 0.527998 0.648495
vt 0.538206 0.652360
vt 0.953585 0.391081
vt 0.945231 0.390037
vt 0.949085 0.380001
vt 0.959800 0.383936
vt 0.945299 0.397313
vt 0.587618 0.663426
vt 0.587018 0.644130
vt 0.593510 0.645201
vt 0.599229 0.646391
vt 0.595915 0.663898
vt 0.575454 0.666663
vt 0.968616 0.424704
vt 0.954149 0.424979
vt 0.955368 0.419955
vt 0.964174 0.419756
vt 0.598455 0.679187
vt 0.595120 0.679576
vt 0.813399 0.237333
vt 0.816083 0.237593
vt 0.814614 0.240814
vt 0.811518 0.239564
vt 0.854497 0.062504
vt 0.853573 0.065215
vt 0.850700 0.064276
vt 0.852355 0.061124
vt 0.857416 0.062804
vt 0.856764 0.066257
vt 0.358935 0.745994
vt 0.366917 0.736101
vt 0.368508 0.737325
vt 0.360602 0.747981
vt 0.352832 0.742751
vt 0.362676 0.734226
vt 0.380153 0.727039
vt 0.373953 0.727096
vt 0.383132 0.720056
vt 0.383192 0.725455
vt 0.348199 0.758545
vt 0.343067 0.754813
vt 0.351307 0.760811
vt 0.387220 0.729450
vt 0.374366 0.739767
vt 0.364254 0.750409
vt 0.091281 0.375120
vt 0.106596 0.371637
vt 0.108280 0.376879
vt 0.092126 0.380345
vt 0.091330 0.368298
vt 0.104515 0.366882
vt 0.782159 0.341833
vt 0.779482 0.349846
vt 0.774933 0.348498
vt 0.778500 0.339699
vt 0.787609 0.342441
vt 0.784539 0.351233
vt 0.787219 0.326951
vt 0.792272 0.328367
vt 0.129945 0.313521
vt 0.141694 0.310803
vt 0.145571 0.318655
vt 0.132501 0.322226
vt 0.120751 0.327430
vt 0.117387 0.318021
vt 0.956513 0.096830
vt 0.965038 0.101179
vt 0.963621 0.105426
vt 0.954654 0.102111
vt 0.799157 0.392573
vt 0.801594 0.389321
vt 0.814874 0.393828
vt 0.813959 0.397100
vt 0.791317 0.389350
vt 0.792569 0.386102
vt 0.798905 0.396362
vt 0.790025 0.392905
vt 0.812958 0.400457
vt 0.202820 0.189567
vt 0.203941 0.192182
vt 0.199135 0.192769
vt 0.198742 0.189465
vt 0.199849 0.186041
vt 0.204777 0.187533
vt 0.207245 0.190514
vt 0.765610 0.381709
vt 0.763427 0.384434
vt 0.761386 0.381184
vt 0.764777 0.380176
vt 0.769232 0.380933
vt 0.769236 0.383657
vt 0.942900 0.135188
vt 0.930501 0.134236
vt 0.932819 0.122051
vt 0.946679 0.127615
vt 0.955211 0.131340
vt 0.948893 0.142116
vt 0.940293 0.142558
vt 0.937664 0.152792
vt 0.924521 0.146967
vt 0.944564 0.156045
vt 0.189665 0.353152
vt 0.172440 0.355710
vt 0.205593 0.349204
vt 0.235312 0.292511
vt 0.238475 0.294054
vt 0.235174 0.295619
vt 0.228833 0.293697
vt 0.240715 0.292663
vt 0.244208 0.295227
vt 0.233979 0.291622
vt 0.238291 0.286687
vt 0.236425 0.289587
vt 0.232698 0.284141
vt 0.236643 0.282368
vt 0.242471 0.287011
vt 0.241371 0.290796
vt 0.241886 0.280962
vt 0.751106 0.414822
vt 0.754149 0.417759
vt 0.750281 0.426755
vt 0.746777 0.420917
vt 0.751957 0.405139
vt 0.754647 0.405733
vt 0.982896 0.159001
vt 0.979258 0.157703
vt 0.984354 0.142782
vt 0.988245 0.143341
vt 0.248451 0.293073
vt 0.252768 0.297192
vt 0.242458 0.300502
vt 0.240551 0.296034
vt 0.238050 0.297043
vt 0.239841 0.302180
vt 0.219055 0.295136
vt 0.214948 0.287368
vt 0.222250 0.286220
vt 0.234336 0.302185
vt 0.228771 0.302820
vt 0.221306 0.303325
vt 0.251586 0.333333
vt 0.254688 0.333942
vt 0.251347 0.336625
vt 0.247876 0.334562
vt 0.250739 0.330565
vt 0.254438 0.330506
vt 0.246270 0.331589
vt 0.739015 0.442605
vt 0.743886 0.444336
vt 0.738160 0.460739
vt 0.734099 0.459583
vt 0.975523 0.180503
vt 0.970974 0.196967
vt 0.968411 0.196551
vt 0.971713 0.187157
vt 0.968710 0.184706
vt 0.972904 0.174202
vt 0.964823 0.182946
vt 0.969627 0.170501
vt 0.975501 0.155429
vt 0.966101 0.167822
vt 0.971917 0.153190
vt 0.977011 0.139897
vt 0.980709 0.141341
vt 0.980668 0.130229
vt 0.984408 0.131422
vt 0.988019 0.132586
vt 0.987136 0.124321
vt 0.990666 0.125696
vt 0.994052 0.127037
vt 0.991510 0.133720
vt 0.755523 0.395624
vt 0.757905 0.388895
vt 0.760463 0.391730
vt 0.758119 0.397365
vt 0.764133 0.394787
vt 0.761852 0.400281
vt 0.758482 0.407717
vt 0.765744 0.403149
vt 0.762539 0.410119
vt 0.758138 0.419512
vt 0.753767 0.430364
vt 0.766709 0.412441
vt 0.762576 0.421696
vt 0.757781 0.432979
vt 0.751909 0.448593
vt 0.747875 0.446233
vt 0.767581 0.424099
vt 0.762677 0.435893
vt 0.756661 0.450902
vt 0.750660 0.466506
vt 0.746137 0.464212
vt 0.770284 0.440129
vt 0.764462 0.455156
vt 0.758433 0.470276
vt 0.752078 0.485494
vt 0.744482 0.481602
vt 0.775340 0.460529
vt 0.769250 0.476076
vt 0.762873 0.491022
vt 0.756096 0.506082
vt 0.745362 0.500694
vt 0.784190 0.482336
vt 0.778400 0.498188
vt 0.771858 0.514058
vt 0.765484 0.529188
vt 0.749712 0.521389
vt 0.794976 0.504635
vt 0.788465 0.520592
vt 0.782228 0.536860
vt 0.775210 0.552339
vt 0.759090 0.544679
vt 0.805274 0.526370
vt 0.798927 0.542681
vt 0.792398 0.558855
vt 0.785563 0.574964
vt 0.769318 0.568358
vt 0.815239 0.548140
vt 0.808720 0.564408
vt 0.802073 0.580646
vt 0.795521 0.596548
vt 0.778867 0.591070
vt 0.824902 0.569897
vt 0.818233 0.586074
vt 0.811585 0.602385
vt 0.804936 0.617824
vt 0.788895 0.612510
vt 0.833974 0.591671
vt 0.827212 0.607933
vt 0.820634 0.624057
vt 0.814510 0.639346
vt 0.798536 0.633877
vt 0.842712 0.613402
vt 0.835954 0.629553
vt 0.829434 0.645614
vt 0.823545 0.660838
vt 0.807770 0.655234
vt 0.851170 0.635084
vt 0.844507 0.651173
vt 0.838153 0.667174
vt 0.832532 0.682319
vt 0.816792 0.676797
vt 0.859510 0.656766
vt 0.853111 0.672859
vt 0.846919 0.688629
vt 0.841016 0.703879
vt 0.826063 0.697827
vt 0.867837 0.678415
vt 0.861683 0.694147
vt 0.855839 0.709435
vt 0.407078 0.780578
vt 0.393716 0.771404
vt 0.403288 0.758713
vt 0.416498 0.767661
vt 0.876171 0.699667
vt 0.870090 0.715070
vt 0.397550 0.793651
vt 0.384437 0.784253
vt 0.374729 0.777471
vt 0.383932 0.764544
vt 0.367154 0.772000
vt 0.361975 0.768362
vt 0.371408 0.755536
vt 0.376657 0.759447
vt 0.381794 0.744191
vt 0.386484 0.747288
vt 0.393655 0.752104
vt 0.110529 0.418996
vt 0.106127 0.418129
vt 0.112503 0.403210
vt 0.118076 0.406071
vt 0.125627 0.410500
vt 0.116761 0.421184
vt 0.128861 0.396001
vt 0.137249 0.402611
vt 0.151155 0.412662
vt 0.136678 0.419817
vt 0.125621 0.428655
vt 0.152224 0.396594
vt 0.166580 0.404990
vt 0.183895 0.412999
vt 0.167644 0.420566
vt 0.814657 0.691373
vt 0.183886 0.398094
vt 0.200101 0.405933
vt 0.218290 0.413735
vt 0.201761 0.419985
vt 0.805030 0.670172
vt 0.218403 0.399794
vt 0.234924 0.408647
vt 0.252951 0.417830
vt 0.232513 0.428402
vt 0.795278 0.648822
vt 0.254843 0.401375
vt 0.274605 0.404371
vt 0.289873 0.406061
vt 0.275844 0.424785
vt 0.785111 0.627395
vt 0.283695 0.389351
vt 0.295067 0.387717
vt 0.307409 0.382721
vt 0.300643 0.404500
vt 0.774684 0.606021
vt 0.305227 0.364712
vt 0.314459 0.371832
vt 0.761974 0.583787
vt 0.745216 0.575014
vt 0.752402 0.559976
vt 0.731497 0.568362
vt 0.737828 0.552791
vt 0.743774 0.537030
vt 0.726769 0.547597
vt 0.732157 0.531645
vt 0.738264 0.515906
vt 0.723939 0.528045
vt 0.731000 0.512699
vt 0.737759 0.497078
vt 0.726593 0.510866
vt 0.733325 0.495183
vt 0.739919 0.479308
vt 0.729511 0.493532
vt 0.736118 0.477525
vt 0.742082 0.462278
vt 0.732411 0.475731
vt 0.725820 0.491898
vt 0.722361 0.490153
vt 0.728763 0.474269
vt 0.966051 0.211012
vt 0.960598 0.226612
vt 0.957819 0.225991
vt 0.963193 0.210293
vt 0.954043 0.224876
vt 0.959326 0.209284
vt 0.964455 0.195271
vt 0.955507 0.208271
vt 0.960523 0.194119
vt 0.951657 0.207247
vt 0.956617 0.192909
vt 0.961012 0.180876
vt 0.951993 0.191458
vt 0.956694 0.178623
vt 0.961992 0.165318
vt 0.951396 0.176049
vt 0.956824 0.162300
vt 0.962730 0.147953
vt 0.967942 0.150769
vt 0.967759 0.136315
vt 0.973069 0.138327
vt 0.971319 0.127216
vt 0.976595 0.128884
vt 0.973565 0.120360
vt 0.978862 0.121927
vt 0.983298 0.123290
vt 0.980503 0.116659
vt 0.985224 0.118046
vt 0.989020 0.119317
vt 0.986781 0.113433
vt 0.990711 0.114630
vt 0.755694 0.377797
vt 0.760993 0.375306
vt 0.760888 0.378594
vt 0.757256 0.381707
vt 0.754996 0.385163
vt 0.752498 0.381886
vt 0.760176 0.385305
vt 0.762611 0.387527
vt 0.767651 0.387087
vt 0.766296 0.390556
vt 0.771413 0.389125
vt 0.770074 0.392829
vt 0.768258 0.397891
vt 0.774342 0.395171
vt 0.772503 0.400007
vt 0.770057 0.405851
vt 0.777414 0.401903
vt 0.774877 0.407727
vt 0.771852 0.415053
vt 0.783030 0.410501
vt 0.780023 0.417809
vt 0.775940 0.427776
vt 0.790802 0.420917
vt 0.786771 0.431141
vt 0.781576 0.445697
vt 0.801635 0.435792
vt 0.796450 0.450664
vt 0.790715 0.466835
vt 0.812952 0.455863
vt 0.807140 0.472049
vt 0.801119 0.488293
vt 0.823880 0.477475
vt 0.817781 0.493809
vt 0.811661 0.510149
vt 0.834409 0.499191
vt 0.828147 0.515585
vt 0.821826 0.531946
vt 0.844546 0.520845
vt 0.837996 0.537222
vt 0.831557 0.553568
vt 0.853982 0.542546
vt 0.847300 0.558969
vt 0.840780 0.575357
vt 0.862916 0.564301
vt 0.856144 0.580729
vt 0.849481 0.597127
vt 0.871379 0.586117
vt 0.864589 0.602437
vt 0.857864 0.618895
vt 0.879542 0.607906
vt 0.872723 0.624211
vt 0.866137 0.640638
vt 0.887417 0.629662
vt 0.880807 0.645974
vt 0.874309 0.662318
vt 0.895343 0.651382
vt 0.888833 0.667566
vt 0.882568 0.683828
vt 0.358446 0.765709
vt 0.354751 0.763145
vt 0.367945 0.752868
vt 0.378205 0.741781
vt 0.391120 0.732245
vt 0.395515 0.734982
vt 0.406753 0.723264
vt 0.408791 0.725916
vt 0.109875 0.401716
vt 0.114697 0.386632
vt 0.121399 0.390858
vt 0.102327 0.416032
vt 0.132100 0.379343
vt 0.136352 0.383385
vt 0.143634 0.389323
vt 0.152396 0.377226
vt 0.159254 0.383191
vt 0.168415 0.390995
vt 0.175243 0.378041
vt 0.184797 0.384623
vt 0.200840 0.391584
vt 0.203647 0.378774
vt 0.220326 0.385635
vt 0.238719 0.394737
vt 0.237971 0.379665
vt 0.258719 0.386328
vt 0.272646 0.390974
vt 0.271726 0.375446
vt 0.283872 0.371389
vt 0.295028 0.366958
vt 0.292431 0.354385
vt 0.306207 0.346951
vt 0.320260 0.342150
vt 0.310319 0.335627
vt 0.323017 0.329405
vt 0.335358 0.324125
vt 0.335371 0.335213
vt 0.725564 0.583861
vt 0.735024 0.588601
vt 0.325298 0.318846
vt 0.337899 0.310649
vt 0.721321 0.563620
vt 0.713157 0.560008
vt 0.718041 0.543766
vt 0.707749 0.557721
vt 0.713359 0.541902
vt 0.719709 0.526311
vt 0.709566 0.540453
vt 0.716126 0.524937
vt 0.722850 0.509350
vt 0.712572 0.523548
vt 0.719172 0.507864
vt 0.709291 0.522274
vt 0.715735 0.506458
vt 0.955004 0.242230
vt 0.950466 0.257048
vt 0.948509 0.255658
vt 0.952339 0.241338
vt 0.945625 0.253865
vt 0.948726 0.240095
vt 0.941907 0.252689
vt 0.945088 0.239134
vt 0.950302 0.223747
vt 0.941472 0.237856
vt 0.946490 0.222611
vt 0.937387 0.236654
vt 0.942491 0.221390
vt 0.947330 0.206041
vt 0.936710 0.219614
vt 0.941418 0.204249
vt 0.946249 0.189555
vt 0.934971 0.202260
vt 0.940073 0.187409
vt 0.945446 0.173375
vt 0.933408 0.185099
vt 0.939211 0.170610
vt 0.951152 0.158998
vt 0.957051 0.144802
vt 0.961786 0.134319
vt 0.958552 0.122962
vt 0.965328 0.125315
vt 0.960869 0.115775
vt 0.967559 0.118390
vt 0.962361 0.110209
vt 0.969022 0.113077
vt 0.975158 0.115158
vt 0.970349 0.108196
vt 0.976500 0.110386
vt 0.981995 0.112052
vt 0.977921 0.106031
vt 0.983462 0.107791
vt 0.988236 0.109306
vt 0.766818 0.371529
vt 0.768582 0.366862
vt 0.773051 0.367757
vt 0.771463 0.371822
vt 0.770267 0.375294
vt 0.765850 0.374878
vt 0.761943 0.370891
vt 0.769794 0.378238
vt 0.765195 0.377713
vt 0.775527 0.376373
vt 0.774444 0.379688
vt 0.773481 0.382834
vt 0.779058 0.381221
vt 0.777899 0.384487
vt 0.776803 0.387372
vt 0.772655 0.385522
vt 0.775589 0.391163
vt 0.781886 0.389531
vt 0.780347 0.393304
vt 0.778913 0.397347
vt 0.788575 0.396800
vt 0.787092 0.400610
vt 0.785297 0.404680
vt 0.796872 0.403712
vt 0.795478 0.407881
vt 0.793529 0.413390
vt 0.809411 0.411839
vt 0.807701 0.417234
vt 0.805233 0.424768
vt 0.824296 0.422611
vt 0.821781 0.430373
vt 0.818205 0.441020
vt 0.838696 0.435970
vt 0.835079 0.446405
vt 0.829795 0.461240
vt 0.851959 0.451796
vt 0.846675 0.466413
vt 0.840679 0.482798
vt 0.863498 0.471683
vt 0.857297 0.487906
vt 0.850995 0.504376
vt 0.873874 0.493272
vt 0.867132 0.509738
vt 0.860718 0.526130
vt 0.882994 0.515167
vt 0.876269 0.531595
vt 0.869753 0.547904
vt 0.891612 0.537094
vt 0.884841 0.553438
vt 0.878289 0.569619
vt 0.899608 0.559097
vt 0.893060 0.574964
vt 0.886352 0.591511
vt 0.907302 0.580779
vt 0.900658 0.597113
vt 0.894330 0.613354
vt 0.914900 0.602551
vt 0.908741 0.618552
vt 0.901943 0.635062
vt 0.338418 0.751247
vt 0.333362 0.747765
vt 0.341493 0.738369
vt 0.348711 0.739078
vt 0.352641 0.726437
vt 0.359410 0.731234
vt 0.365751 0.722394
vt 0.369492 0.724763
vt 0.078421 0.363319
vt 0.075570 0.357766
vt 0.087106 0.357255
vt 0.089369 0.362705
vt 0.081438 0.368516
vt 0.100239 0.355764
vt 0.102521 0.361348
vt 0.115307 0.352803
vt 0.118102 0.357677
vt 0.120341 0.362821
vt 0.133198 0.352171
vt 0.136195 0.356818
vt 0.138888 0.361051
vt 0.122956 0.367020
vt 0.141448 0.364784
vt 0.125209 0.371022
vt 0.144768 0.369295
vt 0.128563 0.375622
vt 0.111305 0.382335
vt 0.148291 0.373457
vt 0.159570 0.364171
vt 0.163694 0.368251
vt 0.168009 0.372249
vt 0.179832 0.363816
vt 0.184635 0.368148
vt 0.191843 0.373897
vt 0.201191 0.364241
vt 0.210097 0.367988
vt 0.221134 0.372416
vt 0.227816 0.362707
vt 0.241765 0.368131
vt 0.262109 0.374398
vt 0.255870 0.362111
vt 0.269127 0.362464
vt 0.281187 0.359656
vt 0.276491 0.350948
vt 0.287944 0.345569
vt 0.298650 0.340580
vt 0.292808 0.334370
vt 0.303052 0.329170
vt 0.312854 0.325551
vt 0.304912 0.322922
vt 0.315635 0.316877
vt 0.326453 0.310975
vt 0.317545 0.310332
vt 0.327871 0.305008
vt 0.339432 0.298008
vt 0.337672 0.304202
vt 0.329438 0.298835
vt 0.341222 0.292337
vt 0.353974 0.293084
vt 0.353920 0.295402
vt 0.703644 0.556020
vt 0.342293 0.288279
vt 0.354447 0.291634
vt 0.705913 0.539129
vt 0.703199 0.538158
vt 0.343653 0.280987
vt 0.355805 0.290283
vt 0.945368 0.272902
vt 0.943761 0.270237
vt 0.943659 0.280312
vt 0.940231 0.281194
vt 0.941706 0.266811
vt 0.938774 0.279007
vt 0.939101 0.265052
vt 0.937503 0.277690
vt 0.934416 0.265382
vt 0.937220 0.252130
vt 0.927529 0.266232
vt 0.932941 0.251217
vt 0.922837 0.263904
vt 0.927027 0.249750
vt 0.931872 0.235016
vt 0.921019 0.247454
vt 0.925614 0.232845
vt 0.930323 0.217626
vt 0.918994 0.230113
vt 0.923213 0.214944
vt 0.927926 0.200067
vt 0.913696 0.211799
vt 0.918712 0.196790
vt 0.924976 0.181938
vt 0.906986 0.192680
vt 0.912787 0.177089
vt 0.918565 0.161687
vt 0.931564 0.167193
vt 0.898823 0.172102
vt 0.903969 0.156225
vt 0.909028 0.140655
vt 0.887880 0.150458
vt 0.893291 0.134531
vt 0.898409 0.119545
vt 0.913759 0.126428
vt 0.901910 0.109694
vt 0.917433 0.115785
vt 0.904687 0.102029
vt 0.920231 0.107800
vt 0.935209 0.113508
vt 0.922461 0.101674
vt 0.937411 0.106961
vt 0.951503 0.112107
vt 0.949356 0.118983
vt 0.939165 0.101818
vt 0.953173 0.106711
vt 0.940918 0.096874
vt 0.924109 0.096673
vt 0.925728 0.091826
vt 0.908673 0.091033
vt 0.910319 0.086303
vt 0.911824 0.082127
vt 0.927163 0.087663
vt 0.942399 0.092809
vt 0.788156 0.310483
vt 0.793354 0.294980
vt 0.797302 0.296185
vt 0.792203 0.311697
vt 0.783165 0.325781
vt 0.802402 0.297658
vt 0.797293 0.313156
vt 0.807464 0.298977
vt 0.802549 0.314408
vt 0.797222 0.329594
vt 0.808399 0.315790
vt 0.802980 0.330814
vt 0.798109 0.344750
vt 0.792466 0.343577
vt 0.795447 0.354072
vt 0.789609 0.352699
vt 0.793493 0.361027
vt 0.787800 0.359349
vt 0.782329 0.358031
vt 0.785734 0.364862
vt 0.780451 0.363691
vt 0.775180 0.362737
vt 0.777399 0.356707
vt 0.770571 0.361435
vt 0.773028 0.355624
vt 0.971892 0.103804
vt 0.778570 0.368581
vt 0.784108 0.369734
vt 0.782256 0.373896
vt 0.777036 0.372640
vt 0.780521 0.377792
vt 0.787968 0.376081
vt 0.786307 0.379891
vt 0.784733 0.383359
vt 0.793922 0.382521
vt 0.783267 0.386578
vt 0.795336 0.378800
vt 0.804663 0.382126
vt 0.803193 0.385836
vt 0.817627 0.386362
vt 0.816342 0.390186
vt 0.834483 0.392081
vt 0.833197 0.395801
vt 0.831897 0.399513
vt 0.830811 0.402795
vt 0.850850 0.401161
vt 0.849567 0.404885
vt 0.848336 0.408384
vt 0.847356 0.411211
vt 0.829862 0.405731
vt 0.866671 0.410175
vt 0.865417 0.413785
vt 0.864462 0.416500
vt 0.863084 0.420352
vt 0.845993 0.415146
vt 0.882444 0.419295
vt 0.881534 0.422028
vt 0.880183 0.425969
vt 0.878856 0.429829
vt 0.861736 0.424143
vt 0.898726 0.427711
vt 0.897304 0.431747
vt 0.895818 0.435783
vt 0.894240 0.440028
vt 0.877428 0.433945
vt 0.914227 0.437066
vt 0.912782 0.441101
vt 0.911207 0.445216
vt 0.909257 0.449615
vt 0.892443 0.444896
vt 0.929050 0.446104
vt 0.927571 0.450243
vt 0.925514 0.454858
vt 0.921858 0.462332
vt 0.906529 0.457124
vt 0.940470 0.455824
vt 0.939360 0.460305
vt 0.936348 0.467639
vt 0.932013 0.478509
vt 0.917588 0.473026
vt 0.951270 0.469301
vt 0.948606 0.475456
vt 0.945266 0.484598
vt 0.939424 0.499555
vt 0.926096 0.493318
vt 0.959675 0.482354
vt 0.957098 0.491372
vt 0.952239 0.505155
vt 0.946863 0.521040
vt 0.933421 0.515272
vt 0.939824 0.537254
vt 0.933810 0.553982
vt 0.920254 0.548176
vt 0.926726 0.531654
vt 0.906498 0.542607
vt 0.912789 0.526089
vt 0.919831 0.509751
vt 0.898490 0.520727
vt 0.905040 0.504239
vt 0.911956 0.487744
vt 0.889883 0.498733
vt 0.896253 0.482240
vt 0.902392 0.467460
vt 0.880274 0.477014
vt 0.885879 0.461988
vt 0.889717 0.452171
vt 0.869028 0.456858
vt 0.872687 0.446894
vt 0.875552 0.439160
vt 0.855624 0.441398
vt 0.858478 0.433358
vt 0.860321 0.428104
vt 0.841425 0.428186
vt 0.843212 0.423066
vt 0.844663 0.418953
vt 0.826115 0.417182
vt 0.827341 0.413344
vt 0.828580 0.409615
vt 0.810669 0.407931
vt 0.811781 0.404267
vt 0.798030 0.399968
vt 0.914096 0.564510
vt 0.927692 0.570122
vt 0.921260 0.586468
vt 0.327988 0.743567
vt 0.322046 0.739369
vt 0.328838 0.731906
vt 0.335814 0.735224
vt 0.341227 0.722897
vt 0.346385 0.725769
vt 0.356794 0.717238
vt 0.358733 0.719959
vt 0.062300 0.361124
vt 0.071941 0.351699
vt 0.065186 0.363960
vt 0.068159 0.344712
vt 0.080998 0.343462
vt 0.084404 0.350858
vt 0.095018 0.341955
vt 0.097960 0.349535
vt 0.109344 0.339852
vt 0.112895 0.347128
vt 0.123989 0.334760
vt 0.127379 0.341292
vt 0.130188 0.347245
vt 0.139502 0.336152
vt 0.143376 0.341965
vt 0.146924 0.347142
vt 0.158573 0.338009
vt 0.162543 0.343096
vt 0.150523 0.351986
vt 0.153702 0.356310
vt 0.156349 0.359945
vt 0.175788 0.360067
vt 0.193246 0.356746
vt 0.197148 0.360568
vt 0.209368 0.352926
vt 0.213886 0.355699
vt 0.218987 0.358902
vt 0.229588 0.351348
vt 0.236766 0.354151
vt 0.245563 0.358454
vt 0.246607 0.349739
vt 0.256640 0.352493
vt 0.265949 0.355325
vt 0.263509 0.348170
vt 0.272325 0.345165
vt 0.282027 0.340922
vt 0.275025 0.339464
vt 0.284860 0.333735
vt 0.295170 0.327569
vt 0.286924 0.327158
vt 0.296589 0.321590
vt 0.306651 0.316412
vt 0.298065 0.315492
vt 0.308096 0.310412
vt 0.318548 0.305030
vt 0.309766 0.305009
vt 0.319460 0.300236
vt 0.330592 0.293690
vt 0.321941 0.293319
vt 0.332314 0.287893
vt 0.323419 0.286917
vt 0.333596 0.282044
vt 0.344133 0.276634
vt 0.324824 0.280696
vt 0.335138 0.276445
vt 0.345514 0.271578
vt 0.326580 0.274024
vt 0.336935 0.270228
vt 0.347183 0.265862
vt 0.327315 0.267485
vt 0.337733 0.264102
vt 0.348623 0.259141
vt 0.338913 0.256989
vt 0.350244 0.249895
vt 0.360876 0.246002
vt 0.363430 0.251186
vt 0.936064 0.277978
vt 0.340966 0.246395
vt 0.352076 0.240469
vt 0.363177 0.236151
vt 0.352744 0.231568
vt 0.362988 0.229598
vt 0.916988 0.261649
vt 0.910896 0.259024
vt 0.914162 0.244506
vt 0.903414 0.255253
vt 0.905366 0.240542
vt 0.910113 0.226681
vt 0.889962 0.239093
vt 0.895857 0.223741
vt 0.901227 0.208162
vt 0.881258 0.219160
vt 0.887216 0.203641
vt 0.893136 0.188004
vt 0.871197 0.198399
vt 0.876794 0.182474
vt 0.882363 0.166509
vt 0.860915 0.177209
vt 0.866458 0.160983
vt 0.871932 0.144779
vt 0.854105 0.156657
vt 0.859669 0.140310
vt 0.865286 0.124026
vt 0.877494 0.128644
vt 0.870382 0.108915
vt 0.882903 0.113317
vt 0.873893 0.099528
vt 0.886357 0.104001
vt 0.876867 0.092134
vt 0.889289 0.096505
vt 0.879412 0.086225
vt 0.891549 0.090348
vt 0.906950 0.095823
vt 0.893331 0.085602
vt 0.881352 0.081354
vt 0.883165 0.076670
vt 0.895061 0.080921
vt 0.884601 0.072537
vt 0.896614 0.076802
vt 0.798310 0.279507
vt 0.802324 0.267232
vt 0.806116 0.268326
vt 0.802232 0.280837
vt 0.810900 0.269700
vt 0.807161 0.282384
vt 0.815525 0.271041
vt 0.811992 0.283698
vt 0.821097 0.272680
vt 0.817626 0.285053
vt 0.813378 0.300357
vt 0.825680 0.286794
vt 0.821196 0.301913
vt 0.816040 0.317334
vt 0.830499 0.303791
vt 0.825568 0.319443
vt 0.820802 0.334966
vt 0.810544 0.332463
vt 0.816090 0.349529
vt 0.805459 0.346485
vt 0.812200 0.359969
vt 0.802638 0.356314
vt 0.809737 0.366786
vt 0.800396 0.363329
vt 0.807659 0.372797
vt 0.798539 0.369442
vt 0.791746 0.366613
vt 0.796930 0.374550
vt 0.789750 0.371727
vt 0.806006 0.378139
vt 0.821277 0.377355
vt 0.819240 0.382406
vt 0.837899 0.382663
vt 0.835988 0.387890
vt 0.855301 0.388105
vt 0.853565 0.393198
vt 0.852132 0.397417
vt 0.870715 0.398319
vt 0.869266 0.402604
vt 0.867977 0.406418
vt 0.886232 0.408094
vt 0.884973 0.411891
vt 0.883699 0.415643
vt 0.902265 0.417425
vt 0.901018 0.421217
vt 0.899712 0.424955
vt 0.917990 0.426590
vt 0.916706 0.430410
vt 0.915698 0.433140
vt 0.933615 0.435536
vt 0.932618 0.438554
vt 0.930916 0.441998
vt 0.945371 0.448148
vt 0.944157 0.450329
vt 0.942557 0.452785
vt 0.956809 0.459726
vt 0.955075 0.462654
vt 0.953427 0.465631
vt 0.965541 0.471542
vt 0.964469 0.473644
vt 0.962305 0.476833
vt 0.968952 0.467391
vt 0.967577 0.469098
vt 0.958566 0.457395
vt 0.613340 0.647248
vt 0.611104 0.666810
vt 0.606936 0.666241
vt 0.609632 0.646746
vt 0.611891 0.684330
vt 0.608593 0.684617
vt 0.601843 0.681387
vt 0.601872 0.664834
vt 0.604975 0.647005
vt 0.295693 0.720288
vt 0.285343 0.713243
vt 0.291593 0.702453
vt 0.301219 0.710770
vt 0.298631 0.689121
vt 0.308273 0.696914
vt 0.316076 0.704081
vt 0.046199 0.332136
vt 0.048277 0.335817
vt 0.029881 0.345819
vt 0.030556 0.340343
vt 0.316340 0.682470
vt 0.324378 0.688590
vt 0.057168 0.318782
vt 0.062027 0.328959
vt 0.064893 0.337501
vt 0.050230 0.339995
vt 0.070275 0.314884
vt 0.074868 0.326594
vt 0.077978 0.335672
vt 0.088788 0.324475
vt 0.092035 0.333825
vt 0.103567 0.322450
vt 0.106905 0.332192
vt 0.084037 0.311674
vt 0.099529 0.309362
vt 0.115445 0.307991
vt 0.079856 0.298576
vt 0.095449 0.296508
vt 0.111296 0.297480
vt 0.090442 0.281086
vt 0.106496 0.280949
vt 0.123054 0.279832
vt 0.128917 0.294698
vt 0.133312 0.305030
vt 0.142309 0.276139
vt 0.148504 0.289486
vt 0.152018 0.298515
vt 0.156677 0.304626
vt 0.143119 0.307487
vt 0.167987 0.284099
vt 0.171695 0.293993
vt 0.175256 0.302420
vt 0.179534 0.310672
vt 0.160605 0.311443
vt 0.190667 0.290600
vt 0.194267 0.299332
vt 0.197461 0.307740
vt 0.200457 0.314283
vt 0.183169 0.317019
vt 0.209057 0.296761
vt 0.211886 0.305179
vt 0.213990 0.311861
vt 0.216279 0.318075
vt 0.203658 0.320266
vt 0.223702 0.310968
vt 0.225345 0.316813
vt 0.227680 0.322039
vt 0.218697 0.323378
vt 0.230654 0.310207
vt 0.232649 0.315993
vt 0.234554 0.321073
vt 0.236840 0.325348
vt 0.230004 0.326558
vt 0.238468 0.315188
vt 0.240513 0.320257
vt 0.242392 0.324412
vt 0.244294 0.328169
vt 0.238696 0.329104
vt 0.246146 0.319460
vt 0.247827 0.323728
vt 0.249403 0.327361
vt 0.251924 0.323101
vt 0.253355 0.326932
vt 0.256842 0.322279
vt 0.257790 0.326521
vt 0.258637 0.330635
vt 0.262547 0.325656
vt 0.262755 0.330350
vt 0.261252 0.334718
vt 0.257392 0.335521
vt 0.258864 0.338693
vt 0.254320 0.338164
vt 0.255377 0.341635
vt 0.250091 0.340181
vt 0.245909 0.338381
vt 0.242877 0.335724
vt 0.243453 0.342352
vt 0.239666 0.339819
vt 0.236802 0.337488
vt 0.234568 0.334316
vt 0.240672 0.332841
vt 0.231827 0.342407
vt 0.229101 0.339364
vt 0.226486 0.336508
vt 0.217725 0.342094
vt 0.215042 0.338646
vt 0.212106 0.334264
vt 0.223716 0.332143
vt 0.232051 0.330563
vt 0.221029 0.328036
vt 0.209323 0.330003
vt 0.206565 0.325405
vt 0.193323 0.333034
vt 0.190226 0.328567
vt 0.186826 0.323182
vt 0.172296 0.330742
vt 0.168292 0.324684
vt 0.164199 0.318277
vt 0.150449 0.325865
vt 0.154754 0.332351
vt 0.135714 0.329593
vt 0.175829 0.335658
vt 0.179447 0.340178
vt 0.196311 0.337281
vt 0.221061 0.345495
vt 0.236033 0.345054
vt 0.225244 0.348502
vt 0.240266 0.347375
vt 0.248624 0.344241
vt 0.254687 0.346509
vt 0.259060 0.342952
vt 0.266371 0.344317
vt 0.262446 0.339883
vt 0.270298 0.336884
vt 0.277980 0.333111
vt 0.271824 0.331364
vt 0.279251 0.326939
vt 0.288018 0.321631
vt 0.280573 0.321671
vt 0.290070 0.315416
vt 0.299519 0.310627
vt 0.291588 0.308408
vt 0.301193 0.303989
vt 0.311665 0.298560
vt 0.303085 0.297124
vt 0.314091 0.290560
vt 0.305027 0.290029
vt 0.315017 0.284262
vt 0.306799 0.281530
vt 0.317321 0.276293
vt 0.306601 0.274909
vt 0.317760 0.268738
vt 0.307220 0.267794
vt 0.318021 0.261862
vt 0.329455 0.258211
vt 0.319099 0.255374
vt 0.330852 0.249528
vt 0.319003 0.248959
vt 0.331406 0.241064
vt 0.342876 0.235271
vt 0.331273 0.230676
vt 0.342299 0.223351
vt 0.352794 0.219790
vt 0.342822 0.209674
vt 0.354820 0.201332
vt 0.367206 0.192827
vt 0.362959 0.219042
vt 0.354366 0.184663
vt 0.366493 0.174324
vt 0.376805 0.167120
vt 0.378416 0.183379
vt 0.894346 0.253855
vt 0.365755 0.152789
vt 0.378885 0.146852
vt 0.875615 0.234778
vt 0.860382 0.229941
vt 0.865625 0.214276
vt 0.844754 0.224995
vt 0.849928 0.209233
vt 0.855389 0.193352
vt 0.837150 0.205072
vt 0.842684 0.189048
vt 0.848342 0.172899
vt 0.833592 0.186066
vt 0.839555 0.169907
vt 0.845847 0.153718
vt 0.833104 0.167686
vt 0.839539 0.151489
vt 0.845533 0.135213
vt 0.852027 0.137537
vt 0.851574 0.119211
vt 0.857931 0.121378
vt 0.857037 0.104888
vt 0.863174 0.106516
vt 0.860977 0.094258
vt 0.866499 0.096608
vt 0.863404 0.087038
vt 0.869075 0.089333
vt 0.865423 0.080894
vt 0.871242 0.083309
vt 0.866982 0.075552
vt 0.873103 0.078160
vt 0.868260 0.070866
vt 0.874583 0.073419
vt 0.869477 0.067051
vt 0.875732 0.069398
vt 0.805121 0.258120
vt 0.807151 0.251659
vt 0.810457 0.252680
vt 0.808729 0.259147
vt 0.814920 0.254204
vt 0.813371 0.260649
vt 0.819548 0.255850
vt 0.817999 0.262164
vt 0.824760 0.257521
vt 0.823554 0.263865
vt 0.832835 0.259626
vt 0.831248 0.266127
vt 0.828908 0.275029
vt 0.841303 0.268999
vt 0.838658 0.277418
vt 0.835263 0.288759
vt 0.853789 0.280814
vt 0.850086 0.291842
vt 0.845358 0.306982
vt 0.867499 0.296482
vt 0.862308 0.312273
vt 0.856944 0.328673
vt 0.840071 0.323177
vt 0.851241 0.345248
vt 0.834852 0.339310
vt 0.845854 0.360859
vt 0.829626 0.354881
vt 0.842329 0.370709
vt 0.825816 0.365371
vt 0.840008 0.376992
vt 0.823484 0.371650
vt 0.859412 0.376290
vt 0.857267 0.382461
vt 0.876396 0.381658
vt 0.874240 0.387918
vt 0.872350 0.393509
vt 0.891226 0.393149
vt 0.889268 0.398992
vt 0.887597 0.404045
vt 0.906593 0.403942
vt 0.904831 0.409512
vt 0.903523 0.413594
vt 0.921999 0.414330
vt 0.920569 0.418738
vt 0.919323 0.422780
vt 0.938053 0.423127
vt 0.936561 0.427213
vt 0.935207 0.431308
vt 0.952789 0.429029
vt 0.951914 0.432174
vt 0.608423 0.699495
vt 0.611262 0.700653
vt 0.940283 0.418683
vt 0.923807 0.408577
vt 0.942042 0.412647
vt 0.956844 0.413934
vt 0.944130 0.406143
vt 0.965063 0.414145
vt 0.925742 0.402016
vt 0.928300 0.394081
vt 0.908677 0.397624
vt 0.910902 0.390424
vt 0.913743 0.381616
vt 0.930975 0.386102
vt 0.934800 0.374642
vt 0.918250 0.368794
vt 0.923104 0.354494
vt 0.939200 0.361369
vt 0.896708 0.376960
vt 0.901594 0.362929
vt 0.906841 0.347677
vt 0.912170 0.331564
vt 0.928297 0.338601
vt 0.884948 0.356988
vt 0.890314 0.341085
vt 0.895807 0.324819
vt 0.901067 0.308750
vt 0.917381 0.315217
vt 0.873688 0.334801
vt 0.879231 0.318309
vt 0.884573 0.302413
vt 0.888105 0.291095
vt 0.904858 0.296800
vt 0.871228 0.285512
vt 0.873727 0.277408
vt 0.890641 0.282798
vt 0.856694 0.272812
vt 0.858908 0.266427
vt 0.875807 0.270562
vt 0.843513 0.262525
vt 0.845013 0.258230
vt 0.860478 0.261843
vt 0.834006 0.255268
vt 0.835280 0.251196
vt 0.846475 0.254108
vt 0.825901 0.252852
vt 0.826903 0.248805
vt 0.827878 0.244754
vt 0.836556 0.247078
vt 0.820347 0.251151
vt 0.821131 0.246969
vt 0.821806 0.243065
vt 0.822479 0.239537
vt 0.828862 0.241215
vt 0.816736 0.245540
vt 0.817817 0.241876
vt 0.818859 0.238419
vt 0.849504 0.059920
vt 0.847861 0.063282
vt 0.844282 0.062164
vt 0.845904 0.058706
vt 0.842135 0.066131
vt 0.836437 0.064556
vt 0.838137 0.060450
vt 0.839646 0.056801
vt 0.845980 0.067259
vt 0.843503 0.072196
vt 0.839494 0.071067
vt 0.849177 0.068109
vt 0.847118 0.073076
vt 0.844395 0.079651
vt 0.840626 0.078407
vt 0.852260 0.069066
vt 0.850381 0.074015
vt 0.847818 0.080870
vt 0.844871 0.088702
vt 0.841297 0.087456
vt 0.853587 0.075393
vt 0.851202 0.082124
vt 0.848461 0.089878
vt 0.844592 0.100868
vt 0.840868 0.099586
vt 0.854909 0.083600
vt 0.852462 0.091204
vt 0.848678 0.102188
vt 0.843417 0.116455
vt 0.839372 0.115068
vt 0.856491 0.092631
vt 0.852777 0.103528
vt 0.847462 0.117828
vt 0.841351 0.133705
vt 0.837319 0.132271
vt 0.831314 0.148568
vt 0.827374 0.147166
vt 0.833302 0.130864
vt 0.835337 0.149984
vt 0.829020 0.166273
vt 0.824998 0.164878
vt 0.818993 0.181020
vt 0.814952 0.179591
vt 0.821022 0.163512
vt 0.823036 0.182440
vt 0.817229 0.198524
vt 0.813356 0.197141
vt 0.827129 0.183832
vt 0.821333 0.199936
vt 0.816158 0.216029
vt 0.811754 0.214226
vt 0.828008 0.202102
vt 0.822891 0.218190
vt 0.359059 0.110180
vt 0.344360 0.116949
vt 0.337658 0.111381
vt 0.355407 0.105706
vt 0.831745 0.220878
vt 0.367068 0.116593
vt 0.353531 0.124545
vt 0.339265 0.132904
vt 0.331416 0.125675
vt 0.379941 0.126765
vt 0.361921 0.135744
vt 0.348634 0.146569
vt 0.333927 0.159813
vt 0.326497 0.145596
vt 0.352126 0.165062
vt 0.339393 0.177347
vt 0.324482 0.192891
vt 0.319791 0.173893
vt 0.341114 0.194790
vt 0.328716 0.207220
vt 0.314738 0.220702
vt 0.311472 0.207818
vt 0.330015 0.219279
vt 0.317063 0.230714
vt 0.302283 0.240010
vt 0.300056 0.231003
vt 0.318545 0.239629
vt 0.304537 0.247927
vt 0.288709 0.258251
vt 0.286774 0.250791
vt 0.305259 0.255653
vt 0.290538 0.264336
vt 0.275775 0.273891
vt 0.274104 0.268254
vt 0.306024 0.261703
vt 0.291825 0.269320
vt 0.277510 0.277737
vt 0.265143 0.284273
vt 0.263525 0.281706
vt 0.293551 0.274737
vt 0.279444 0.282875
vt 0.268168 0.289458
vt 0.259071 0.294761
vt 0.255038 0.289613
vt 0.281167 0.288364
vt 0.270756 0.295266
vt 0.262765 0.300455
vt 0.256727 0.303479
vt 0.273122 0.301139
vt 0.266036 0.306311
vt 0.259990 0.309939
vt 0.254054 0.311757
vt 0.251347 0.304784
vt 0.267281 0.312599
vt 0.261122 0.315928
vt 0.255790 0.317421
vt 0.250409 0.318615
vt 0.248399 0.313285
vt 0.262412 0.321075
vt 0.268710 0.317463
vt 0.268250 0.323213
vt 0.275055 0.312857
vt 0.274334 0.319362
vt 0.272819 0.327131
vt 0.266269 0.330310
vt 0.264807 0.335447
vt 0.282245 0.314301
vt 0.282787 0.307002
vt 0.292895 0.301454
vt 0.283019 0.300329
vt 0.294616 0.294007
vt 0.283136 0.293821
vt 0.294963 0.286527
vt 0.295076 0.280018
vt 0.274649 0.307439
vt 0.244197 0.314246
vt 0.242120 0.308426
vt 0.246163 0.307149
vt 0.236407 0.309471
vt 0.248432 0.291516
vt 0.254790 0.287379
vt 0.248167 0.286876
vt 0.253892 0.282661
vt 0.261861 0.277139
vt 0.253170 0.275316
vt 0.260635 0.269783
vt 0.272442 0.261172
vt 0.259280 0.260744
vt 0.270180 0.252897
vt 0.284718 0.242271
vt 0.266236 0.241411
vt 0.280808 0.230706
vt 0.297396 0.218223
vt 0.275045 0.214590
vt 0.290370 0.201357
vt 0.305670 0.188137
vt 0.283690 0.184553
vt 0.298859 0.171263
vt 0.314092 0.158101
vt 0.293324 0.161208
vt 0.306230 0.147936
vt 0.319946 0.136367
vt 0.299601 0.141496
vt 0.311639 0.130586
vt 0.323598 0.119839
vt 0.306168 0.126388
vt 0.318323 0.115685
vt 0.333964 0.108155
vt 0.313891 0.111929
vt 0.331767 0.105590
vt 0.805178 0.227488
vt 0.802757 0.227762
vt 0.807637 0.213140
vt 0.808274 0.228178
vt 0.798611 0.225257
vt 0.803752 0.211897
vt 0.809422 0.195788
vt 0.800152 0.210356
vt 0.805662 0.194507
vt 0.811251 0.178271
vt 0.801962 0.193136
vt 0.807732 0.177022
vt 0.813605 0.160947
vt 0.817374 0.162277
vt 0.819822 0.144463
vt 0.823712 0.145854
vt 0.825971 0.128221
vt 0.829751 0.129580
vt 0.831974 0.112436
vt 0.835703 0.113778
vt 0.837200 0.098165
vt 0.828050 0.110973
vt 0.833339 0.096623
vt 0.837447 0.086106
vt 0.829480 0.095062
vt 0.833476 0.084707
vt 0.836560 0.077084
vt 0.829198 0.083217
vt 0.831832 0.075470
vt 0.834425 0.069343
vt 0.824532 0.072930
vt 0.826895 0.066767
vt 0.828489 0.062254
vt 0.816037 0.063206
vt 0.817505 0.058622
vt 0.819033 0.054302
vt 0.829909 0.057965
vt 0.820563 0.050312
vt 0.831242 0.054074
vt 0.837624 0.243521
vt 0.849093 0.246283
vt 0.847911 0.249905
vt 0.864436 0.249728
vt 0.863314 0.253338
vt 0.861924 0.257584
vt 0.879957 0.256925
vt 0.878687 0.261314
vt 0.877350 0.265699
vt 0.895411 0.266469
vt 0.894190 0.270896
vt 0.892796 0.275834
vt 0.911206 0.276096
vt 0.909562 0.281601
vt 0.907502 0.288485
vt 0.925982 0.287427
vt 0.923906 0.294368
vt 0.921513 0.302205
vt 0.940331 0.300110
vt 0.937810 0.308377
vt 0.933586 0.322102
vt 0.953694 0.314963
vt 0.949310 0.329419
vt 0.944262 0.345839
vt 0.964614 0.337039
vt 0.959561 0.353313
vt 0.954467 0.368062
vt 0.978980 0.344860
vt 0.457164 0.641388
vt 0.436075 0.635178
vt 0.448180 0.621142
vt 0.478030 0.648860
vt 0.969153 0.322438
vt 0.983733 0.330263
vt 0.421129 0.648008
vt 0.408785 0.644542
vt 0.419636 0.629571
vt 0.956555 0.305668
vt 0.972080 0.311753
vt 0.394672 0.658176
vt 0.388076 0.655876
vt 0.398020 0.641615
vt 0.942472 0.293090
vt 0.958404 0.298317
vt 0.374524 0.670280
vt 0.371155 0.669018
vt 0.381336 0.654038
vt 0.927635 0.281847
vt 0.943720 0.287549
vt 0.359402 0.685612
vt 0.355754 0.683780
vt 0.366519 0.668197
vt 0.912598 0.271679
vt 0.928451 0.277224
vt 0.344126 0.700226
vt 0.341349 0.698727
vt 0.351950 0.683491
vt 0.896636 0.262074
vt 0.913210 0.267106
vt 0.329665 0.715516
vt 0.326750 0.714101
vt 0.337981 0.697315
vt 0.881145 0.252957
vt 0.896920 0.257796
vt 0.791488 0.039651
vt 0.789901 0.043523
vt 0.773986 0.037344
vt 0.775489 0.033426
vt 0.806497 0.045186
vt 0.804930 0.049220
vt 0.803344 0.053571
vt 0.788251 0.047725
vt 0.786624 0.052076
vt 0.770739 0.046016
vt 0.772368 0.041627
vt 0.801733 0.058140
vt 0.799935 0.063615
vt 0.784557 0.057801
vt 0.814097 0.068986
vt 0.811385 0.076936
vt 0.797279 0.071666
vt 0.821514 0.080479
vt 0.817606 0.090502
vt 0.807814 0.086862
vt 0.825335 0.093421
vt 0.819648 0.107774
vt 0.812155 0.104882
vt 0.824123 0.109497
vt 0.818065 0.125304
vt 0.813359 0.123546
vt 0.822052 0.126777
vt 0.815857 0.143022
vt 0.811874 0.141588
vt 0.805809 0.158130
vt 0.801151 0.156442
vt 0.807056 0.139850
vt 0.809709 0.159557
vt 0.803904 0.175642
vt 0.799959 0.174251
vt 0.794052 0.190361
vt 0.789474 0.188699
vt 0.795500 0.172676
vt 0.798050 0.191774
vt 0.792138 0.207828
vt 0.788245 0.206202
vt 0.796220 0.209045
vt 0.790249 0.223905
vt 0.786439 0.222501
vt 0.794197 0.223926
vt 0.314129 0.094296
vt 0.304908 0.105335
vt 0.299997 0.102445
vt 0.312328 0.092165
vt 0.795500 0.235964
vt 0.793103 0.236194
vt 0.309243 0.108491
vt 0.296784 0.119594
vt 0.292304 0.116392
vt 0.797637 0.237207
vt 0.301469 0.122987
vt 0.289408 0.134223
vt 0.284514 0.130700
vt 0.294382 0.137676
vt 0.283189 0.149011
vt 0.278187 0.145015
vt 0.288669 0.153635
vt 0.274861 0.165685
vt 0.271488 0.159566
vt 0.279317 0.173279
vt 0.264127 0.186324
vt 0.260654 0.177722
vt 0.268653 0.198010
vt 0.254002 0.209399
vt 0.249643 0.197183
vt 0.260355 0.225507
vt 0.250128 0.232457
vt 0.244045 0.216548
vt 0.255527 0.248907
vt 0.247186 0.254352
vt 0.242356 0.237646
vt 0.251118 0.266967
vt 0.245654 0.270091
vt 0.241536 0.257566
vt 0.248073 0.279107
vt 0.240146 0.272148
vt 0.234147 0.273427
vt 0.229864 0.260603
vt 0.235955 0.259522
vt 0.224952 0.246017
vt 0.230698 0.243915
vt 0.236461 0.241517
vt 0.225990 0.228527
vt 0.231190 0.225474
vt 0.236877 0.221495
vt 0.226555 0.212497
vt 0.232036 0.208718
vt 0.239587 0.203863
vt 0.229108 0.200779
vt 0.236433 0.196031
vt 0.246749 0.188729
vt 0.234166 0.189291
vt 0.244339 0.181736
vt 0.257679 0.170962
vt 0.241551 0.176742
vt 0.253455 0.166364
vt 0.266276 0.155553
vt 0.248995 0.162362
vt 0.261010 0.151786
vt 0.272758 0.141244
vt 0.256467 0.148285
vt 0.267977 0.138081
vt 0.279801 0.127464
vt 0.262978 0.135014
vt 0.274821 0.124508
vt 0.287263 0.113427
vt 0.269423 0.121425
vt 0.281763 0.110455
vt 0.294778 0.099450
vt 0.276128 0.107457
vt 0.288645 0.096808
vt 0.299070 0.086225
vt 0.301892 0.087976
vt 0.784466 0.233805
vt 0.786949 0.234568
vt 0.282634 0.093358
vt 0.295886 0.083195
vt 0.782393 0.221103
vt 0.777634 0.219414
vt 0.783567 0.204535
vt 0.770489 0.216827
vt 0.775820 0.201872
vt 0.781943 0.186036
vt 0.766130 0.197877
vt 0.771911 0.182294
vt 0.777862 0.166365
vt 0.787962 0.169989
vt 0.783889 0.150106
vt 0.793676 0.153692
vt 0.790062 0.133625
vt 0.799573 0.137129
vt 0.796260 0.117223
vt 0.805940 0.120811
vt 0.802415 0.101081
vt 0.782725 0.112059
vt 0.788648 0.095750
vt 0.793754 0.081709
vt 0.772894 0.089844
vt 0.778125 0.075554
vt 0.781796 0.065538
vt 0.762199 0.069295
vt 0.765942 0.059062
vt 0.768687 0.051494
vt 0.749817 0.052693
vt 0.752558 0.045033
vt 0.754510 0.039593
vt 0.736343 0.039033
vt 0.738374 0.033530
vt 0.739919 0.029306
vt 0.756122 0.035195
vt 0.741434 0.025056
vt 0.757672 0.030933
vt 0.742880 0.021076
vt 0.759049 0.027055
vt 0.724794 0.019120
vt 0.726454 0.015134
vt 0.348353 0.683100
vt 0.357272 0.666926
vt 0.362046 0.667101
vt 0.365426 0.651059
vt 0.370402 0.651683
vt 0.375779 0.652679
vt 0.378531 0.636197
vt 0.384518 0.637727
vt 0.390449 0.639300
vt 0.392455 0.622677
vt 0.398864 0.624278
vt 0.406955 0.626428
vt 0.405929 0.608978
vt 0.414780 0.611369
vt 0.428983 0.615327
vt 0.421378 0.596762
vt 0.436004 0.600798
vt 0.457456 0.606944
vt 0.242049 0.682903
vt 0.232625 0.676273
vt 0.241112 0.663771
vt 0.250058 0.670298
vt 0.263304 0.680226
vt 0.255573 0.692469
vt 0.278675 0.691979
vt 0.271486 0.703701
vt 0.271121 0.667087
vt 0.286029 0.678822
vt 0.278951 0.653205
vt 0.293633 0.664564
vt 0.306440 0.674523
vt 0.301750 0.650228
vt 0.313488 0.659632
vt 0.048519 0.297851
vt 0.060299 0.287030
vt 0.066014 0.301735
vt 0.053044 0.306909
vt 0.074774 0.283175
vt 0.055758 0.269625
vt 0.069804 0.264992
vt 0.084131 0.262000
vt 0.063010 0.244887
vt 0.078702 0.241210
vt 0.095144 0.240527
vt 0.100463 0.260943
vt 0.113921 0.240197
vt 0.118850 0.261392
vt 0.133351 0.239936
vt 0.137801 0.259457
vt 0.152573 0.239424
vt 0.158168 0.256638
vt 0.162926 0.272357
vt 0.177192 0.253506
vt 0.181800 0.268281
vt 0.186658 0.280557
vt 0.194843 0.265872
vt 0.199919 0.278463
vt 0.205252 0.288902
vt 0.209654 0.277003
vt 0.204578 0.264201
vt 0.212331 0.262997
vt 0.217052 0.275897
vt 0.218900 0.262142
vt 0.223237 0.274880
vt 0.227773 0.285388
vt 0.229313 0.273881
vt 0.225306 0.261283
vt 0.214236 0.247686
vt 0.220535 0.246694
vt 0.209686 0.232859
vt 0.215895 0.231843
vt 0.220267 0.230919
vt 0.212049 0.219728
vt 0.216130 0.218618
vt 0.221492 0.215983
vt 0.213604 0.210265
vt 0.218195 0.207410
vt 0.223270 0.204370
vt 0.215687 0.201177
vt 0.220555 0.198177
vt 0.226479 0.194402
vt 0.218387 0.193316
vt 0.224439 0.189440
vt 0.232257 0.184070
vt 0.222060 0.184953
vt 0.228910 0.179527
vt 0.238403 0.172185
vt 0.225127 0.175883
vt 0.233369 0.168649
vt 0.244021 0.158874
vt 0.228858 0.165934
vt 0.239300 0.156243
vt 0.251139 0.145306
vt 0.233342 0.153078
vt 0.244966 0.142440
vt 0.257162 0.131936
vt 0.238973 0.139614
vt 0.250955 0.128996
vt 0.263493 0.118470
vt 0.244088 0.125731
vt 0.257033 0.115315
vt 0.269452 0.104209
vt 0.248413 0.111190
vt 0.261158 0.100261
vt 0.273379 0.088841
vt 0.248133 0.094393
vt 0.260088 0.082895
vt 0.269085 0.070113
vt 0.277137 0.072901
vt 0.769024 0.228406
vt 0.772774 0.229823
vt 0.240542 0.074579
vt 0.252609 0.062420
vt 0.760818 0.213304
vt 0.747232 0.208187
vt 0.752557 0.192703
vt 0.731595 0.201931
vt 0.735947 0.186520
vt 0.741972 0.171056
vt 0.758067 0.176982
vt 0.748178 0.154962
vt 0.764014 0.161001
vt 0.754521 0.138785
vt 0.770290 0.144895
vt 0.760747 0.122561
vt 0.776554 0.128504
vt 0.766979 0.106079
vt 0.744691 0.116252
vt 0.750838 0.099906
vt 0.756768 0.083860
vt 0.734703 0.093663
vt 0.740624 0.077612
vt 0.746068 0.063101
vt 0.724566 0.071175
vt 0.729916 0.056654
vt 0.733586 0.046406
vt 0.713863 0.050017
vt 0.717469 0.040048
vt 0.720047 0.032842
vt 0.701541 0.033482
vt 0.704154 0.026111
vt 0.705757 0.021456
vt 0.721813 0.027786
vt 0.707255 0.017265
vt 0.723318 0.023465
vt 0.708823 0.013057
vt 0.690962 0.010973
vt 0.692463 0.006727
vt 0.360398 0.650408
vt 0.367521 0.633728
vt 0.372849 0.634708
vt 0.352777 0.666795
vt 0.374329 0.617976
vt 0.380155 0.619538
vt 0.386197 0.621054
vt 0.386896 0.604011
vt 0.392822 0.605567
vt 0.399183 0.607246
vt 0.399046 0.590535
vt 0.405451 0.592301
vt 0.412138 0.594199
vt 0.221215 0.668181
vt 0.217365 0.665447
vt 0.225707 0.652505
vt 0.229430 0.655167
vt 0.234107 0.658601
vt 0.225574 0.671292
vt 0.238237 0.642271
vt 0.243120 0.645888
vt 0.250104 0.651126
vt 0.258363 0.657402
vt 0.252303 0.632967
vt 0.259163 0.638109
vt 0.267226 0.644268
vt 0.267945 0.624417
vt 0.275932 0.630540
vt 0.287308 0.639118
vt 0.284469 0.616589
vt 0.293781 0.624315
vt 0.050510 0.254156
vt 0.276495 0.610747
vt 0.285439 0.597238
vt 0.290903 0.601820
vt 0.059019 0.232515
vt 0.072343 0.223582
vt 0.070321 0.212085
vt 0.089498 0.213597
vt 0.091493 0.224066
vt 0.109293 0.214820
vt 0.111155 0.225039
vt 0.129167 0.215607
vt 0.130837 0.225619
vt 0.148831 0.215881
vt 0.150446 0.225666
vt 0.167107 0.216105
vt 0.169338 0.225030
vt 0.172046 0.238344
vt 0.182992 0.224033
vt 0.185925 0.236188
vt 0.189992 0.251247
vt 0.196014 0.234684
vt 0.200189 0.249755
vt 0.203408 0.233700
vt 0.207865 0.248617
vt 0.192644 0.222945
vt 0.199662 0.221747
vt 0.205932 0.220701
vt 0.197238 0.213521
vt 0.203476 0.212238
vt 0.209435 0.211071
vt 0.201902 0.205731
vt 0.207459 0.204604
vt 0.211114 0.203672
vt 0.206301 0.199856
vt 0.209399 0.198593
vt 0.213862 0.196174
vt 0.208260 0.194581
vt 0.212016 0.192099
vt 0.216689 0.189027
vt 0.210132 0.188478
vt 0.213562 0.185161
vt 0.219150 0.181033
vt 0.209903 0.181967
vt 0.214685 0.178156
vt 0.220634 0.172946
vt 0.208779 0.175375
vt 0.214367 0.170024
vt 0.222672 0.162747
vt 0.207960 0.167428
vt 0.216041 0.160264
vt 0.227062 0.150288
vt 0.208748 0.157706
vt 0.219976 0.147830
vt 0.232121 0.136575
vt 0.208602 0.143789
vt 0.221645 0.133085
vt 0.235195 0.121786
vt 0.207485 0.128343
vt 0.221521 0.117211
vt 0.235131 0.105374
vt 0.199310 0.109485
vt 0.213315 0.097688
vt 0.227152 0.085795
vt 0.190157 0.089887
vt 0.204240 0.078023
vt 0.218193 0.065851
vt 0.181243 0.069772
vt 0.195943 0.057999
vt 0.209647 0.045580
vt 0.231407 0.053522
vt 0.173743 0.049291
vt 0.188258 0.037493
vt 0.199591 0.025750
vt 0.210372 0.029171
vt 0.717611 0.195235
vt 0.719715 0.180809
vt 0.703525 0.174489
vt 0.709783 0.158588
vt 0.725884 0.164821
vt 0.716094 0.142509
vt 0.732187 0.148758
vt 0.722345 0.126328
vt 0.738473 0.132550
vt 0.728503 0.110037
vt 0.706243 0.119933
vt 0.712408 0.103672
vt 0.718571 0.087335
vt 0.696333 0.097168
vt 0.702482 0.080869
vt 0.708530 0.064733
vt 0.686417 0.074204
vt 0.692466 0.058162
vt 0.697831 0.043687
vt 0.676525 0.051371
vt 0.681718 0.037232
vt 0.685389 0.026956
vt 0.665426 0.030847
vt 0.669142 0.020863
vt 0.671821 0.013806
vt 0.687918 0.019831
vt 0.673550 0.009149
vt 0.689461 0.015278
vt 0.675150 0.005000
vt 0.367971 0.616247
vt 0.362021 0.614493
vt 0.369938 0.598763
vt 0.375557 0.600605
vt 0.381386 0.602496
vt 0.362488 0.633036
vt 0.382250 0.585325
vt 0.387662 0.587272
vt 0.393528 0.588996
vt 0.210091 0.660270
vt 0.206455 0.657777
vt 0.215015 0.644916
vt 0.218384 0.647222
vt 0.221958 0.649784
vt 0.213497 0.662706
vt 0.227190 0.634184
vt 0.230773 0.636724
vt 0.234460 0.639429
vt 0.239933 0.623825
vt 0.243492 0.626312
vt 0.247145 0.629082
vt 0.252723 0.613021
vt 0.256325 0.615783
vt 0.261074 0.619212
vt 0.265872 0.602791
vt 0.269879 0.605973
vt 0.276028 0.590132
vt 0.279597 0.592868
vt 0.069067 0.202772
vt 0.068321 0.196378
vt 0.087091 0.198623
vt 0.088214 0.204808
vt 0.107051 0.200144
vt 0.108072 0.206721
vt 0.126945 0.201204
vt 0.127967 0.207676
vt 0.146437 0.202335
vt 0.147451 0.208143
vt 0.164410 0.203038
vt 0.165688 0.208839
vt 0.178693 0.203212
vt 0.179983 0.208951
vt 0.180827 0.216049
vt 0.188479 0.208432
vt 0.190580 0.214813
vt 0.195697 0.206993
vt 0.187499 0.202600
vt 0.194913 0.201657
vt 0.200729 0.200934
vt 0.194382 0.197472
vt 0.199906 0.196781
vt 0.205026 0.195836
vt 0.193735 0.193172
vt 0.186761 0.197848
vt 0.186182 0.193205
vt 0.185816 0.188915
vt 0.193786 0.189042
vt 0.186495 0.184728
vt 0.194572 0.185458
vt 0.188192 0.180620
vt 0.196149 0.181681
vt 0.201543 0.182720
vt 0.199064 0.177503
vt 0.204506 0.179416
vt 0.207233 0.185149
vt 0.201811 0.172782
vt 0.190286 0.176335
vt 0.193403 0.171658
vt 0.199294 0.164649
vt 0.183247 0.170179
vt 0.188320 0.163026
vt 0.196417 0.153448
vt 0.175214 0.161210
vt 0.182412 0.151578
vt 0.192724 0.139029
vt 0.163470 0.148884
vt 0.173175 0.135734
vt 0.184872 0.121195
vt 0.151773 0.132261
vt 0.162786 0.116840
vt 0.174920 0.101614
vt 0.142488 0.112652
vt 0.154275 0.096646
vt 0.166549 0.081490
vt 0.134377 0.092000
vt 0.146244 0.076104
vt 0.158449 0.061040
vt 0.127070 0.071066
vt 0.137819 0.055379
vt 0.150908 0.040623
vt 0.120976 0.049884
vt 0.132604 0.034367
vt 0.146710 0.020532
vt 0.159868 0.026917
vt 0.156498 0.007848
vt 0.164948 0.012260
vt 0.683422 0.177699
vt 0.687437 0.168236
vt 0.692652 0.185260
vt 0.671365 0.161922
vt 0.677813 0.145958
vt 0.693745 0.152311
vt 0.684147 0.129905
vt 0.700059 0.136194
vt 0.690158 0.113533
vt 0.668414 0.122790
vt 0.674185 0.106878
vt 0.680258 0.090567
vt 0.658306 0.100397
vt 0.664416 0.083938
vt 0.670512 0.067411
vt 0.648643 0.077339
vt 0.654670 0.060757
vt 0.660605 0.044637
vt 0.638793 0.054496
vt 0.644605 0.038573
vt 0.649450 0.025321
vt 0.628835 0.032519
vt 0.633826 0.020157
vt 0.349650 0.586520
vt 0.357393 0.568738
vt 0.366796 0.575402
vt 0.358606 0.592036
vt 0.349879 0.608751
vt 0.342140 0.604441
vt 0.373446 0.580102
vt 0.364546 0.596385
vt 0.355576 0.612693
vt 0.377261 0.583108
vt 0.198401 0.652006
vt 0.193996 0.648935
vt 0.202150 0.635915
vt 0.206722 0.639204
vt 0.210823 0.642024
vt 0.202515 0.654978
vt 0.215694 0.626011
vt 0.219835 0.628947
vt 0.223912 0.631839
vt 0.229287 0.616021
vt 0.233347 0.618887
vt 0.236471 0.621307
vt 0.242722 0.605763
vt 0.245726 0.607975
vt 0.249120 0.610403
vt 0.042403 0.175936
vt 0.043901 0.173526
vt 0.054223 0.177275
vt 0.054935 0.180708
vt 0.055284 0.184454
vt 0.042716 0.179145
vt 0.262847 0.600473
vt 0.067725 0.185112
vt 0.068527 0.191483
vt 0.053443 0.188122
vt 0.085904 0.187933
vt 0.086689 0.193194
vt 0.105689 0.189328
vt 0.106328 0.194546
vt 0.125436 0.190654
vt 0.126197 0.195877
vt 0.144655 0.191621
vt 0.145518 0.196914
vt 0.162212 0.192342
vt 0.163247 0.197585
vt 0.176262 0.192834
vt 0.177519 0.197897
vt 0.162056 0.187580
vt 0.175933 0.188201
vt 0.162248 0.183006
vt 0.176312 0.183933
vt 0.164369 0.178474
vt 0.178156 0.179519
vt 0.167028 0.174121
vt 0.180372 0.175109
vt 0.170088 0.169304
vt 0.148868 0.172635
vt 0.151632 0.167710
vt 0.156566 0.159294
vt 0.131496 0.165947
vt 0.135976 0.157584
vt 0.142586 0.146660
vt 0.115487 0.155921
vt 0.122050 0.144913
vt 0.131433 0.129640
vt 0.102622 0.142917
vt 0.112333 0.127634
vt 0.123083 0.109446
vt 0.094287 0.124601
vt 0.105112 0.106907
vt 0.115874 0.088374
vt 0.088339 0.103227
vt 0.099010 0.085259
vt 0.109525 0.066902
vt 0.083079 0.081166
vt 0.093612 0.063211
vt 0.104168 0.045056
vt 0.078306 0.058768
vt 0.088593 0.041072
vt 0.098950 0.023128
vt 0.115957 0.027284
vt 0.110053 0.006017
vt 0.127300 0.012067
vt 0.643990 0.159837
vt 0.633289 0.161404
vt 0.637509 0.146307
vt 0.655344 0.151382
vt 0.656263 0.173769
vt 0.645755 0.132046
vt 0.662168 0.137955
vt 0.652157 0.116770
vt 0.630271 0.125064
vt 0.636384 0.109664
vt 0.642464 0.093874
vt 0.620418 0.103532
vt 0.626685 0.087373
vt 0.632776 0.071008
vt 0.610789 0.081291
vt 0.616991 0.064943
vt 0.622943 0.048406
vt 0.019109 0.076671
vt 0.027403 0.060532
vt 0.040752 0.065816
vt 0.032053 0.082286
vt 0.023710 0.098297
vt 0.011434 0.091181
vt 0.015933 0.111468
vt 0.005000 0.101605
vt 0.044666 0.088548
vt 0.036476 0.104377
vt 0.028291 0.118988
vt 0.023744 0.128502
vt 0.012600 0.118978
vt 0.048260 0.111304
vt 0.040996 0.125792
vt 0.035836 0.136456
vt 0.032894 0.142902
vt 0.021399 0.133225
vt 0.053576 0.131982
vt 0.048906 0.142761
vt 0.045028 0.151281
vt 0.042976 0.155630
vt 0.031301 0.145767
vt 0.061892 0.148209
vt 0.058326 0.156769
vt 0.055807 0.162598
vt 0.053661 0.167485
vt 0.041991 0.157774
vt 0.073212 0.159791
vt 0.071337 0.165368
vt 0.069189 0.170771
vt 0.068783 0.176480
vt 0.053390 0.172741
vt 0.088912 0.167857
vt 0.087566 0.172998
vt 0.086097 0.178388
vt 0.085784 0.183125
vt 0.068242 0.181056
vt 0.106553 0.174361
vt 0.105875 0.179589
vt 0.105343 0.184501
vt 0.125559 0.181232
vt 0.125303 0.185653
vt 0.144739 0.181923
vt 0.144663 0.186670
vt 0.126845 0.175829
vt 0.146537 0.177052
vt 0.128690 0.170980
vt 0.108128 0.169687
vt 0.110354 0.164717
vt 0.091459 0.162369
vt 0.095664 0.153900
vt 0.076621 0.152050
vt 0.083917 0.140786
vt 0.067962 0.137015
vt 0.077158 0.121169
vt 0.062574 0.116422
vt 0.072384 0.099160
vt 0.058455 0.093966
vt 0.067899 0.076649
vt 0.054343 0.071186
vt 0.063694 0.053918
vt 0.049894 0.048548
vt 0.059188 0.031326
vt 0.073823 0.036196
vt 0.069140 0.013859
vt 0.083904 0.018701
vt 0.610420 0.163192
vt 0.597249 0.158551
vt 0.602289 0.149003
vt 0.617496 0.153269
vt 0.616128 0.170216
vt 0.607952 0.134766
vt 0.623349 0.139474
vt 0.614261 0.119602
vt 0.592677 0.127617
vt 0.598045 0.112787
vt 0.604561 0.097343
vt 0.573280 0.162559
vt 0.579732 0.153396
vt 0.583407 0.167228
vt 0.045345 0.026605
vt 0.036103 0.043651
vt 0.586069 0.141789
vt 0.043804 0.171204
vt 0.247106 0.591295
vt 0.238885 0.602954
vt 0.244858 0.590225
vt 0.225355 0.613088
vt 0.235509 0.600438
vt 0.211151 0.622723
vt 0.221059 0.609950
vt 0.194453 0.630321
vt 0.204180 0.617852
vt 0.186202 0.643364
vt 0.174103 0.634651
vt 0.183978 0.623040
vt 0.858874 0.085200
vt 0.857074 0.077069
vt 0.860847 0.078825
vt 0.858822 0.071882
vt 0.862502 0.073529
vt 0.860146 0.067577
vt 0.863896 0.069067
vt 0.861109 0.063941
vt 0.865047 0.065388
vt 0.808602 0.247100
vt 0.809949 0.243064
vt 0.812994 0.244216
vt 0.811621 0.248117
vt 0.815857 0.249606
vt 0.855444 0.070313
vt 0.868102 0.351106
vt 0.879730 0.372140
vt 0.862736 0.366734
vt 0.893523 0.386441
vt 0.335925 0.720262
vt 0.332452 0.717919
vt 0.053153 0.346112
vt 0.613042 0.700675
vt 0.406010 0.721494
vt 0.563709 0.665897
vt 0.579087 0.642805
vt 0.570787 0.640931
vt 0.559168 0.646023
vt 0.562054 0.638734
vt 0.544076 0.633985
vt 0.553150 0.636433
vt 0.550333 0.642647
vt 0.541664 0.639328
vt 0.532923 0.635553
vt 0.535127 0.631632
vt 0.547723 0.649032
vt 0.539378 0.645518
vt 0.529918 0.641568
vt 0.544866 0.655177
vt 0.556534 0.652696
vt 0.553840 0.658998
vt 0.980135 0.381070
vt 0.528489 0.629761
vt 0.551957 0.662709
vt 0.241561 0.900575
vt 0.238604 0.898085
vt 0.248928 0.884149
vt 0.252265 0.887169
vt 0.259456 0.870036
vt 0.262926 0.872931
vt 0.518589 0.623114
vt 0.513265 0.608503
vt 0.520057 0.613125
vt 0.528541 0.604695
vt 0.528614 0.611861
vt 0.527939 0.620647
vt 0.526450 0.627160
vt 0.529011 0.598422
vt 0.508145 0.602102
vt 0.484598 0.597016
vt 0.508864 0.585893
vt 0.529738 0.588476
vt 0.582355 0.631858
vt 0.573683 0.631829
vt 0.575965 0.624871
vt 0.581720 0.626085
vt 0.586114 0.621620
vt 0.589098 0.629238
vt 0.578408 0.618551
vt 0.311292 0.742711
vt 0.306312 0.735158
vt 0.298268 0.733387
vt 0.545108 0.608097
vt 0.545920 0.599006
vt 0.563278 0.598349
vt 0.557577 0.609709
vt 0.576370 0.603869
vt 0.569538 0.612231
vt 0.553179 0.616322
vt 0.541879 0.614971
vt 0.546174 0.589478
vt 0.549284 0.578337
vt 0.564421 0.581710
vt 0.559760 0.588974
vt 0.573468 0.586347
vt 0.594830 0.625164
vt 0.602185 0.627157
vt 0.589573 0.617292
vt 0.594491 0.609360
vt 0.601689 0.611247
vt 0.607667 0.611986
vt 0.510972 0.369511
vt 0.509883 0.373649
vt 0.506527 0.372315
vt 0.508197 0.369883
vt 0.504320 0.369844
vt 0.507181 0.367051
vt 0.511012 0.365292
vt 0.341470 0.774336
vt 0.332454 0.786474
vt 0.329848 0.784819
vt 0.338986 0.773439
vt 0.325627 0.780479
vt 0.334255 0.767718
vt 0.321484 0.801716
vt 0.313522 0.802970
vt 0.318172 0.792857
vt 0.322111 0.798494
vt 0.336924 0.790804
vt 0.325844 0.804561
vt 0.345315 0.776760
vt 0.313837 0.819639
vt 0.309530 0.817628
vt 0.305362 0.815837
vt 0.604306 0.389790
vt 0.612892 0.390507
vt 0.611819 0.396557
vt 0.604110 0.395144
vt 0.610675 0.403112
vt 0.602178 0.401672
vt 0.588631 0.398476
vt 0.590115 0.391871
vt 0.246009 0.839313
vt 0.236532 0.850868
vt 0.230277 0.845959
vt 0.237779 0.836036
vt 0.249294 0.825756
vt 0.257075 0.829646
vt 0.605949 0.382521
vt 0.614316 0.384714
vt 0.639720 0.453640
vt 0.636425 0.458219
vt 0.638125 0.440928
vt 0.640824 0.438927
vt 0.638816 0.429614
vt 0.641764 0.429441
vt 0.644468 0.427270
vt 0.643483 0.438166
vt 0.641677 0.454342
vt 0.087747 0.848162
vt 0.090600 0.850179
vt 0.087727 0.853526
vt 0.086030 0.851293
vt 0.083593 0.851501
vt 0.085133 0.846719
vt 0.085066 0.854932
vt 0.643920 0.397147
vt 0.646349 0.394091
vt 0.648426 0.396154
vt 0.645772 0.398174
vt 0.646412 0.401908
vt 0.643371 0.403106
vt 0.614395 0.347947
vt 0.600563 0.346581
vt 0.605183 0.330144
vt 0.616668 0.337080
vt 0.626912 0.333341
vt 0.623540 0.349622
vt 0.609321 0.311726
vt 0.626215 0.315060
vt 0.620045 0.327602
vt 0.636678 0.320363
vt 0.265959 0.875302
vt 0.255756 0.889786
vt 0.244716 0.903289
vt 0.176244 0.911633
vt 0.177282 0.916231
vt 0.173870 0.917424
vt 0.173376 0.915663
vt 0.171733 0.921492
vt 0.170478 0.918021
vt 0.172584 0.912438
vt 0.161785 0.911547
vt 0.165198 0.909124
vt 0.169383 0.914170
vt 0.165642 0.914402
vt 0.167565 0.918246
vt 0.164415 0.917980
vt 0.158374 0.915451
vt 0.666199 0.369165
vt 0.668827 0.371838
vt 0.664439 0.379016
vt 0.663476 0.375161
vt 0.659416 0.380013
vt 0.658932 0.376651
vt 0.657254 0.371569
vt 0.664712 0.362779
vt 0.169137 0.927833
vt 0.166549 0.923566
vt 0.175492 0.918795
vt 0.176432 0.922647
vt 0.176899 0.918373
vt 0.179752 0.921866
vt 0.172480 0.902170
vt 0.175871 0.896799
vt 0.181900 0.902942
vt 0.185049 0.912574
vt 0.182909 0.917632
vt 0.189357 0.907680
vt 0.208983 0.938806
vt 0.210656 0.940495
vt 0.206846 0.943698
vt 0.206332 0.941206
vt 0.202459 0.942793
vt 0.203446 0.940430
vt 0.206448 0.936745
vt 0.683343 0.345717
vt 0.683681 0.351797
vt 0.676433 0.361597
vt 0.675689 0.355424
vt 0.678547 0.347910
vt 0.682871 0.341454
vt 0.672023 0.351305
vt 0.676600 0.344404
vt 0.668929 0.349077
vt 0.674444 0.338891
vt 0.661460 0.358122
vt 0.658215 0.353628
vt 0.666203 0.343619
vt 0.655070 0.366932
vt 0.649816 0.362486
vt 0.648832 0.374226
vt 0.643838 0.370450
vt 0.651704 0.377722
vt 0.648290 0.381907
vt 0.643602 0.379474
vt 0.654219 0.381594
vt 0.650989 0.385988
vt 0.655379 0.384589
vt 0.652710 0.389473
vt 0.655925 0.390957
vt 0.653380 0.395893
vt 0.659635 0.385419
vt 0.659892 0.390709
vt 0.656330 0.396980
vt 0.664423 0.384379
vt 0.669277 0.377083
vt 0.664318 0.390531
vt 0.659715 0.397524
vt 0.669612 0.382566
vt 0.676591 0.366883
vt 0.676711 0.372718
vt 0.669923 0.388762
vt 0.664297 0.397482
vt 0.676913 0.378938
vt 0.683903 0.362366
vt 0.684101 0.368588
vt 0.677319 0.388677
vt 0.670281 0.399260
vt 0.684433 0.378275
vt 0.691251 0.357712
vt 0.691515 0.369024
vt 0.685025 0.390703
vt 0.677579 0.404837
vt 0.692272 0.382042
vt 0.698906 0.357364
vt 0.699576 0.372351
vt 0.692659 0.403132
vt 0.684898 0.414939
vt 0.700224 0.394051
vt 0.706967 0.361041
vt 0.707871 0.385013
vt 0.700789 0.415708
vt 0.692729 0.426193
vt 0.710680 0.405965
vt 0.716606 0.372377
vt 0.720374 0.393419
vt 0.713434 0.429660
vt 0.700812 0.437380
vt 0.722805 0.417238
vt 0.732142 0.378405
vt 0.734172 0.402319
vt 0.725325 0.442441
vt 0.711268 0.448613
vt 0.325060 0.974492
vt 0.344690 0.962160
vt 0.350669 0.973962
vt 0.338514 0.986296
vt 0.321899 0.962535
vt 0.341005 0.948969
vt 0.362689 0.946798
vt 0.367737 0.958861
vt 0.358437 0.934693
vt 0.336801 0.937258
vt 0.353995 0.922714
vt 0.376058 0.920293
vt 0.381010 0.932173
vt 0.369304 0.908801
vt 0.347926 0.911063
vt 0.362707 0.897239
vt 0.384644 0.894499
vt 0.391873 0.905975
vt 0.377298 0.883132
vt 0.355091 0.885940
vt 0.369876 0.871940
vt 0.391964 0.868851
vt 0.399126 0.879954
vt 0.384813 0.857493
vt 0.362402 0.860045
vt 0.377511 0.845374
vt 0.399900 0.843806
vt 0.407107 0.855015
vt 0.389218 0.831857
vt 0.365263 0.835287
vt 0.377393 0.821570
vt 0.402159 0.818400
vt 0.414397 0.830199
vt 0.387394 0.807331
vt 0.364988 0.812010
vt 0.375077 0.797864
vt 0.412616 0.805141
vt 0.365595 0.791007
vt 0.358326 0.785777
vt 0.352884 0.781872
vt 0.349118 0.799706
vt 0.344462 0.796270
vt 0.355798 0.805187
vt 0.345071 0.819677
vt 0.337921 0.814122
vt 0.353509 0.826306
vt 0.341198 0.840697
vt 0.332743 0.834167
vt 0.351168 0.849421
vt 0.338686 0.863342
vt 0.328062 0.854559
vt 0.347162 0.874248
vt 0.333053 0.888875
vt 0.325055 0.877482
vt 0.340585 0.899899
vt 0.326342 0.914024
vt 0.318857 0.902921
vt 0.331466 0.925694
vt 0.314064 0.939949
vt 0.310591 0.927801
vt 0.317688 0.951444
vt 0.297767 0.965645
vt 0.292020 0.957208
vt 0.300728 0.975293
vt 0.276328 0.987892
vt 0.275039 0.975960
vt 0.727567 0.360006
vt 0.738470 0.348585
vt 0.742216 0.367996
vt 0.308036 0.982827
vt 0.723049 0.340658
vt 0.733844 0.328571
vt 0.715018 0.351197
vt 0.713529 0.336318
vt 0.721736 0.328888
vt 0.706228 0.346201
vt 0.705871 0.336425
vt 0.713324 0.325304
vt 0.698555 0.347210
vt 0.698246 0.341502
vt 0.705841 0.330018
vt 0.690934 0.351855
vt 0.690736 0.346707
vt 0.698140 0.335894
vt 0.683848 0.356705
vt 0.690273 0.341930
vt 0.689916 0.336874
vt 0.696880 0.326479
vt 0.697798 0.330975
vt 0.689021 0.332808
vt 0.696345 0.322353
vt 0.687536 0.327758
vt 0.695272 0.317136
vt 0.681260 0.336877
vt 0.679930 0.331350
vt 0.686251 0.321328
vt 0.678247 0.326040
vt 0.684938 0.316021
vt 0.672134 0.334089
vt 0.669428 0.328965
vt 0.676348 0.319924
vt 0.661543 0.338307
vt 0.655414 0.332314
vt 0.664330 0.319956
vt 0.653706 0.348440
vt 0.645329 0.343891
vt 0.645299 0.358525
vt 0.638104 0.354754
vt 0.639280 0.367460
vt 0.633046 0.364765
vt 0.635224 0.374450
vt 0.629844 0.373973
vt 0.639794 0.377235
vt 0.637498 0.382885
vt 0.633029 0.382139
vt 0.641392 0.384781
vt 0.639659 0.390024
vt 0.635988 0.389362
vt 0.644929 0.386481
vt 0.643216 0.391680
vt 0.648412 0.390083
vt 0.649942 0.392479
vt 0.650844 0.397776
vt 0.648619 0.400372
vt 0.650959 0.402557
vt 0.647804 0.406165
vt 0.653404 0.400347
vt 0.653235 0.406061
vt 0.650056 0.408866
vt 0.656069 0.402359
vt 0.655679 0.408788
vt 0.652076 0.412805
vt 0.659367 0.403830
vt 0.658749 0.414650
vt 0.654565 0.419051
vt 0.663683 0.408162
vt 0.662682 0.423294
vt 0.657178 0.428383
vt 0.669807 0.413803
vt 0.669330 0.432411
vt 0.661125 0.440921
vt 0.677027 0.423998
vt 0.676191 0.445739
vt 0.667216 0.454435
vt 0.684347 0.436206
vt 0.683571 0.457953
vt 0.674436 0.466901
vt 0.692169 0.447644
vt 0.691447 0.469209
vt 0.682275 0.478427
vt 0.701443 0.459761
vt 0.703256 0.481462
vt 0.691230 0.494308
vt 0.712350 0.469331
vt 0.724683 0.462883
vt 0.718945 0.490300
vt 0.709173 0.499454
vt 0.989460 0.638029
vt 0.981240 0.629284
vt 0.986649 0.613498
vt 0.995000 0.625407
vt 0.384383 0.945273
vt 0.968400 0.623640
vt 0.973392 0.607118
vt 0.975574 0.645349
vt 0.962785 0.639809
vt 0.398240 0.918456
vt 0.949553 0.634836
vt 0.955357 0.618558
vt 0.956839 0.656291
vt 0.943522 0.651014
vt 0.405675 0.892192
vt 0.929882 0.645820
vt 0.936074 0.629637
vt 0.937285 0.667629
vt 0.923735 0.662003
vt 0.413538 0.866521
vt 0.909604 0.656720
vt 0.916047 0.640476
vt 0.917320 0.678211
vt 0.903251 0.672816
vt 0.421106 0.841305
vt 0.896734 0.689028
vt 0.427578 0.816842
vt 0.349136 0.779074
vt 0.340804 0.793104
vt 0.329761 0.807199
vt 0.333484 0.810210
vt 0.321835 0.825169
vt 0.317935 0.822470
vt 0.325873 0.829086
vt 0.312829 0.843553
vt 0.308632 0.840643
vt 0.319585 0.848384
vt 0.307199 0.862387
vt 0.300468 0.857580
vt 0.315633 0.868272
vt 0.303317 0.882457
vt 0.295604 0.875715
vt 0.310936 0.891661
vt 0.297549 0.905940
vt 0.290509 0.896841
vt 0.304042 0.916577
vt 0.289543 0.930515
vt 0.283095 0.920067
vt 0.291020 0.943629
vt 0.272570 0.957618
vt 0.270088 0.950032
vt 0.271730 0.967441
vt 0.252363 0.970756
vt 0.250032 0.963713
vt 0.252416 0.978654
vt 0.236410 0.981428
vt 0.230070 0.975655
vt 0.730888 0.315666
vt 0.741272 0.304883
vt 0.743923 0.313960
vt 0.257505 0.987391
vt 0.727998 0.305836
vt 0.736542 0.298027
vt 0.720556 0.314744
vt 0.719738 0.308035
vt 0.726255 0.297545
vt 0.712817 0.319369
vt 0.712362 0.314119
vt 0.718646 0.301787
vt 0.705403 0.325247
vt 0.705118 0.320066
vt 0.711842 0.307773
vt 0.704533 0.315099
vt 0.710300 0.304301
vt 0.703544 0.312213
vt 0.708879 0.301065
vt 0.702191 0.307662
vt 0.706484 0.295110
vt 0.700402 0.302201
vt 0.704305 0.290720
vt 0.693710 0.313164
vt 0.692363 0.307987
vt 0.698357 0.296368
vt 0.690472 0.302368
vt 0.695932 0.291776
vt 0.683052 0.310680
vt 0.680387 0.302449
vt 0.686284 0.292252
vt 0.671682 0.311640
vt 0.665796 0.304343
vt 0.673280 0.293341
vt 0.656198 0.314148
vt 0.647607 0.307943
vt 0.657711 0.296298
vt 0.647058 0.324350
vt 0.637680 0.338756
vt 0.631572 0.350721
vt 0.627195 0.361907
vt 0.620839 0.361340
vt 0.624643 0.371917
vt 0.618343 0.371099
vt 0.622585 0.379700
vt 0.616116 0.378363
vt 0.628231 0.380970
vt 0.626518 0.387248
vt 0.620749 0.386267
vt 0.631590 0.388368
vt 0.630289 0.394192
vt 0.625080 0.393128
vt 0.634682 0.395031
vt 0.633776 0.400203
vt 0.629231 0.399661
vt 0.638366 0.395766
vt 0.637632 0.400857
vt 0.641412 0.396484
vt 0.640764 0.401359
vt 0.640000 0.407263
vt 0.636646 0.407100
vt 0.642796 0.407393
vt 0.642985 0.412654
vt 0.639969 0.412675
vt 0.644997 0.406882
vt 0.645206 0.411730
vt 0.647641 0.410708
vt 0.647498 0.416070
vt 0.644667 0.418573
vt 0.649650 0.414455
vt 0.649163 0.423403
vt 0.646759 0.426251
vt 0.651373 0.421693
vt 0.650100 0.433780
vt 0.647725 0.435697
vt 0.653183 0.431213
vt 0.651071 0.447941
vt 0.648029 0.450320
vt 0.655152 0.445115
vt 0.653044 0.464479
vt 0.648670 0.467998
vt 0.658984 0.460196
vt 0.656769 0.480037
vt 0.650647 0.485499
vt 0.665162 0.473449
vt 0.663355 0.492952
vt 0.654934 0.500357
vt 0.672748 0.486558
vt 0.671460 0.507341
vt 0.661528 0.513200
vt 0.681540 0.500202
vt 0.682484 0.520197
vt 0.670460 0.526890
vt 0.692461 0.513298
vt 0.697629 0.531274
vt 0.682054 0.540142
vt 0.988605 0.599185
vt 0.978233 0.591690
vt 0.985153 0.576225
vt 0.994317 0.587636
vt 0.967075 0.586148
vt 0.971977 0.570089
vt 0.961054 0.602203
vt 0.948393 0.596988
vt 0.954211 0.580754
vt 0.942144 0.613242
vt 0.928834 0.608006
vt 0.934940 0.591737
vt 0.922388 0.624196
vt 0.330189 0.762849
vt 0.326070 0.757858
vt 0.322496 0.775853
vt 0.318146 0.770888
vt 0.315087 0.787944
vt 0.310948 0.784729
vt 0.309028 0.799747
vt 0.304773 0.797259
vt 0.300724 0.813461
vt 0.296341 0.811278
vt 0.289633 0.828840
vt 0.285474 0.826629
vt 0.293623 0.831222
vt 0.281452 0.844902
vt 0.277460 0.842380
vt 0.297341 0.833355
vt 0.285029 0.847221
vt 0.300785 0.835403
vt 0.288225 0.849318
vt 0.304785 0.838087
vt 0.292265 0.852060
vt 0.296212 0.854691
vt 0.284702 0.867576
vt 0.280907 0.864765
vt 0.288890 0.870725
vt 0.278210 0.884802
vt 0.273666 0.881210
vt 0.283633 0.889918
vt 0.272059 0.904083
vt 0.267006 0.898906
vt 0.276734 0.910901
vt 0.263106 0.924854
vt 0.259067 0.918157
vt 0.267290 0.935633
vt 0.254769 0.947396
vt 0.250017 0.938882
vt 0.250949 0.955927
vt 0.234855 0.960949
vt 0.237341 0.953943
vt 0.233604 0.966868
vt 0.217506 0.971637
vt 0.221254 0.963771
vt 0.219850 0.981127
vt 0.209752 0.979849
vt 0.211414 0.972248
vt 0.731745 0.287080
vt 0.737521 0.277326
vt 0.742658 0.279515
vt 0.229182 0.985873
vt 0.728432 0.281768
vt 0.735537 0.273544
vt 0.723258 0.291701
vt 0.720430 0.286924
vt 0.724921 0.274589
vt 0.716467 0.297616
vt 0.714951 0.293978
vt 0.718435 0.282483
vt 0.713018 0.290217
vt 0.715813 0.277809
vt 0.710500 0.285199
vt 0.713446 0.273141
vt 0.708134 0.280204
vt 0.711020 0.267878
vt 0.705621 0.274266
vt 0.708210 0.260858
vt 0.701786 0.284902
vt 0.699080 0.279580
vt 0.702601 0.268354
vt 0.694949 0.271362
vt 0.694830 0.258030
vt 0.690363 0.281701
vt 0.684432 0.274091
vt 0.688157 0.264699
vt 0.679026 0.284399
vt 0.669485 0.276138
vt 0.673725 0.266481
vt 0.663020 0.286003
vt 0.648041 0.275652
vt 0.653897 0.266254
vt 0.642366 0.288712
vt 0.620292 0.277934
vt 0.620031 0.262977
vt 0.636519 0.301425
vt 0.616627 0.295101
vt 0.595801 0.290074
vt 0.595288 0.273329
vt 0.592018 0.310326
vt 0.574526 0.307291
vt 0.570531 0.286702
vt 0.589033 0.329067
vt 0.573490 0.328531
vt 0.585581 0.344511
vt 0.570666 0.342328
vt 0.583081 0.355689
vt 0.568339 0.353038
vt 0.597567 0.358020
vt 0.595387 0.366969
vt 0.581200 0.364306
vt 0.611582 0.359862
vt 0.609306 0.369157
vt 0.607449 0.376221
vt 0.593877 0.374024
vt 0.592422 0.380892
vt 0.579675 0.371127
vt 0.578219 0.377698
vt 0.563720 0.374583
vt 0.565108 0.368154
vt 0.576948 0.383397
vt 0.562470 0.380271
vt 0.591287 0.386504
vt 0.575744 0.388703
vt 0.561285 0.385556
vt 0.574213 0.395410
vt 0.559752 0.392284
vt 0.572697 0.402125
vt 0.558205 0.398865
vt 0.587222 0.404850
vt 0.585712 0.412017
vt 0.571004 0.409570
vt 0.600791 0.407727
vt 0.599575 0.414636
vt 0.609789 0.409592
vt 0.608751 0.416948
vt 0.616221 0.411171
vt 0.615454 0.418554
vt 0.617088 0.404440
vt 0.622955 0.405311
vt 0.621892 0.411939
vt 0.618158 0.398062
vt 0.623990 0.399046
vt 0.619343 0.392293
vt 0.628171 0.406049
vt 0.627176 0.412561
vt 0.632660 0.406538
vt 0.632027 0.412882
vt 0.636375 0.412838
vt 0.636101 0.420061
vt 0.631566 0.420226
vt 0.639408 0.420136
vt 0.635144 0.429490
vt 0.642258 0.420612
vt 0.634748 0.440911
vt 0.630906 0.441648
vt 0.631332 0.429407
vt 0.634260 0.457121
vt 0.629691 0.459544
vt 0.631445 0.477117
vt 0.627126 0.479416
vt 0.634455 0.476566
vt 0.637290 0.475694
vt 0.632661 0.495235
vt 0.628870 0.498817
vt 0.634804 0.495700
vt 0.639357 0.474550
vt 0.636640 0.496235
vt 0.632627 0.515634
vt 0.629024 0.520129
vt 0.634298 0.515173
vt 0.639195 0.493487
vt 0.636811 0.514158
vt 0.632411 0.535023
vt 0.630084 0.537707
vt 0.634713 0.533926
vt 0.639120 0.511891
vt 0.636974 0.532789
vt 0.633141 0.553645
vt 0.630531 0.556380
vt 0.635454 0.552363
vt 0.639497 0.530117
vt 0.637931 0.550900
vt 0.633941 0.571465
vt 0.631264 0.574861
vt 0.636337 0.570111
vt 0.640945 0.547870
vt 0.638960 0.568597
vt 0.634443 0.590198
vt 0.631855 0.593258
vt 0.637236 0.588478
vt 0.643800 0.563611
vt 0.641883 0.585126
vt 0.636210 0.607918
vt 0.632995 0.611366
vt 0.640845 0.604189
vt 0.649616 0.576847
vt 0.647421 0.598076
vt 0.643153 0.625369
vt 0.637997 0.629088
vt 0.980967 0.506325
vt 0.968658 0.498969
vt 0.972322 0.490148
vt 0.983327 0.500261
vt 0.976687 0.518052
vt 0.964176 0.511606
vt 0.959237 0.526588
vt 0.952233 0.542313
vt 0.947104 0.559505
vt 0.963663 0.547224
vt 0.959626 0.564291
vt 0.971590 0.532673
vt 0.979510 0.543662
vt 0.975166 0.555810
vt 0.662506 0.592651
vt 0.659159 0.572361
vt 0.669026 0.566774
vt 0.678380 0.582620
vt 0.658664 0.553276
vt 0.667575 0.546847
vt 0.649881 0.559242
vt 0.650904 0.540296
vt 0.660389 0.533416
vt 0.645182 0.544625
vt 0.646919 0.524785
vt 0.652784 0.520295
vt 0.642462 0.528052
vt 0.644342 0.508123
vt 0.648972 0.504764
vt 0.641368 0.510261
vt 0.643624 0.490205
vt 0.646433 0.488205
vt 0.641313 0.491958
vt 0.643585 0.471569
vt 0.645668 0.470173
vt 0.641523 0.472969
vt 0.643845 0.453543
vt 0.645909 0.451782
vt 0.645704 0.437111
vt 0.986922 0.560579
vt 0.993271 0.548563
vt 0.940987 0.575530
vt 0.321407 0.752923
vt 0.316176 0.748146
vt 0.313522 0.766258
vt 0.308298 0.761882
vt 0.306421 0.780899
vt 0.300971 0.776944
vt 0.299554 0.794484
vt 0.293711 0.790950
vt 0.291153 0.808890
vt 0.285122 0.805633
vt 0.280643 0.823700
vt 0.274949 0.820552
vt 0.268518 0.836749
vt 0.262755 0.833404
vt 0.273274 0.839813
vt 0.262245 0.850714
vt 0.257594 0.847064
vt 0.266430 0.853924
vt 0.255697 0.866887
vt 0.251634 0.863520
vt 0.270392 0.856979
vt 0.273994 0.859654
vt 0.277028 0.861860
vt 0.269713 0.878209
vt 0.259172 0.892556
vt 0.262643 0.895366
vt 0.251951 0.909450
vt 0.248213 0.906286
vt 0.254788 0.913107
vt 0.242872 0.925208
vt 0.239962 0.921939
vt 0.245873 0.930846
vt 0.235594 0.938495
vt 0.232190 0.933848
vt 0.237826 0.945808
vt 0.229801 0.950629
vt 0.227288 0.945605
vt 0.223109 0.958706
vt 0.217811 0.959808
vt 0.218531 0.955357
vt 0.212836 0.965936
vt 0.203731 0.967129
vt 0.205843 0.962348
vt 0.202287 0.973381
vt 0.193577 0.974408
vt 0.196022 0.968017
vt 0.200428 0.979740
vt 0.196590 0.981151
vt 0.187630 0.981497
vt 0.187774 0.975149
vt 0.722288 0.271758
vt 0.735058 0.264795
vt 0.735433 0.268501
vt 0.175781 0.991248
vt 0.179962 0.982570
vt 0.178416 0.993636
vt 0.719846 0.266651
vt 0.172575 0.991195
vt 0.173749 0.983113
vt 0.717164 0.261009
vt 0.167253 0.990669
vt 0.163213 0.983885
vt 0.715030 0.256739
vt 0.160133 0.991427
vt 0.154162 0.984360
vt 0.712056 0.250236
vt 0.153471 0.994604
vt 0.146741 0.983900
vt 0.703249 0.255154
vt 0.704493 0.242006
vt 0.697691 0.249399
vt 0.691590 0.236921
vt 0.684124 0.243300
vt 0.680740 0.231383
vt 0.684126 0.252883
vt 0.669391 0.245503
vt 0.667883 0.234055
vt 0.673099 0.256882
vt 0.653482 0.247138
vt 0.650081 0.234787
vt 0.651793 0.256121
vt 0.626069 0.244609
vt 0.625600 0.234309
vt 0.623695 0.254042
vt 0.592079 0.245467
vt 0.593041 0.231346
vt 0.594333 0.259519
vt 0.560264 0.252146
vt 0.558763 0.237344
vt 0.565489 0.269645
vt 0.537769 0.268601
vt 0.528584 0.251247
vt 0.544706 0.287744
vt 0.524512 0.288430
vt 0.514933 0.271719
vt 0.552092 0.306737
vt 0.532444 0.307016
vt 0.555125 0.325695
vt 0.539181 0.325716
vt 0.556119 0.337447
vt 0.541511 0.337149
vt 0.553986 0.349324
vt 0.541746 0.347660
vt 0.551997 0.358555
vt 0.540627 0.356018
vt 0.566502 0.361605
vt 0.550626 0.365094
vt 0.539415 0.362758
vt 0.549316 0.371494
vt 0.538104 0.369198
vt 0.548192 0.377176
vt 0.536862 0.374764
vt 0.547102 0.382479
vt 0.535664 0.379843
vt 0.545706 0.389073
vt 0.534183 0.386265
vt 0.544277 0.395454
vt 0.532798 0.392475
vt 0.542589 0.402757
vt 0.531355 0.400022
vt 0.556467 0.406463
vt 0.554209 0.416192
vt 0.540334 0.413193
vt 0.568975 0.419009
vt 0.566423 0.430930
vt 0.551404 0.428677
vt 0.583785 0.421478
vt 0.581068 0.434609
vt 0.598003 0.423728
vt 0.595597 0.437513
vt 0.607467 0.426060
vt 0.606331 0.438876
vt 0.614598 0.427522
vt 0.613915 0.439539
vt 0.620719 0.428637
vt 0.620682 0.440085
vt 0.621372 0.419299
vt 0.626548 0.419942
vt 0.626491 0.429165
vt 0.626525 0.440938
vt 0.625523 0.457249
vt 0.620089 0.457268
vt 0.623095 0.477361
vt 0.618090 0.478615
vt 0.620828 0.498689
vt 0.615578 0.499464
vt 0.625091 0.498863
vt 0.623540 0.518530
vt 0.619931 0.519430
vt 0.626333 0.519297
vt 0.624886 0.538250
vt 0.621614 0.539529
vt 0.627572 0.538372
vt 0.626361 0.557620
vt 0.622881 0.559260
vt 0.628851 0.556634
vt 0.627173 0.575595
vt 0.623196 0.577462
vt 0.628855 0.575441
vt 0.627138 0.593614
vt 0.623230 0.595318
vt 0.629363 0.593730
vt 0.626049 0.612127
vt 0.622002 0.612612
vt 0.629548 0.611678
vt 0.628328 0.628413
vt 0.620197 0.629381
vt 0.631304 0.628925
vt 0.635229 0.641963
vt 0.632317 0.642522
vt 0.974433 0.486149
vt 0.975559 0.483082
vt 0.980877 0.476975
vt 0.978388 0.479012
vt 0.612883 0.629334
vt 0.617329 0.629271
vt 0.617752 0.612618
vt 0.607865 0.629118
vt 0.612843 0.612601
vt 0.289463 0.729462
vt 0.278146 0.723648
vt 0.280134 0.742397
vt 0.268758 0.736031
vt 0.289903 0.747631
vt 0.296827 0.752310
vt 0.280250 0.763223
vt 0.270100 0.756955
vt 0.288360 0.768386
vt 0.302955 0.757073
vt 0.295164 0.772885
vt 0.280274 0.782947
vt 0.270982 0.777521
vt 0.287487 0.787204
vt 0.278624 0.802047
vt 0.271204 0.797894
vt 0.268725 0.817106
vt 0.261117 0.813088
vt 0.250749 0.807761
vt 0.261230 0.792141
vt 0.240508 0.822232
vt 0.240654 0.801618
vt 0.250732 0.785877
vt 0.231852 0.817160
vt 0.219549 0.808878
vt 0.228759 0.793574
vt 0.220335 0.831592
vt 0.208827 0.824148
vt 0.228008 0.837952
vt 0.206140 0.846245
vt 0.195595 0.838606
vt 0.213159 0.852075
vt 0.226317 0.846428
vt 0.217521 0.857022
vt 0.200437 0.865734
vt 0.192013 0.860174
vt 0.207377 0.871462
vt 0.222828 0.861720
vt 0.213968 0.876850
vt 0.196613 0.885011
vt 0.189214 0.879470
vt 0.203746 0.890992
vt 0.219033 0.881383
vt 0.208876 0.895188
vt 0.195108 0.901091
vt 0.188098 0.895448
vt 0.200933 0.905538
vt 0.213663 0.899307
vt 0.205706 0.909124
vt 0.195457 0.912619
vt 0.200298 0.916368
vt 0.209917 0.912444
vt 0.204668 0.919471
vt 0.196386 0.921294
vt 0.191494 0.917466
vt 0.200581 0.924720
vt 0.208183 0.922514
vt 0.204033 0.927693
vt 0.197414 0.928743
vt 0.192969 0.925159
vt 0.200826 0.931752
vt 0.207066 0.930130
vt 0.203636 0.934348
vt 0.197853 0.935413
vt 0.194321 0.932510
vt 0.200840 0.937919
vt 0.198972 0.940462
vt 0.195549 0.938051
vt 0.196924 0.943618
vt 0.192888 0.941213
vt 0.201587 0.945487
vt 0.201154 0.948035
vt 0.194387 0.946380
vt 0.206487 0.945979
vt 0.207469 0.947832
vt 0.211947 0.943038
vt 0.212678 0.945661
vt 0.216737 0.938817
vt 0.218087 0.941477
vt 0.214864 0.936458
vt 0.212664 0.934752
vt 0.219399 0.931768
vt 0.221705 0.934086
vt 0.216889 0.929747
vt 0.210127 0.932623
vt 0.214462 0.927691
vt 0.222827 0.923165
vt 0.225326 0.925488
vt 0.220174 0.920862
vt 0.227993 0.911177
vt 0.230757 0.913425
vt 0.216891 0.918109
vt 0.224529 0.908368
vt 0.211300 0.925125
vt 0.213579 0.915418
vt 0.221210 0.905733
vt 0.217705 0.902778
vt 0.228193 0.889327
vt 0.231743 0.892316
vt 0.223944 0.885678
vt 0.233301 0.870387
vt 0.238060 0.874537
vt 0.228239 0.866023
vt 0.242052 0.855592
vt 0.247109 0.859784
vt 0.252188 0.843150
vt 0.241981 0.877976
vt 0.245497 0.881088
vt 0.235063 0.895103
vt 0.233724 0.915999
vt 0.236861 0.918940
vt 0.228049 0.928121
vt 0.230245 0.930912
vt 0.223350 0.936990
vt 0.224852 0.940086
vt 0.219394 0.944187
vt 0.219921 0.949440
vt 0.214284 0.952879
vt 0.210927 0.949583
vt 0.210090 0.957248
vt 0.203456 0.958400
vt 0.205109 0.954594
vt 0.199709 0.962934
vt 0.193611 0.963432
vt 0.196525 0.959016
vt 0.190414 0.969006
vt 0.184740 0.968443
vt 0.182680 0.963469
vt 0.181705 0.975444
vt 0.174344 0.975614
vt 0.172725 0.969474
vt 0.165931 0.976784
vt 0.166217 0.969248
vt 0.156126 0.976761
vt 0.156820 0.968117
vt 0.145800 0.974034
vt 0.144474 0.965062
vt 0.135379 0.973482
vt 0.134009 0.963815
vt 0.137549 0.983892
vt 0.128377 0.985147
vt 0.121753 0.971909
vt 0.143911 0.993346
vt 0.136708 0.995000
vt 0.115633 0.984963
vt 0.112965 0.969985
vt 0.668190 0.223338
vt 0.669333 0.213019
vt 0.678906 0.218152
vt 0.100934 0.987034
vt 0.104449 0.977662
vt 0.105575 0.991663
vt 0.650995 0.224328
vt 0.651509 0.213406
vt 0.625043 0.211650
vt 0.627005 0.200048
vt 0.624260 0.222631
vt 0.596517 0.211911
vt 0.599053 0.203046
vt 0.593905 0.221433
vt 0.559165 0.212830
vt 0.558833 0.203664
vt 0.557465 0.225001
vt 0.519146 0.223431
vt 0.518919 0.210223
vt 0.524754 0.237565
vt 0.500381 0.240403
vt 0.492428 0.227671
vt 0.506356 0.256480
vt 0.489759 0.260922
vt 0.482142 0.247489
vt 0.499277 0.276139
vt 0.489395 0.280802
vt 0.480837 0.267202
vt 0.509928 0.291125
vt 0.498790 0.295677
vt 0.518057 0.307615
vt 0.507289 0.310269
vt 0.526720 0.324384
vt 0.516127 0.325413
vt 0.530495 0.336108
vt 0.521629 0.336988
vt 0.532537 0.345184
vt 0.525006 0.345614
vt 0.533165 0.353402
vt 0.526048 0.353402
vt 0.531590 0.361006
vt 0.525467 0.360439
vt 0.529990 0.367495
vt 0.523887 0.366511
vt 0.528564 0.372857
vt 0.522663 0.371570
vt 0.527382 0.377679
vt 0.521624 0.376029
vt 0.526078 0.383938
vt 0.520362 0.382177
vt 0.524815 0.390129
vt 0.518958 0.388444
vt 0.522858 0.397353
vt 0.516529 0.394328
vt 0.519490 0.406502
vt 0.512128 0.402821
vt 0.528361 0.409546
vt 0.524496 0.421047
vt 0.514288 0.416787
vt 0.536086 0.424398
vt 0.529873 0.441471
vt 0.516329 0.435989
vt 0.545488 0.445583
vt 0.539024 0.466957
vt 0.519800 0.459157
vt 0.562382 0.449484
vt 0.557043 0.471297
vt 0.577342 0.452687
vt 0.575487 0.474045
vt 0.593684 0.455549
vt 0.593306 0.475989
vt 0.605707 0.456487
vt 0.604752 0.476780
vt 0.613229 0.456935
vt 0.611825 0.477240
vt 0.609912 0.498642
vt 0.603499 0.498256
vt 0.609359 0.519630
vt 0.601668 0.518976
vt 0.615035 0.519668
vt 0.613581 0.539906
vt 0.607169 0.540153
vt 0.618024 0.539681
vt 0.615201 0.559435
vt 0.609169 0.559428
vt 0.619148 0.559277
vt 0.615095 0.577734
vt 0.609971 0.577617
vt 0.619226 0.577541
vt 0.614465 0.595341
vt 0.609308 0.595310
vt 0.618752 0.595303
vt 0.603417 0.595536
vt 0.595292 0.593848
vt 0.602469 0.576053
vt 0.586082 0.606638
vt 0.585534 0.591160
vt 0.580624 0.613673
vt 0.593988 0.574344
vt 0.582355 0.570998
vt 0.591575 0.555624
vt 0.600865 0.557519
vt 0.570633 0.567879
vt 0.578589 0.551848
vt 0.553746 0.563651
vt 0.559569 0.547139
vt 0.534330 0.558643
vt 0.538517 0.541762
vt 0.565340 0.530762
vt 0.586292 0.535996
vt 0.542878 0.525033
vt 0.515274 0.535673
vt 0.519197 0.518659
vt 0.547967 0.508549
vt 0.570742 0.513461
vt 0.524707 0.501588
vt 0.495212 0.512191
vt 0.502018 0.494709
vt 0.530823 0.484736
vt 0.552207 0.490200
vt 0.510668 0.476902
vt 0.486537 0.489547
vt 0.496583 0.471598
vt 0.506525 0.453637
vt 0.486436 0.467493
vt 0.496674 0.449632
vt 0.506153 0.432240
vt 0.488141 0.446220
vt 0.497906 0.429212
vt 0.506161 0.413738
vt 0.491883 0.427035
vt 0.500781 0.411716
vt 0.506970 0.400533
vt 0.495443 0.409946
vt 0.502064 0.398480
vt 0.511707 0.392200
vt 0.507032 0.389855
vt 0.497298 0.396380
vt 0.502551 0.387427
vt 0.510055 0.383658
vt 0.514467 0.386022
vt 0.506155 0.381271
vt 0.499122 0.385285
vt 0.502774 0.378956
vt 0.508357 0.377181
vt 0.512342 0.378771
vt 0.504995 0.375263
vt 0.499499 0.376940
vt 0.501695 0.373139
vt 0.495461 0.382886
vt 0.491637 0.380334
vt 0.495732 0.374553
vt 0.499051 0.370428
vt 0.491916 0.371390
vt 0.495817 0.366766
vt 0.501878 0.366873
vt 0.499384 0.362898
vt 0.492405 0.362090
vt 0.496088 0.357602
vt 0.502706 0.359138
vt 0.505652 0.363213
vt 0.499942 0.353311
vt 0.492268 0.351274
vt 0.496031 0.346979
vt 0.504076 0.349514
vt 0.507613 0.355420
vt 0.500949 0.342938
vt 0.491012 0.337785
vt 0.495416 0.333437
vt 0.507133 0.339306
vt 0.510677 0.347011
vt 0.501687 0.329801
vt 0.488796 0.321423
vt 0.493782 0.316953
vt 0.508327 0.326372
vt 0.513902 0.337878
vt 0.500139 0.313175
vt 0.485928 0.303549
vt 0.491156 0.299105
vt 0.480878 0.308233
vt 0.473376 0.294398
vt 0.477897 0.289905
vt 0.483467 0.285339
vt 0.470138 0.276140
vt 0.474989 0.271634
vt 0.465390 0.280608
vt 0.457678 0.266868
vt 0.462105 0.262654
vt 0.467374 0.257945
vt 0.455119 0.248014
vt 0.460024 0.243872
vt 0.472666 0.253385
vt 0.465983 0.239858
vt 0.454876 0.230070
vt 0.461174 0.225411
vt 0.475437 0.233067
vt 0.472270 0.219828
vt 0.457936 0.211605
vt 0.468178 0.206453
vt 0.487527 0.214256
vt 0.488542 0.202667
vt 0.467237 0.193236
vt 0.488548 0.191076
vt 0.518399 0.199829
vt 0.523966 0.189877
vt 0.490667 0.180206
vt 0.528249 0.179637
vt 0.561850 0.194712
vt 0.565929 0.186676
vt 0.531473 0.169931
vt 0.570404 0.175407
vt 0.599082 0.193776
vt 0.051329 0.948961
vt 0.069471 0.960395
vt 0.062511 0.969561
vt 0.047171 0.963545
vt 0.064725 0.942975
vt 0.077332 0.952213
vt 0.085633 0.969121
vt 0.081807 0.977520
vt 0.092373 0.959746
vt 0.092453 0.946039
vt 0.101651 0.951725
vt 0.104558 0.966363
vt 0.110813 0.955625
vt 0.115426 0.941517
vt 0.122160 0.945561
vt 0.118543 0.959535
vt 0.128435 0.948843
vt 0.136185 0.936577
vt 0.140816 0.939453
vt 0.133237 0.951424
vt 0.125856 0.961475
vt 0.144547 0.941738
vt 0.152268 0.932188
vt 0.154619 0.933547
vt 0.149444 0.944432
vt 0.140640 0.953874
vt 0.158542 0.937604
vt 0.161770 0.928817
vt 0.165422 0.932581
vt 0.162521 0.941669
vt 0.154930 0.948040
vt 0.169917 0.937369
vt 0.173676 0.933736
vt 0.175092 0.942401
vt 0.167210 0.946099
vt 0.179406 0.938478
vt 0.177283 0.929394
vt 0.183077 0.934887
vt 0.184910 0.942445
vt 0.180135 0.946528
vt 0.188351 0.938535
vt 0.187206 0.931720
vt 0.191798 0.935374
vt 0.190008 0.944630
vt 0.186536 0.948521
vt 0.193555 0.949536
vt 0.191137 0.954101
vt 0.182683 0.952337
vt 0.199027 0.950660
vt 0.198771 0.954709
vt 0.205931 0.950421
vt 0.186065 0.958158
vt 0.177905 0.957016
vt 0.174629 0.962905
vt 0.167070 0.961396
vt 0.168492 0.954038
vt 0.159015 0.960156
vt 0.161578 0.951635
vt 0.149446 0.956916
vt 0.174267 0.949539
vt 0.181458 0.928393
vt 0.183736 0.925523
vt 0.189788 0.928834
vt 0.187661 0.921374
vt 0.160538 0.927733
vt 0.165078 0.923117
vt 0.157041 0.925725
vt 0.160700 0.921953
vt 0.147946 0.929522
vt 0.141313 0.926104
vt 0.149071 0.922509
vt 0.129390 0.932706
vt 0.121526 0.928118
vt 0.132643 0.921509
vt 0.107431 0.936448
vt 0.095966 0.929293
vt 0.110983 0.920847
vt 0.080863 0.936351
vt 0.064495 0.922896
vt 0.081930 0.917182
vt 0.046672 0.926419
vt 0.031992 0.910047
vt 0.049852 0.907184
vt 0.494637 0.170317
vt 0.497707 0.160471
vt 0.522426 0.153977
vt 0.036488 0.940886
vt 0.468003 0.172050
vt 0.474152 0.161438
vt 0.468393 0.182663
vt 0.452832 0.185753
vt 0.452686 0.172739
vt 0.456472 0.198244
vt 0.447881 0.202380
vt 0.444544 0.189681
vt 0.451230 0.216276
vt 0.445451 0.220336
vt 0.441584 0.206879
vt 0.449700 0.234336
vt 0.444362 0.238360
vt 0.439412 0.224743
vt 0.450936 0.252595
vt 0.446944 0.256804
vt 0.440006 0.242383
vt 0.453973 0.271099
vt 0.450454 0.275355
vt 0.443360 0.261260
vt 0.461589 0.284503
vt 0.457743 0.289218
vt 0.469195 0.298518
vt 0.465401 0.303241
vt 0.476949 0.312083
vt 0.473039 0.316998
vt 0.484336 0.325567
vt 0.480535 0.330207
vt 0.487319 0.342241
vt 0.483494 0.347016
vt 0.476717 0.334927
vt 0.488492 0.355847
vt 0.484544 0.360646
vt 0.479749 0.351843
vt 0.488392 0.366872
vt 0.483839 0.372427
vt 0.480256 0.365710
vt 0.488042 0.377430
vt 0.482776 0.385092
vt 0.477876 0.380582
vt 0.486784 0.388194
vt 0.480018 0.399310
vt 0.475942 0.396167
vt 0.490453 0.391175
vt 0.483824 0.402341
vt 0.493969 0.394019
vt 0.487399 0.405016
vt 0.491021 0.407438
vt 0.482407 0.422247
vt 0.479087 0.419940
vt 0.487085 0.424715
vt 0.477816 0.441254
vt 0.473536 0.438556
vt 0.482666 0.443650
vt 0.472793 0.461174
vt 0.468031 0.458740
vt 0.478429 0.464011
vt 0.468374 0.482037
vt 0.462826 0.479116
vt 0.476599 0.485434
vt 0.466808 0.503362
vt 0.458463 0.500176
vt 0.477690 0.506522
vt 0.471482 0.523929
vt 0.459526 0.520513
vt 0.491295 0.529231
vt 0.488134 0.546367
vt 0.467433 0.540644
vt 0.511778 0.552745
vt 0.509090 0.569833
vt 0.485699 0.563448
vt 0.530828 0.574982
vt 0.484279 0.580048
vt 0.461233 0.591183
vt 0.462653 0.574546
vt 0.464653 0.557638
vt 0.445297 0.569896
vt 0.449164 0.553262
vt 0.453999 0.536920
vt 0.437484 0.549939
vt 0.443165 0.534009
vt 0.450832 0.517298
vt 0.435989 0.531527
vt 0.443959 0.514753
vt 0.453264 0.496675
vt 0.439611 0.511925
vt 0.448989 0.493898
vt 0.458641 0.476266
vt 0.445146 0.490982
vt 0.454462 0.473499
vt 0.464242 0.455818
vt 0.450956 0.470860
vt 0.460708 0.453132
vt 0.470045 0.435974
vt 0.457155 0.450448
vt 0.466470 0.433321
vt 0.475467 0.417197
vt 0.462599 0.430441
vt 0.471583 0.414223
vt 0.453287 0.447512
vt 0.449324 0.444510
vt 0.458685 0.427434
vt 0.467480 0.411042
vt 0.453561 0.423467
vt 0.462592 0.407181
vt 0.471474 0.391794
vt 0.455682 0.401373
vt 0.465128 0.385974
vt 0.473236 0.374955
vt 0.458888 0.378068
vt 0.467981 0.366361
vt 0.475607 0.356971
vt 0.461155 0.354348
vt 0.468527 0.345199
vt 0.472904 0.339724
vt 0.460788 0.332205
vt 0.465335 0.326495
vt 0.469227 0.321694
vt 0.457635 0.312727
vt 0.461486 0.307966
vt 0.452965 0.318482
vt 0.445759 0.304120
vt 0.450227 0.298484
vt 0.453999 0.293851
vt 0.443051 0.284637
vt 0.446807 0.279938
vt 0.438791 0.289917
vt 0.431494 0.276078
vt 0.435867 0.270620
vt 0.439651 0.265860
vt 0.428468 0.256691
vt 0.432241 0.251880
vt 0.436225 0.247178
vt 0.425133 0.237983
vt 0.429477 0.233284
vt 0.434495 0.229066
vt 0.424279 0.220139
vt 0.429838 0.215693
vt 0.435486 0.211469
vt 0.426194 0.202332
vt 0.431827 0.198001
vt 0.438277 0.193691
vt 0.428662 0.184591
vt 0.435928 0.179772
vt 0.443819 0.177554
vt 0.430171 0.166389
vt 0.434528 0.162833
vt 0.022161 0.885093
vt 0.022699 0.890117
vt 0.010324 0.896914
vt 0.008172 0.893598
vt 0.033733 0.878498
vt 0.036071 0.886431
vt 0.465015 0.160225
vt 0.041119 0.895273
vt 0.024689 0.898410
vt 0.051434 0.884630
vt 0.057151 0.893348
vt 0.068145 0.903069
vt 0.073700 0.889645
vt 0.083755 0.899084
vt 0.097829 0.909671
vt 0.095083 0.894150
vt 0.108230 0.904238
vt 0.122091 0.914321
vt 0.116129 0.899791
vt 0.130425 0.909544
vt 0.141490 0.917211
vt 0.135495 0.906279
vt 0.146327 0.914222
vt 0.154114 0.918764
vt 0.150443 0.910231
vt 0.139676 0.902638
vt 0.143205 0.898445
vt 0.154113 0.906378
vt 0.126929 0.893211
vt 0.130738 0.889299
vt 0.121963 0.896327
vt 0.108706 0.886718
vt 0.113866 0.883646
vt 0.102671 0.890012
vt 0.092400 0.881759
vt 0.098124 0.878603
vt 0.085066 0.885054
vt 0.078198 0.879572
vt 0.085832 0.876394
vt 0.067030 0.881696
vt 0.060492 0.875086
vt 0.072085 0.873732
vt 0.047617 0.876885
vt 0.044809 0.869326
vt 0.057851 0.868809
vt 0.032915 0.869018
vt 0.033127 0.861936
vt 0.045481 0.862387
vt 0.425158 0.170471
vt 0.418839 0.154111
vt 0.421975 0.152458
vt 0.021025 0.881839
vt 0.023836 0.855552
vt 0.034643 0.855655
vt 0.021112 0.857894
vt 0.422416 0.189308
vt 0.421816 0.172114
vt 0.011697 0.853755
vt 0.024774 0.850934
vt 0.010725 0.857260
vt 0.420438 0.206873
vt 0.416765 0.193706
vt 0.414345 0.211527
vt 0.410738 0.198362
vt 0.419332 0.224980
vt 0.414319 0.229494
vt 0.408699 0.216269
vt 0.421267 0.243025
vt 0.416677 0.248769
vt 0.409504 0.235411
vt 0.424157 0.262149
vt 0.417024 0.271258
vt 0.409874 0.257569
vt 0.424353 0.285042
vt 0.414770 0.297201
vt 0.407533 0.283401
vt 0.431597 0.298875
vt 0.421978 0.311097
vt 0.438552 0.313078
vt 0.429212 0.324889
vt 0.445764 0.327400
vt 0.436630 0.338896
vt 0.453564 0.341138
vt 0.443957 0.352961
vt 0.451871 0.366438
vt 0.438670 0.383900
vt 0.430209 0.369979
vt 0.448732 0.394025
vt 0.437756 0.411313
vt 0.426295 0.400979
vt 0.446654 0.418218
vt 0.437600 0.435678
vt 0.428402 0.428784
vt 0.444411 0.440810
vt 0.435184 0.458582
vt 0.428424 0.453339
vt 0.439960 0.462287
vt 0.430479 0.479706
vt 0.425611 0.475928
vt 0.443776 0.465276
vt 0.434210 0.482600
vt 0.447534 0.468200
vt 0.437977 0.485476
vt 0.441514 0.488165
vt 0.432004 0.506099
vt 0.428343 0.503197
vt 0.435693 0.508994
vt 0.426599 0.526327
vt 0.423066 0.523684
vt 0.431463 0.528864
vt 0.423654 0.545675
vt 0.418307 0.543583
vt 0.429643 0.547647
vt 0.423980 0.563654
vt 0.417525 0.561710
vt 0.432129 0.566103
vt 0.426846 0.581843
vt 0.417992 0.579255
vt 0.441141 0.585861
vt 0.233718 0.695559
vt 0.224556 0.689256
vt 0.247445 0.704747
vt 0.263685 0.715168
vt 0.254601 0.727609
vt 0.238433 0.717508
vt 0.244609 0.741130
vt 0.228635 0.730910
vt 0.258646 0.749910
vt 0.248761 0.764092
vt 0.234577 0.755101
vt 0.260484 0.771247
vt 0.238841 0.778540
vt 0.224559 0.769410
vt 0.214524 0.784163
vt 0.198896 0.773534
vt 0.208771 0.758974
vt 0.204702 0.799105
vt 0.189042 0.788844
vt 0.194263 0.814292
vt 0.178358 0.803951
vt 0.182179 0.828848
vt 0.167304 0.818670
vt 0.169682 0.843256
vt 0.156167 0.833504
vt 0.181879 0.852771
vt 0.170573 0.865584
vt 0.158174 0.856656
vt 0.180803 0.873071
vt 0.173089 0.882540
vt 0.162802 0.874430
vt 0.181430 0.889607
vt 0.167564 0.889470
vt 0.157144 0.881069
vt 0.163391 0.894508
vt 0.152741 0.886363
vt 0.159860 0.898697
vt 0.149167 0.890833
vt 0.168654 0.905843
vt 0.156387 0.903007
vt 0.145712 0.895329
vt 0.133416 0.886319
vt 0.136985 0.882007
vt 0.121053 0.877336
vt 0.124518 0.873042
vt 0.118157 0.880045
vt 0.107972 0.872609
vt 0.110696 0.869833
vt 0.103286 0.875601
vt 0.096521 0.870221
vt 0.100802 0.867177
vt 0.091632 0.873152
vt 0.086664 0.868987
vt 0.091289 0.866264
vt 0.080387 0.871136
vt 0.076402 0.867402
vt 0.082891 0.865114
vt 0.068948 0.868307
vt 0.066135 0.863177
vt 0.073627 0.862370
vt 0.057391 0.862061
vt 0.057320 0.855736
vt 0.066042 0.856076
vt 0.046490 0.855623
vt 0.047371 0.849814
vt 0.058452 0.850251
vt 0.036082 0.849626
vt 0.037567 0.842913
vt 0.049311 0.842894
vt 0.026323 0.845725
vt 0.027099 0.841752
vt 0.039371 0.836291
vt 0.404406 0.202952
vt 0.396964 0.191154
vt 0.399918 0.187064
vt 0.011621 0.850493
vt 0.398042 0.208771
vt 0.392898 0.194817
vt 0.403586 0.222157
vt 0.397186 0.229316
vt 0.391354 0.215308
vt 0.403181 0.243875
vt 0.394658 0.254847
vt 0.388597 0.240644
vt 0.400904 0.269313
vt 0.388058 0.285977
vt 0.381234 0.272319
vt 0.394737 0.300135
vt 0.379616 0.319589
vt 0.373011 0.305715
vt 0.401652 0.313899
vt 0.386505 0.333484
vt 0.408757 0.327832
vt 0.393868 0.346962
vt 0.416140 0.341500
vt 0.400987 0.361170
vt 0.423455 0.355289
vt 0.408374 0.374752
vt 0.417279 0.388163
vt 0.403735 0.407076
vt 0.393141 0.395192
vt 0.416513 0.418639
vt 0.406268 0.436408
vt 0.392911 0.425203
vt 0.419118 0.446242
vt 0.409887 0.463872
vt 0.396800 0.454028
vt 0.419078 0.470887
vt 0.409814 0.488537
vt 0.400879 0.481694
vt 0.416257 0.493525
vt 0.407477 0.511420
vt 0.400945 0.506408
vt 0.420701 0.497101
vt 0.411562 0.514667
vt 0.424510 0.500141
vt 0.415427 0.517689
vt 0.419338 0.520721
vt 0.410828 0.538313
vt 0.406854 0.535388
vt 0.414510 0.540946
vt 0.406466 0.557588
vt 0.402125 0.555321
vt 0.411786 0.559581
vt 0.404848 0.575443
vt 0.398932 0.573637
vt 0.411212 0.577294
vt 0.212602 0.680988
vt 0.208819 0.678371
vt 0.217378 0.684321
vt 0.209055 0.697921
vt 0.203998 0.694483
vt 0.216312 0.702905
vt 0.224930 0.708705
vt 0.207466 0.716839
vt 0.200227 0.711915
vt 0.216073 0.722635
vt 0.206344 0.736563
vt 0.197629 0.730702
vt 0.218741 0.744786
vt 0.196153 0.750567
vt 0.187408 0.744648
vt 0.186159 0.765002
vt 0.177671 0.759627
vt 0.176301 0.780536
vt 0.168088 0.775244
vt 0.166444 0.796106
vt 0.158397 0.790875
vt 0.156158 0.811275
vt 0.148327 0.806174
vt 0.145433 0.826051
vt 0.137893 0.821149
vt 0.135268 0.839906
vt 0.128302 0.835119
vt 0.145108 0.847463
vt 0.137759 0.856723
vt 0.127533 0.850011
vt 0.150621 0.865502
vt 0.144832 0.872436
vt 0.132025 0.863608
vt 0.140526 0.877647
vt 0.127986 0.868702
vt 0.117855 0.861518
vt 0.121938 0.856775
vt 0.114263 0.865715
vt 0.107128 0.860739
vt 0.111006 0.856562
vt 0.103400 0.864572
vt 0.098104 0.860923
vt 0.101454 0.857147
vt 0.095520 0.863223
vt 0.091622 0.860344
vt 0.093944 0.858128
vt 0.087443 0.862638
vt 0.083951 0.859826
vt 0.088069 0.857661
vt 0.079407 0.860614
vt 0.077455 0.856879
vt 0.081647 0.855817
vt 0.072432 0.855917
vt 0.072906 0.850413
vt 0.077509 0.851011
vt 0.066904 0.850530
vt 0.068619 0.843514
vt 0.074674 0.843966
vt 0.060168 0.843445
vt 0.062007 0.836706
vt 0.070624 0.836893
vt 0.051212 0.836220
vt 0.052977 0.829085
vt 0.064568 0.829665
vt 0.040537 0.828592
vt 0.043885 0.818435
vt 0.056865 0.818091
vt 0.385066 0.202597
vt 0.379227 0.188790
vt 0.382118 0.182614
vt 0.026857 0.838252
vt 0.035321 0.801687
vt 0.048478 0.803986
vt 0.030306 0.810388
vt 0.382180 0.226888
vt 0.378291 0.209486
vt 0.029830 0.777464
vt 0.043292 0.781002
vt 0.021646 0.793303
vt 0.374266 0.258949
vt 0.370402 0.241677
vt 0.024387 0.752223
vt 0.038001 0.756400
vt 0.016187 0.768807
vt 0.365936 0.292308
vt 0.361716 0.275470
vt 0.018603 0.726811
vt 0.032220 0.731186
vt 0.010829 0.743071
vt 0.357660 0.325940
vt 0.353229 0.309511
vt 0.012590 0.701514
vt 0.026526 0.705851
vt 0.005325 0.717118
vt 0.364462 0.339671
vt 0.349552 0.359587
vt 0.342888 0.345905
vt 0.371240 0.353427
vt 0.356431 0.373282
vt 0.378517 0.367101
vt 0.362598 0.387848
vt 0.385803 0.380863
vt 0.371111 0.400882
vt 0.381836 0.413195
vt 0.370179 0.431505
vt 0.358349 0.419468
vt 0.383400 0.443092
vt 0.373756 0.461380
vt 0.360451 0.449647
vt 0.387959 0.471902
vt 0.378849 0.489849
vt 0.364502 0.479068
vt 0.391928 0.499401
vt 0.382999 0.517235
vt 0.370243 0.507756
vt 0.392354 0.524237
vt 0.383486 0.541686
vt 0.374229 0.534822
vt 0.398729 0.529214
vt 0.390055 0.546383
vt 0.402875 0.532374
vt 0.394332 0.549488
vt 0.398204 0.552364
vt 0.389493 0.569247
vt 0.385660 0.566547
vt 0.394553 0.571369
vt 0.201403 0.673184
vt 0.198101 0.670813
vt 0.205022 0.675717
vt 0.196247 0.689153
vt 0.192559 0.686601
vt 0.200074 0.691797
vt 0.190931 0.705449
vt 0.187203 0.702810
vt 0.194813 0.708148
vt 0.185198 0.722068
vt 0.181279 0.719401
vt 0.190211 0.725616
vt 0.180247 0.739812
vt 0.175748 0.736849
vt 0.170741 0.755037
vt 0.165969 0.751918
vt 0.161294 0.770855
vt 0.156510 0.767799
vt 0.152064 0.786778
vt 0.146921 0.783508
vt 0.142111 0.802147
vt 0.137046 0.798901
vt 0.131995 0.817071
vt 0.127552 0.814048
vt 0.122754 0.831109
vt 0.118379 0.827958
vt 0.115300 0.841868
vt 0.110722 0.838715
vt 0.120785 0.845791
vt 0.115192 0.852070
vt 0.109687 0.848030
vt 0.105118 0.853030
vt 0.100642 0.850499
vt 0.105207 0.845151
vt 0.097182 0.854470
vt 0.093850 0.852305
vt 0.097204 0.848343
vt 0.090561 0.855667
vt 0.093703 0.846267
vt 0.097897 0.840406
vt 0.101604 0.842795
vt 0.090536 0.844368
vt 0.094588 0.838139
vt 0.087717 0.842477
vt 0.091385 0.835900
vt 0.084721 0.840368
vt 0.088020 0.833691
vt 0.082497 0.845840
vt 0.079151 0.844531
vt 0.081331 0.838811
vt 0.080863 0.850825
vt 0.076912 0.838012
vt 0.080015 0.830286
vt 0.084517 0.831589
vt 0.073638 0.829628
vt 0.077969 0.819039
vt 0.084887 0.821342
vt 0.069085 0.818428
vt 0.074430 0.804531
vt 0.083835 0.808116
vt 0.062061 0.804807
vt 0.070065 0.786025
vt 0.082696 0.790094
vt 0.056770 0.783737
vt 0.065664 0.761956
vt 0.079886 0.767576
vt 0.051683 0.759673
vt 0.060014 0.739043
vt 0.074883 0.743939
vt 0.046139 0.735212
vt 0.054775 0.714366
vt 0.069366 0.720073
vt 0.040577 0.710404
vt 0.048786 0.690211
vt 0.063543 0.696212
vt 0.034563 0.685830
vt 0.042345 0.665787
vt 0.057221 0.671613
vt 0.020326 0.681285
vt 0.027816 0.661234
vt 0.007590 0.670466
vt 0.013609 0.656488
vt 0.334748 0.379331
vt 0.329935 0.363947
vt 0.341560 0.393117
vt 0.327766 0.413073
vt 0.320638 0.399081
vt 0.349156 0.406902
vt 0.337724 0.425963
vt 0.348734 0.438208
vt 0.338382 0.455915
vt 0.326817 0.443621
vt 0.351284 0.467752
vt 0.341868 0.485653
vt 0.328691 0.473815
vt 0.356042 0.496760
vt 0.347555 0.514563
vt 0.333273 0.503046
vt 0.362024 0.525416
vt 0.353638 0.542582
vt 0.339056 0.531792
vt 0.365812 0.551969
vt 0.345956 0.559377
vt 0.375040 0.558937
vt 0.381467 0.563508
vt 0.189881 0.664853
vt 0.185208 0.661554
vt 0.193982 0.667809
vt 0.184979 0.681187
vt 0.180742 0.678116
vt 0.189213 0.684235
vt 0.180092 0.697864
vt 0.175665 0.694805
vt 0.183538 0.700263
vt 0.173763 0.714254
vt 0.170456 0.712089
vt 0.177437 0.716767
vt 0.167775 0.731555
vt 0.164087 0.729148
vt 0.171748 0.734206
vt 0.162010 0.749295
vt 0.158060 0.746705
vt 0.152263 0.765023
vt 0.148199 0.762435
vt 0.142542 0.780698
vt 0.138471 0.778113
vt 0.132893 0.796218
vt 0.128809 0.793619
vt 0.123403 0.811233
vt 0.119331 0.808553
vt 0.114317 0.824933
vt 0.110357 0.822115
vt 0.106727 0.835827
vt 0.103074 0.832982
vt 0.099629 0.830294
vt 0.106558 0.819491
vt 0.096253 0.827931
vt 0.102936 0.817184
vt 0.092612 0.825670
vt 0.099048 0.815135
vt 0.089023 0.823538
vt 0.095150 0.813276
vt 0.090888 0.811478
vt 0.099193 0.797135
vt 0.103579 0.799120
vt 0.091993 0.793977
vt 0.101360 0.777657
vt 0.108532 0.781181
vt 0.092339 0.773446
vt 0.102003 0.756660
vt 0.111164 0.761248
vt 0.089431 0.750692
vt 0.098873 0.733884
vt 0.111809 0.740498
vt 0.084133 0.726993
vt 0.093409 0.710075
vt 0.108258 0.717739
vt 0.078478 0.703111
vt 0.087338 0.686152
vt 0.102439 0.694035
vt 0.072184 0.679151
vt 0.080726 0.662434
vt 0.095959 0.670204
vt 0.065569 0.655240
vt 0.073640 0.638731
vt 0.088959 0.646417
vt 0.050472 0.648408
vt 0.058347 0.631623
vt 0.035403 0.642141
vt 0.043258 0.624600
vt 0.020676 0.636564
vt 0.028263 0.617919
vt 0.533209 0.091284
vt 0.549858 0.096527
vt 0.543695 0.112141
vt 0.527629 0.106795
vt 0.316676 0.430255
vt 0.308525 0.416826
vt 0.539290 0.078209
vt 0.555676 0.080736
vt 0.572238 0.086262
vt 0.565945 0.101935
vt 0.561981 0.067004
vt 0.578295 0.070068
vt 0.318599 0.461248
vt 0.594758 0.075599
vt 0.588402 0.091669
vt 0.584621 0.055418
vt 0.600794 0.059066
vt 0.320761 0.491629
vt 0.606958 0.044151
vt 0.326490 0.520800
vt 0.332780 0.549318
vt 0.135688 0.631145
vt 0.120335 0.623266
vt 0.128506 0.608313
vt 0.143811 0.616382
vt 0.158876 0.623982
vt 0.151318 0.639065
vt 0.165855 0.647693
vt 0.142852 0.653799
vt 0.127611 0.646312
vt 0.157595 0.662442
vt 0.177312 0.655971
vt 0.167946 0.669015
vt 0.148818 0.677159
vt 0.134525 0.669506
vt 0.158987 0.683690
vt 0.175952 0.674703
vt 0.166227 0.688306
vt 0.150039 0.698672
vt 0.139771 0.692714
vt 0.157259 0.703453
vt 0.171378 0.691922
vt 0.162040 0.706483
vt 0.147725 0.718412
vt 0.140756 0.714215
vt 0.152374 0.721397
vt 0.166152 0.709273
vt 0.156449 0.724007
vt 0.142252 0.736356
vt 0.137653 0.733436
vt 0.146568 0.739069
vt 0.160759 0.726887
vt 0.150856 0.741945
vt 0.136528 0.754887
vt 0.132466 0.752239
vt 0.140827 0.757709
vt 0.154431 0.744347
vt 0.144536 0.760087
vt 0.130866 0.773190
vt 0.126707 0.770450
vt 0.134733 0.775698
vt 0.124882 0.791116
vt 0.121029 0.788674
vt 0.115355 0.805986
vt 0.111602 0.803659
vt 0.107589 0.801264
vt 0.116883 0.785965
vt 0.112912 0.783682
vt 0.122676 0.767769
vt 0.118528 0.765395
vt 0.127900 0.749264
vt 0.121093 0.745086
vt 0.130845 0.729388
vt 0.121889 0.724704
vt 0.131027 0.708560
vt 0.117411 0.701632
vt 0.126110 0.685545
vt 0.111075 0.677915
vt 0.119461 0.661935
vt 0.104216 0.654202
vt 0.112313 0.638476
vt 0.096919 0.630694
vt 0.105006 0.615342
vt 0.081704 0.622924
vt 0.089900 0.607216
vt 0.066526 0.615336
vt 0.074696 0.599726
vt 0.051470 0.607673
vt 0.059646 0.592095
vt 0.559873 0.117519
vt 0.576040 0.122631
vt 0.570137 0.138076
vt 0.554092 0.132593
vt 0.036260 0.600965
vt 0.582108 0.107255
vt 0.558079 0.160945
vt 0.564222 0.150651
vt 0.113175 0.600229
vt 0.098276 0.592306
vt 0.517013 0.345825
vt 0.519449 0.352972
vt 0.513496 0.353748
vt 0.520120 0.359328
vt 0.515034 0.359479
vt 0.519655 0.365099
vt 0.515251 0.365439
vt 0.518513 0.370460
vt 0.514618 0.370031
vt 0.517586 0.374726
vt 0.513698 0.374049
vt 0.516382 0.380424
vt 0.509941 0.360974
vt 0.573360 0.495095
vt 0.592092 0.497345
vt 0.589681 0.517594
vt 0.599343 0.537286
vt 0.630078 0.644284
vt 0.564775 0.631192
vt 0.546175 0.628543
vt 0.555648 0.630113
vt 0.536176 0.627389
vt 0.548865 0.622480
vt 0.558053 0.623361
vt 0.538509 0.621205
vt 0.559926 0.616541
vt 0.567261 0.623916
vt 0.569466 0.616640
s 1
f 1/1/1 2/2/2 3/3/3 4/4/4
f 1/1/1 5/5/5 6/6/6 2/2/2
f 7/7/7 8/8/8 9/9/9 10/10/10
f 7/7/7 11/11/11 12/12/12 8/8/8
f 7/7/7 10/10/10 13/13/13 11/11/11
f 10/10/10 14/14/14 15/15/15 13/13/13
f 16/16/16 8/8/8 12/12/12 17/17/17
f 16/16/16 18/18/18 9/9/9 8/8/8
f 16/16/16 19/19/19 20/20/20 18/18/18
f 16/21/16 17/22/17 21/23/21 22/24/22
f 23/25/23 24/26/24 25/27/25 26/28/26
f 23/25/23 26/28/26 27/29/27 28/30/28
f 23/25/23 28/30/28 29/31/29 24/26/24
f 30/32/30 31/33/31 32/34/32 33/35/33
f 30/32/30 33/35/33 34/36/34 35/37/35
f 36/38/36 37/39/37 38/40/38 39/41/39
f 36/38/36 40/42/40 41/43/41 37/39/37
f 36/44/36 39/45/39 42/46/42 43/47/43
f 44/48/44 45/49/45 46/50/46 47/51/47
f 44/48/44 47/51/47 38/40/38 37/39/37
f 44/48/44 37/39/37 48/52/48 45/49/45
f 49/53/49 27/29/27 50/54/50 51/55/51
f 49/53/49 51/55/51 52/56/52 53/57/53
f 49/53/49 54/58/54 28/30/28 27/29/27
f 49/59/49 55/60/55 56/61/56 54/62/54
f 49/53/49 53/57/53 57/63/57 55/64/55
f 58/65/58 59/66/59 60/67/60 61/68/61
f 58/69/58 62/70/62 63/71/63 59/72/59
f 58/69/58 61/73/61 64/74/64 62/70/62
f 65/75/65 66/76/66 67/77/67 68/78/68
f 65/75/65 69/79/69 70/80/70 66/76/66
f 71/81/71 72/82/72 73/83/73 74/84/74
f 71/81/71 74/84/74 67/77/67 66/76/66
f 65/75/65 75/85/75 76/86/76 69/79/69
f 65/75/65 68/78/68 77/87/77 75/85/75
f 67/77/67 74/84/74 78/88/78 79/89/79
f 67/77/67 79/89/79 80/90/80 68/78/68
f 71/81/71 66/76/66 70/80/70 72/82/72
f 74/91/74 81/92/81 82/93/82 78/94/78
f 74/91/74 73/95/73 83/96/83 81/92/81
f 84/97/84 85/98/85 86/99/86 87/100/87
f 84/97/84 88/101/88 89/102/89 85/98/85
f 84/97/84 90/103/90 91/104/91 88/101/88
f 92/105/92 93/106/93 94/107/94 95/108/95
f 92/105/92 95/108/95 96/109/96 97/110/97
f 87/111/87 86/112/86 98/113/98 99/114/99
f 100/115/100 101/116/101 102/117/102 103/118/103
f 100/115/100 104/119/104 105/120/105 101/116/101
f 100/115/100 106/121/106 107/122/107 104/119/104
f 100/115/100 103/118/103 108/123/108 106/121/106
f 109/124/109 110/125/110 111/126/111 112/127/112
f 109/124/109 112/127/112 113/128/113 114/129/114
f 109/124/109 114/129/114 115/130/115 110/125/110
f 116/131/116 117/132/117 118/133/118 119/134/119
f 116/131/116 119/134/119 120/135/120 121/136/121
f 122/137/122 123/138/123 124/139/124 125/140/125
f 122/137/122 125/140/125 126/141/126 127/142/127
f 128/143/128 129/144/129 130/145/130 123/138/123
f 128/143/128 127/142/127 131/146/131 129/144/129
f 1/1/1 132/147/132 133/148/133 5/5/5
f 1/1/1 4/4/4 134/149/134 132/147/132
f 135/150/135 136/151/136 137/152/137 138/153/138
f 139/154/139 140/155/140 136/151/136 135/150/135
f 135/150/135 138/153/138 141/156/141 139/154/139
f 142/157/142 143/158/143 144/159/144 145/160/145
f 142/157/142 146/161/146 147/162/147 143/158/143
f 142/157/142 145/160/145 148/163/148 146/161/146
f 149/164/149 150/165/150 151/166/151 152/167/152
f 149/164/149 152/167/152 153/168/153 154/169/154
f 152/170/152 155/171/155 156/172/156 153/173/153
f 140/155/140 139/154/139 157/174/157 158/175/158
f 140/155/140 159/176/159 160/177/160 136/151/136
f 161/178/161 137/152/137 136/151/136 160/177/160
f 161/178/161 160/177/160 159/176/159 162/179/162
f 138/153/138 163/180/163 164/181/164 165/182/165
f 138/153/138 137/152/137 166/183/166 167/184/167
f 138/153/138 167/184/167 168/185/168 163/180/163
f 169/186/169 170/187/170 171/188/171 172/189/172
f 169/186/169 173/190/173 174/191/174 170/187/170
f 169/186/169 172/189/172 175/192/175 173/190/173
f 176/193/176 177/194/177 178/195/178 179/196/179
f 176/197/176 179/198/179 180/199/180 181/200/181
f 176/197/176 181/200/181 182/201/182 183/202/183
f 183/202/183 182/201/182 184/203/184 185/204/185
f 183/202/183 185/204/185 186/205/186 155/171/155
f 183/202/183 155/171/155 152/170/152 176/197/176
f 186/205/186 185/204/185 187/206/187 188/207/188
f 186/205/186 188/207/188 189/208/189 190/209/190
f 186/205/186 190/209/190 156/172/156 155/171/155
f 190/209/190 189/208/189 191/210/191 192/211/192
f 190/209/190 192/211/192 193/212/193 156/172/156
f 193/212/193 192/211/192 194/213/194 195/214/195
f 193/212/193 195/214/195 196/215/196 197/216/197
f 193/212/193 197/216/197 153/173/153 156/172/156
f 197/217/197 196/218/196 198/219/198 199/220/199
f 197/217/197 199/220/199 154/169/154 153/168/153
f 199/220/199 198/219/198 200/221/200 201/222/201
f 199/220/199 201/222/201 202/223/202 154/169/154
f 202/223/202 150/165/150 149/164/149 154/169/154
f 202/223/202 201/222/201 203/224/203 204/225/204
f 202/223/202 204/225/204 205/226/205 150/165/150
f 205/226/205 206/227/206 151/166/151 150/165/150
f 205/226/205 204/225/204 207/228/207 208/229/208
f 205/226/205 208/229/208 209/230/209 206/227/206
f 209/230/209 210/231/210 211/232/211 206/227/206
f 209/230/209 208/229/208 212/233/212 213/234/213
f 209/230/209 213/234/213 214/235/204 210/231/210
f 214/235/204 215/236/214 216/237/215 210/231/210
f 214/235/204 213/234/213 217/238/216 218/239/217
f 214/235/204 218/239/217 219/240/218 215/236/214
f 219/240/218 220/241/219 221/242/220 215/236/214
f 219/240/218 218/239/217 222/243/221 223/244/222
f 219/240/218 223/244/222 224/245/223 220/241/219
f 224/245/223 225/246/224 226/247/225 220/241/219
f 224/245/223 223/244/222 227/248/226 228/249/226
f 224/245/223 228/249/226 229/250/227 225/246/224
f 229/250/227 230/251/228 231/252/229 225/246/224
f 229/250/227 228/249/226 232/253/230 233/254/231
f 229/250/227 233/254/231 234/255/232 230/251/228
f 234/255/232 235/256/233 236/257/234 230/251/228
f 234/255/232 233/254/231 237/258/235 238/259/236
f 234/255/232 238/259/236 239/260/237 235/256/233
f 239/260/237 240/261/238 241/262/239 235/256/233
f 239/260/237 238/259/236 242/263/240 243/264/241
f 239/260/237 243/264/241 244/265/242 240/261/238
f 244/265/242 245/266/243 246/267/244 240/261/238
f 244/265/242 243/264/241 247/268/245 248/269/246
f 244/265/242 248/269/246 249/270/247 245/266/243
f 249/270/247 250/271/248 251/272/249 245/266/243
f 249/270/247 248/269/246 252/273/250 253/274/251
f 249/270/247 253/274/251 254/275/252 250/271/248
f 254/275/252 255/276/253 256/277/254 250/271/248
f 254/275/252 253/274/251 257/278/255 258/279/256
f 254/275/252 258/279/256 259/280/256 255/276/253
f 259/280/256 260/281/257 261/282/258 255/276/253
f 259/280/256 258/279/256 262/283/259 263/284/260
f 259/280/256 263/284/260 264/285/261 260/281/257
f 264/285/261 265/286/262 266/287/263 260/281/257
f 264/285/261 263/284/260 267/288/264 268/289/265
f 264/285/261 268/289/265 269/290/266 265/286/262
f 269/290/266 270/291/267 271/292/268 265/286/262
f 269/290/266 268/289/265 272/293/269 273/294/270
f 269/290/266 273/294/270 274/295/271 270/291/267
f 274/296/271 275/297/272 276/298/273 270/299/267
f 274/295/271 273/294/270 277/300/274 278/301/275
f 274/296/271 278/302/275 279/303/276 275/297/272
f 279/303/276 280/304/277 281/305/278 275/297/272
f 282/306/279 283/307/280 284/308/281 285/309/282
f 282/306/279 285/309/282 281/305/278 280/304/277
f 285/309/282 284/308/281 286/310/283 287/311/284
f 285/309/282 287/311/284 288/312/285 281/305/278
f 288/313/285 287/314/284 289/315/286 290/316/287
f 288/313/285 290/316/287 291/317/288 276/318/273
f 288/312/285 276/298/273 275/297/272 281/305/278
f 291/317/288 290/316/287 292/319/289 293/320/290
f 291/317/288 293/320/290 294/321/291 271/322/268
f 291/317/288 271/322/268 270/323/267 276/318/273
f 294/321/291 293/320/290 295/324/292 296/325/293
f 294/321/291 296/325/293 297/326/294 266/327/263
f 294/328/291 266/287/263 265/286/262 271/292/268
f 297/326/294 296/325/293 298/329/295 299/330/296
f 297/326/294 299/330/296 300/331/297 261/332/258
f 297/333/294 261/282/258 260/281/257 266/287/263
f 300/331/297 299/330/296 301/334/298 302/335/299
f 300/331/297 302/335/299 303/336/300 256/337/254
f 300/338/297 256/277/254 255/276/253 261/282/258
f 303/336/300 302/335/299 304/339/301 305/340/302
f 303/336/300 305/340/302 306/341/303 251/342/249
f 303/343/300 251/272/249 250/271/248 256/277/254
f 306/341/303 305/340/302 307/344/304 308/345/305
f 306/341/303 308/345/305 309/346/306 246/347/244
f 306/348/303 246/267/244 245/266/243 251/272/249
f 309/346/306 308/345/305 310/349/307 311/350/308
f 309/351/306 311/352/308 312/353/309 241/262/239
f 309/351/306 241/262/239 240/261/238 246/267/244
f 312/353/309 311/352/308 313/354/310 314/355/310
f 312/353/309 314/355/310 315/356/311 236/257/234
f 312/353/309 236/257/234 235/256/233 241/262/239
f 315/356/311 314/355/310 316/357/249 317/358/312
f 315/356/311 317/358/312 318/359/313 231/252/229
f 315/356/311 231/252/229 230/251/228 236/257/234
f 318/359/313 317/358/312 319/360/314 320/361/315
f 318/359/313 320/361/315 321/362/316 226/247/225
f 318/359/313 226/247/225 225/246/224 231/252/229
f 321/362/316 320/361/315 322/363/317 323/364/318
f 321/362/316 323/364/318 324/365/319 221/242/220
f 321/362/316 221/242/220 220/241/219 226/247/225
f 324/365/319 323/364/318 325/366/320 326/367/321
f 324/365/319 326/367/321 327/368/322 216/237/215
f 324/365/319 216/237/215 215/236/214 221/242/220
f 327/368/322 326/367/321 328/369/323 178/195/178
f 327/368/322 178/195/178 177/194/177 211/232/211
f 327/368/322 211/232/211 210/231/210 216/237/215
f 328/369/323 329/370/324 330/371/325 331/372/326
f 328/369/323 331/372/326 179/196/179 178/195/178
f 328/369/323 326/367/321 325/366/320 329/370/324
f 331/373/326 330/374/325 332/375/327 333/376/328
f 331/373/326 333/376/328 180/199/180 179/198/179
f 333/376/328 332/375/327 334/377/329 335/378/330
f 333/376/328 335/378/330 336/379/331 180/199/180
f 336/379/331 335/378/330 337/380/332 338/381/333
f 336/379/331 338/381/333 184/203/184 182/201/182
f 336/379/331 182/201/182 181/200/181 180/199/180
f 338/381/333 337/380/332 339/382/334 340/383/335
f 338/381/333 340/383/335 341/384/336 184/203/184
f 341/384/336 340/383/335 342/385/337 343/386/338
f 341/384/336 343/386/338 344/387/339 187/206/187
f 341/384/336 187/206/187 185/204/185 184/203/184
f 344/387/339 343/386/338 345/388/340 346/389/341
f 344/387/339 346/389/341 347/390/342 348/391/343
f 344/387/339 348/391/343 188/207/188 187/206/187
f 348/391/343 347/390/342 349/392/344 350/393/345
f 348/391/343 350/393/345 189/208/189 188/207/188
f 350/393/345 349/392/344 351/394/346 352/395/347
f 350/393/345 352/395/347 191/210/191 189/208/189
f 352/395/347 351/394/346 353/396/348 354/397/349
f 352/395/347 354/397/349 355/398/350 191/210/191
f 355/398/350 354/397/349 356/399/351 357/400/352
f 355/398/350 357/400/352 358/401/353 194/213/194
f 355/398/350 194/213/194 192/211/192 191/210/191
f 358/401/353 357/400/352 359/402/354 360/403/355
f 358/404/353 360/405/355 361/406/356 362/407/357
f 358/404/353 362/407/357 195/408/195 194/409/194
f 362/407/357 361/406/356 118/133/118 363/410/358
f 362/407/357 363/410/358 196/218/196 195/408/195
f 363/410/358 118/133/118 117/132/117 364/411/359
f 363/410/358 364/411/359 198/219/198 196/218/196
f 364/411/359 117/132/117 365/412/360 366/413/361
f 364/411/359 366/413/361 200/221/200 198/219/198
f 366/413/361 365/412/360 367/414/362 368/415/363
f 366/413/361 368/415/363 369/416/364 200/221/200
f 369/416/364 203/224/203 201/222/201 200/221/200
f 369/416/364 368/415/363 370/417/365 371/418/366
f 369/416/364 371/418/366 372/419/367 203/224/203
f 372/419/367 207/228/207 204/225/204 203/224/203
f 372/419/367 371/418/366 373/420/368 374/421/369
f 372/419/367 374/421/369 375/422/370 207/228/207
f 375/422/370 212/233/212 208/229/208 207/228/207
f 375/422/370 374/421/369 376/423/371 377/424/372
f 375/422/370 377/424/372 378/425/373 212/233/212
f 378/425/373 217/238/216 213/234/213 212/233/212
f 378/425/373 377/424/372 379/426/374 380/427/375
f 378/425/373 380/427/375 381/428/373 217/238/216
f 381/428/373 222/243/221 218/239/217 217/238/216
f 381/428/373 380/427/375 382/429/376 383/430/377
f 381/428/373 383/430/377 384/431/378 222/243/221
f 384/431/378 227/248/226 223/244/222 222/243/221
f 384/431/378 383/430/377 385/432/379 386/433/380
f 384/431/378 386/433/380 387/434/381 227/248/226
f 387/434/381 232/253/230 228/249/226 227/248/226
f 387/434/381 386/433/380 388/435/382 389/436/383
f 387/434/381 389/436/383 390/437/384 232/253/230
f 390/437/384 237/258/235 233/254/231 232/253/230
f 390/437/384 389/436/383 391/438/385 392/439/386
f 390/437/384 392/439/386 393/440/387 237/258/235
f 393/440/387 242/263/240 238/259/236 237/258/235
f 393/440/387 392/439/386 394/441/388 395/442/389
f 393/440/387 395/442/389 396/443/390 242/263/240
f 396/443/390 247/268/245 243/264/241 242/263/240
f 396/443/390 395/442/389 397/444/391 398/445/392
f 396/443/390 398/445/392 399/446/393 247/268/245
f 399/446/393 252/273/250 248/269/246 247/268/245
f 399/446/393 398/445/392 400/447/394 401/448/395
f 399/446/393 401/448/395 402/449/396 252/273/250
f 402/449/396 257/278/255 253/274/251 252/273/250
f 402/449/396 401/448/395 403/450/397 404/451/398
f 402/449/396 404/451/398 405/452/399 257/278/255
f 405/452/399 262/283/259 258/279/256 257/278/255
f 405/452/399 404/451/398 406/453/269 407/454/400
f 405/452/399 407/454/400 408/455/400 262/283/259
f 408/455/400 267/288/264 263/284/260 262/283/259
f 408/455/400 407/454/400 409/456/401 410/457/402
f 408/455/400 410/457/402 411/458/403 267/288/264
f 411/458/403 272/293/269 268/289/265 267/288/264
f 411/458/403 410/457/402 412/459/404 413/460/279
f 411/458/403 413/460/279 414/461/279 272/293/269
f 414/461/279 277/300/274 273/294/270 272/293/269
f 415/462/405 416/463/406 80/90/80 417/464/407
f 415/462/405 417/464/407 284/308/281 283/307/280
f 417/464/407 80/90/80 79/89/79 418/465/408
f 417/464/407 418/465/408 286/310/283 284/308/281
f 418/465/408 79/89/79 78/88/78 419/466/409
f 418/465/408 419/466/409 420/467/410 286/310/283
f 420/467/410 419/466/409 421/468/411 422/469/412
f 420/470/410 422/471/412 423/472/289 289/315/286
f 420/470/410 289/315/286 287/314/284 286/473/283
f 423/472/289 422/471/412 424/474/413 425/475/414
f 423/472/289 425/475/414 426/476/415 292/319/289
f 423/472/289 292/319/289 290/316/287 289/315/286
f 426/476/415 425/475/414 427/477/416 428/478/298
f 426/476/415 428/478/298 429/479/417 295/324/292
f 426/476/415 295/324/292 293/320/290 292/319/289
f 429/479/417 428/478/298 430/480/418 431/481/419
f 429/479/417 431/481/419 432/482/420 298/329/295
f 429/479/417 298/329/295 296/325/293 295/324/292
f 432/482/420 431/481/419 433/483/421 434/484/422
f 432/482/420 434/484/422 435/485/417 301/334/298
f 432/482/420 301/334/298 299/330/296 298/329/295
f 435/485/417 434/484/422 436/486/423 437/487/301
f 435/485/417 437/487/301 438/488/424 304/339/301
f 435/485/417 304/339/301 302/335/299 301/334/298
f 438/488/424 437/487/301 439/489/425 440/490/426
f 438/488/424 440/490/426 441/491/427 307/344/304
f 438/488/424 307/344/304 305/340/302 304/339/301
f 441/491/427 440/490/426 442/492/428 443/493/429
f 441/491/427 443/493/429 444/494/430 310/349/307
f 441/491/427 310/349/307 308/345/305 307/344/304
f 444/494/430 443/493/429 445/495/431 446/496/432
f 444/494/430 446/496/432 447/497/433 313/498/310
f 444/499/430 313/354/310 311/352/308 310/500/307
f 447/497/433 446/496/432 448/501/434 449/502/435
f 447/503/433 449/504/435 450/505/436 316/357/249
f 447/503/433 316/357/249 314/355/310 313/354/310
f 450/505/436 449/504/435 451/506/437 452/507/438
f 450/505/436 452/507/438 453/508/439 319/360/314
f 450/505/436 319/360/314 317/358/312 316/357/249
f 453/508/439 452/507/438 454/509/440 455/510/441
f 453/508/439 455/510/441 456/511/442 322/363/317
f 453/508/439 322/363/317 320/361/315 319/360/314
f 456/511/442 455/510/441 457/512/443 458/513/444
f 456/511/442 458/513/444 329/370/324 325/366/320
f 456/511/442 325/366/320 323/364/318 322/363/317
f 458/513/444 457/512/443 459/514/445 460/515/446
f 458/513/444 460/515/446 330/371/325 329/370/324
f 460/516/446 459/517/445 461/518/447 462/519/448
f 460/516/446 462/519/448 332/375/327 330/374/325
f 462/519/448 461/518/447 463/520/449 464/521/450
f 462/519/448 464/521/450 334/377/329 332/375/327
f 464/521/450 463/520/449 465/522/451 466/523/452
f 464/521/450 466/523/452 467/524/453 334/377/329
f 467/524/453 466/523/452 468/525/454 469/526/455
f 467/524/453 469/526/455 339/382/334 337/380/332
f 467/524/453 337/380/332 335/378/330 334/377/329
f 469/526/455 468/525/454 470/527/456 471/528/457
f 469/526/455 471/528/457 472/529/458 339/382/334
f 472/529/458 471/528/457 473/530/459 474/531/460
f 472/529/458 474/531/460 475/532/461 342/385/337
f 472/529/458 342/385/337 340/383/335 339/382/334
f 475/532/461 474/531/460 476/533/462 477/534/463
f 475/532/461 477/534/463 478/535/464 345/388/340
f 475/532/461 345/388/340 343/386/338 342/385/337
f 478/535/464 477/534/463 479/536/465 480/537/466
f 478/535/464 480/537/466 131/146/131 481/538/467
f 478/535/464 481/538/467 346/389/341 345/388/340
f 481/538/467 131/146/131 127/142/127 482/539/468
f 481/538/467 482/539/468 347/390/342 346/389/341
f 482/539/468 127/142/127 126/141/126 483/540/469
f 482/539/468 483/540/469 349/392/344 347/390/342
f 483/540/469 126/141/126 484/541/470 485/542/471
f 483/540/469 485/542/471 351/394/346 349/392/344
f 485/542/471 484/541/470 486/543/472 487/544/473
f 485/542/471 487/544/473 353/396/348 351/394/346
f 487/544/473 486/543/472 488/545/474 489/546/475
f 487/544/473 489/546/475 490/547/476 353/396/348
f 490/547/476 489/546/475 491/548/477 492/549/478
f 490/547/476 492/549/478 493/550/479 356/399/351
f 490/547/476 356/399/351 354/397/349 353/396/348
f 493/550/479 492/549/478 494/551/480 495/552/481
f 493/550/479 495/552/481 496/553/482 359/402/354
f 493/550/479 359/402/354 357/400/352 356/399/351
f 496/554/482 495/555/481 497/556/483 498/557/484
f 496/554/482 498/557/484 499/558/485 500/559/486
f 496/554/482 500/559/486 360/405/355 359/560/354
f 500/559/486 499/558/485 501/561/487 502/562/488
f 500/559/486 502/562/488 361/406/356 360/405/355
f 502/562/488 501/561/487 120/135/120 119/134/119
f 502/562/488 119/134/119 118/133/118 361/406/356
f 501/561/487 499/558/485 503/563/489 504/564/490
f 501/561/487 504/564/490 505/565/491 120/135/120
f 505/565/491 504/564/490 506/566/492 507/567/493
f 505/565/491 507/567/493 508/568/494 509/569/495
f 505/565/491 509/569/495 121/136/121 120/135/120
f 509/569/495 367/414/362 365/412/360 121/136/121
f 509/569/495 508/568/494 510/570/496 367/414/362
f 510/570/496 370/417/365 368/415/363 367/414/362
f 510/570/496 508/568/494 511/571/497 512/572/498
f 510/570/496 512/572/498 513/573/499 370/417/365
f 513/573/499 373/420/368 371/418/366 370/417/365
f 513/573/499 512/572/498 514/574/500 515/575/501
f 513/573/499 515/575/501 516/576/502 373/420/368
f 516/576/502 376/423/371 374/421/369 373/420/368
f 516/576/502 515/575/501 517/577/503 518/578/504
f 516/576/502 518/578/504 519/579/505 376/423/371
f 519/579/505 379/426/374 377/424/372 376/423/371
f 519/579/505 518/578/504 520/580/242 521/581/506
f 519/579/505 521/581/506 522/582/507 379/426/374
f 522/582/507 382/429/376 380/427/375 379/426/374
f 522/582/507 521/581/506 523/583/508 524/584/509
f 522/582/507 524/584/509 525/585/510 382/429/376
f 525/585/510 385/432/379 383/430/377 382/429/376
f 525/585/510 524/584/509 526/586/511 527/587/512
f 525/585/510 527/587/512 528/588/513 385/432/379
f 528/588/513 388/435/382 386/433/380 385/432/379
f 528/588/513 527/587/512 529/589/514 530/590/515
f 528/588/513 530/590/515 531/591/516 388/435/382
f 531/591/516 391/438/385 389/436/383 388/435/382
f 531/591/516 530/590/515 532/592/517 533/593/518
f 531/591/516 533/593/518 534/594/519 391/438/385
f 534/594/519 394/441/388 392/439/386 391/438/385
f 534/594/519 533/593/518 535/595/520 536/596/521
f 534/594/519 536/596/521 537/597/522 394/441/388
f 537/597/522 397/444/391 395/442/389 394/441/388
f 537/597/522 536/596/521 538/598/523 539/599/524
f 537/597/522 539/599/524 540/600/525 397/444/391
f 540/600/525 400/447/394 398/445/392 397/444/391
f 540/600/525 539/599/524 541/601/526 542/602/527
f 540/600/525 542/602/527 543/603/528 400/447/394
f 543/603/528 403/450/397 401/448/395 400/447/394
f 543/603/528 542/602/527 544/604/529 545/605/530
f 543/603/528 545/605/530 546/606/531 403/450/397
f 546/606/531 406/453/269 404/451/398 403/450/397
f 546/606/531 545/605/530 547/607/532 548/608/533
f 546/606/531 548/608/533 549/609/534 406/453/269
f 549/609/534 409/456/401 407/454/400 406/453/269
f 549/609/534 548/608/533 550/610/279 551/611/535
f 549/609/534 551/611/535 552/612/404 409/456/401
f 552/612/404 412/459/404 410/457/402 409/456/401
f 553/613/536 554/614/537 555/615/538 556/616/539
f 553/613/536 556/616/539 69/79/69 76/86/76
f 556/616/539 555/615/538 557/617/540 558/618/541
f 556/616/539 558/618/541 70/80/70 69/79/69
f 558/618/541 557/617/540 559/619/542 560/620/543
f 558/618/541 560/620/543 72/82/72 70/80/70
f 560/621/543 559/622/542 561/623/544 562/624/545
f 560/621/543 562/624/545 73/95/73 72/625/72
f 562/624/545 561/623/544 563/626/546 564/627/547
f 562/624/545 564/627/547 83/96/83 73/95/73
f 564/627/547 563/626/546 565/628/537 566/629/548
f 564/627/547 566/629/548 567/630/549 83/96/83
f 567/630/549 566/629/548 568/631/550 569/632/551
f 567/630/549 569/632/551 570/633/552 571/634/553
f 567/630/549 571/634/553 81/92/81 83/96/83
f 571/634/553 570/633/552 572/635/554 573/636/555
f 571/634/553 573/636/555 82/93/82 81/92/81
f 573/636/555 572/635/554 574/637/556 575/638/557
f 573/636/555 575/638/557 421/639/411 82/93/82
f 575/638/557 574/637/556 576/640/558 424/474/413
f 575/638/557 424/474/413 422/471/412 421/639/411
f 576/640/558 574/637/556 577/641/559 578/642/560
f 576/640/558 578/642/560 579/643/561 427/477/416
f 576/640/558 427/477/416 425/475/414 424/474/413
f 579/643/561 578/642/560 580/644/562 581/645/563
f 579/643/561 581/645/563 582/646/564 430/480/418
f 579/643/561 430/480/418 428/478/298 427/477/416
f 582/646/564 581/645/563 583/647/565 584/648/566
f 582/646/564 584/648/566 585/649/567 433/483/421
f 582/646/564 433/483/421 431/481/419 430/480/418
f 585/649/567 584/648/566 586/650/568 587/651/569
f 585/649/567 587/651/569 588/652/570 436/486/423
f 585/649/567 436/486/423 434/484/422 433/483/421
f 588/652/570 587/651/569 589/653/571 590/654/572
f 588/652/570 590/654/572 591/655/573 439/489/425
f 588/652/570 439/489/425 437/487/301 436/486/423
f 591/655/573 590/654/572 592/656/574 593/657/575
f 591/655/573 593/657/575 594/658/576 442/492/428
f 591/655/573 442/492/428 440/490/426 439/489/425
f 594/658/576 593/657/575 595/659/577 596/660/578
f 594/658/576 596/660/578 597/661/579 445/495/431
f 594/658/576 445/495/431 443/493/429 442/492/428
f 597/661/579 596/660/578 598/662/580 599/663/581
f 597/661/579 599/663/581 600/664/582 448/501/434
f 597/661/579 448/501/434 446/496/432 445/495/431
f 600/664/582 599/663/581 601/665/583 602/666/584
f 600/664/582 602/666/584 603/667/585 451/668/437
f 600/664/582 451/668/437 449/502/435 448/501/434
f 603/667/585 602/666/584 604/669/586 605/670/587
f 603/667/585 605/670/587 606/671/588 454/672/440
f 603/673/585 454/509/440 452/507/438 451/506/437
f 606/671/588 605/670/587 607/674/589 608/675/590
f 606/676/588 608/677/590 459/514/445 457/512/443
f 606/676/588 457/512/443 455/510/441 454/509/440
f 608/675/590 607/674/589 609/678/591 610/679/592
f 608/680/590 610/681/592 461/518/447 459/517/445
f 610/681/592 609/682/591 611/683/593 612/684/594
f 610/681/592 612/684/594 463/520/449 461/518/447
f 612/684/594 611/683/593 613/685/595 614/686/596
f 612/684/594 614/686/596 465/522/451 463/520/449
f 614/686/596 613/685/595 615/687/597 616/688/598
f 614/686/596 616/688/598 617/689/599 465/522/451
f 617/689/599 616/688/598 618/690/600 619/691/601
f 617/689/599 619/691/601 470/527/456 468/525/454
f 617/689/599 468/525/454 466/523/452 465/522/451
f 619/691/601 618/690/600 620/692/602 621/693/603
f 619/691/601 621/693/603 622/694/604 470/527/456
f 622/694/604 621/693/603 623/695/605 624/696/606
f 622/694/604 624/696/606 625/697/607 473/530/459
f 622/694/604 473/530/459 471/528/457 470/527/456
f 625/697/607 624/696/606 626/698/608 627/699/609
f 625/697/607 627/699/609 628/700/610 476/533/462
f 625/697/607 476/533/462 474/531/460 473/530/459
f 628/700/610 627/699/609 629/701/611 630/702/612
f 628/700/610 630/702/612 631/703/613 479/536/465
f 628/700/610 479/536/465 477/534/463 476/533/462
f 631/703/613 630/702/612 632/704/614 633/705/615
f 631/703/613 633/705/615 634/706/616 635/707/617
f 631/703/613 635/707/617 480/537/466 479/536/465
f 635/707/617 634/706/616 130/145/130 129/144/129
f 635/707/617 129/144/129 131/146/131 480/537/466
f 634/706/616 633/705/615 636/708/618 637/709/619
f 634/706/616 637/709/619 638/710/620 130/145/130
f 638/710/620 637/709/619 639/711/621 640/712/622
f 638/710/620 640/712/622 641/713/623 642/714/624
f 638/710/620 642/714/624 123/138/123 130/145/130
f 642/714/624 641/713/623 643/715/625 644/716/626
f 642/714/624 644/716/626 124/139/124 123/138/123
f 644/716/626 643/715/625 645/717/627 646/718/628
f 644/716/626 646/718/628 647/719/629 124/139/124
f 647/719/629 646/718/628 648/720/630 649/721/631
f 647/719/629 649/721/631 650/722/632 651/723/633
f 647/719/629 651/723/633 125/140/125 124/139/124
f 651/723/633 650/722/632 486/543/472 484/541/470
f 651/723/633 484/541/470 126/141/126 125/140/125
f 650/722/632 649/721/631 652/724/634 653/725/635
f 650/722/632 653/725/635 488/545/474 486/543/472
f 653/725/635 652/724/634 654/726/636 99/114/99
f 653/725/635 99/114/99 98/113/98 488/545/474
f 652/724/634 649/721/631 648/720/630 655/727/637
f 652/724/634 655/727/637 656/728/638 654/726/636
f 656/728/638 655/727/637 657/729/639 658/730/640
f 656/728/638 658/730/640 659/731/641 660/732/642
f 656/728/638 660/732/642 661/733/643 654/726/636
f 660/734/642 659/735/641 662/736/644 663/737/645
f 660/734/642 663/737/645 90/103/90 661/738/643
f 663/737/645 662/736/644 664/739/646 665/740/647
f 663/737/645 665/740/647 91/104/91 90/103/90
f 665/740/647 664/739/646 666/741/648 667/742/649
f 665/740/647 667/742/649 668/743/650 91/104/91
f 668/743/650 667/742/649 669/744/651 670/745/652
f 668/743/650 670/745/652 671/746/653 672/747/654
f 668/743/650 672/747/654 88/101/88 91/104/91
f 672/747/654 671/746/653 673/748/655 674/749/656
f 672/747/654 674/749/656 89/102/89 88/101/88
f 674/749/656 673/748/655 675/750/657 676/751/658
f 674/749/656 676/751/658 677/752/659 89/102/89
f 677/752/659 676/751/658 678/753/660 679/754/661
f 677/752/659 679/754/661 680/755/662 681/756/663
f 677/752/659 681/756/663 85/98/85 89/102/89
f 681/756/663 680/755/662 494/757/480 682/758/664
f 681/756/663 682/758/664 86/99/86 85/98/85
f 682/759/664 491/548/477 98/113/98 86/112/86
f 682/759/664 494/551/480 492/549/478 491/548/477
f 680/755/662 679/754/661 683/760/665 497/556/483
f 680/755/662 497/556/483 495/555/481 494/757/480
f 683/760/665 679/754/661 678/753/660 684/761/666
f 683/760/665 684/761/666 685/762/667 686/763/668
f 683/760/665 686/763/668 498/557/484 497/556/483
f 686/763/668 685/762/667 687/764/669 503/563/489
f 686/763/668 503/563/489 499/558/485 498/557/484
f 687/764/669 685/762/667 688/765/670 689/766/671
f 687/764/669 689/766/671 690/767/672 506/566/492
f 687/764/669 506/566/492 504/564/490 503/563/489
f 690/767/672 689/766/671 691/768/673 105/120/105
f 690/767/672 105/120/105 104/119/104 692/769/674
f 690/767/672 692/769/674 507/567/493 506/566/492
f 692/769/674 104/119/104 107/122/107 511/571/497
f 692/769/674 511/571/497 508/568/494 507/567/493
f 691/768/673 693/770/675 694/771/676 695/772/677
f 691/768/673 695/772/677 101/116/101 105/120/105
f 691/768/673 689/766/671 688/765/670 693/770/675
f 695/772/677 694/771/676 696/773/678 697/774/679
f 695/772/677 697/774/679 102/117/102 101/116/101
f 697/774/679 696/773/678 698/775/680 699/776/681
f 697/774/679 699/776/681 700/777/682 102/117/102
f 700/777/682 701/778/683 103/118/103 102/117/102
f 700/777/682 699/776/681 702/779/684 703/780/685
f 700/777/682 703/780/685 704/781/686 701/778/683
f 704/781/686 705/782/687 706/783/688 701/778/683
f 704/781/686 703/780/685 707/784/689 708/785/690
f 704/781/686 708/785/690 709/786/691 705/782/687
f 709/786/691 710/787/692 711/788/693 705/782/687
f 709/786/691 708/785/690 712/789/694 713/790/695
f 709/786/691 713/790/695 714/791/696 710/787/692
f 714/791/696 715/792/697 716/793/698 710/787/692
f 714/791/696 713/790/695 717/794/699 718/795/700
f 714/791/696 718/795/700 719/796/701 715/792/697
f 719/796/701 720/797/702 721/798/703 715/792/697
f 719/796/701 718/795/700 722/799/704 723/800/705
f 719/796/701 723/800/705 724/801/706 720/797/702
f 724/801/706 725/802/707 726/803/708 720/797/702
f 724/801/706 723/800/705 727/804/709 728/805/710
f 724/801/706 728/805/710 729/806/711 725/802/707
f 729/806/711 730/807/526 731/808/712 725/802/707
f 729/806/711 728/805/710 732/809/713 733/810/714
f 729/806/711 733/810/714 734/811/715 730/807/526
f 734/811/715 735/812/716 736/813/717 730/807/526
f 734/811/715 733/810/714 737/814/718 738/815/719
f 734/811/715 738/815/719 739/816/720 735/812/716
f 739/816/720 740/817/716 741/818/721 735/812/716
f 739/816/720 738/815/719 742/819/275 743/820/277
f 739/816/720 743/820/277 744/821/722 740/817/716
f 744/821/722 745/822/277 746/823/723 740/817/716
f 747/824/722 748/825/280 749/826/724 750/827/725
f 747/824/722 750/827/725 746/823/723 745/822/277
f 750/827/725 749/826/724 751/828/726 752/829/726
f 750/827/725 752/829/726 753/830/727 746/823/723
f 753/830/727 752/829/726 754/831/728 755/832/729
f 753/830/727 755/832/729 756/833/730 741/818/721
f 753/830/727 741/818/721 740/817/716 746/823/723
f 756/833/730 755/832/729 757/834/731 758/835/732
f 756/833/730 758/835/732 759/836/733 736/813/717
f 756/833/730 736/813/717 735/812/716 741/818/721
f 759/836/733 758/835/732 760/837/734 761/838/735
f 759/836/733 761/838/735 762/839/736 731/808/712
f 759/836/733 731/808/712 730/807/526 736/813/717
f 762/839/736 761/838/735 763/840/737 764/841/738
f 762/839/736 764/841/738 765/842/739 726/803/708
f 762/839/736 726/803/708 725/802/707 731/808/712
f 765/842/739 764/841/738 766/843/740 767/844/741
f 765/842/739 767/844/741 768/845/742 721/798/703
f 765/842/739 721/798/703 720/797/702 726/803/708
f 768/845/742 767/844/741 769/846/743 770/847/744
f 768/845/742 770/847/744 771/848/745 716/793/698
f 768/845/742 716/793/698 715/792/697 721/798/703
f 771/848/745 770/847/744 772/849/746 773/850/747
f 771/848/745 773/850/747 774/851/748 711/788/693
f 771/848/745 711/788/693 710/787/692 716/793/698
f 774/851/748 773/850/747 775/852/749 776/853/750
f 774/851/748 776/853/750 108/123/108 706/783/688
f 774/851/748 706/783/688 705/782/687 711/788/693
f 776/853/750 775/852/749 517/577/503 777/854/751
f 776/853/750 777/854/751 106/121/106 108/123/108
f 777/854/751 517/577/503 515/575/501 514/574/500
f 777/854/751 514/574/500 107/122/107 106/121/106
f 775/852/749 520/580/242 518/578/504 517/577/503
f 775/852/749 773/850/747 772/849/746 520/580/242
f 772/849/746 523/583/508 521/581/506 520/580/242
f 772/849/746 770/847/744 769/846/743 523/583/508
f 769/846/743 526/586/511 524/584/509 523/583/508
f 769/846/743 767/844/741 766/843/740 526/586/511
f 766/843/740 529/589/514 527/587/512 526/586/511
f 766/843/740 764/841/738 763/840/737 529/589/514
f 763/840/737 532/592/517 530/590/515 529/589/514
f 763/840/737 761/838/735 760/837/734 532/592/517
f 760/837/734 535/595/520 533/593/518 532/592/517
f 760/837/734 758/835/732 757/834/731 535/595/520
f 757/834/731 538/598/523 536/596/521 535/595/520
f 757/834/731 755/832/729 754/831/728 538/598/523
f 754/831/728 541/601/526 539/599/524 538/598/523
f 754/831/728 752/829/726 751/828/726 541/601/526
f 751/828/726 544/604/529 542/602/527 541/601/526
f 751/828/726 749/826/724 778/855/752 544/604/529
f 778/855/752 547/607/532 545/605/530 544/604/529
f 778/855/752 749/826/724 748/825/280 779/856/277
f 778/855/752 779/856/277 780/857/404 547/607/532
f 780/857/404 550/610/279 548/608/533 547/607/532
f 781/858/753 782/859/754 783/860/755 784/861/756
f 781/858/753 784/861/756 555/615/538 554/614/537
f 784/861/756 783/860/755 785/862/757 786/863/758
f 784/861/756 786/863/758 557/617/540 555/615/538
f 786/863/758 785/862/757 787/864/759 788/865/760
f 786/866/758 788/867/760 559/622/542 557/868/540
f 788/867/760 787/869/759 789/870/756 790/871/546
f 788/867/760 790/871/546 561/623/544 559/622/542
f 790/871/546 789/870/756 791/872/761 792/873/762
f 790/871/546 792/873/762 563/626/546 561/623/544
f 792/873/762 791/872/761 793/874/763 794/875/764
f 792/873/762 794/875/764 565/628/537 563/626/546
f 794/875/764 793/874/763 795/876/765 796/877/537
f 794/875/764 796/877/537 797/878/766 565/628/537
f 797/878/766 796/877/537 798/879/767 799/880/766
f 797/878/766 799/880/766 800/881/768 568/631/550
f 797/878/766 568/631/550 566/629/548 565/628/537
f 800/881/768 799/880/766 801/882/769 802/883/770
f 800/881/768 802/883/770 6/6/6 803/884/771
f 800/881/768 803/884/771 569/632/551 568/631/550
f 803/884/771 6/6/6 5/5/5 804/885/772
f 803/884/771 804/885/772 570/633/552 569/632/551
f 804/885/772 5/5/5 133/148/133 805/886/773
f 804/885/772 805/886/773 572/635/554 570/633/552
f 805/886/773 133/148/133 806/887/774 577/641/559
f 805/886/773 577/641/559 574/637/556 572/635/554
f 806/887/774 133/148/133 132/147/132 807/888/775
f 806/887/774 807/888/775 808/889/776 580/644/562
f 806/887/774 580/644/562 578/642/560 577/641/559
f 808/889/776 807/888/775 809/890/777 810/891/778
f 808/889/776 810/891/778 811/892/565 583/647/565
f 808/889/776 583/647/565 581/645/563 580/644/562
f 811/892/565 810/891/778 812/893/779 813/894/780
f 811/892/565 813/894/780 814/895/776 586/650/568
f 811/892/565 586/650/568 584/648/566 583/647/565
f 814/895/776 813/894/780 815/896/781 816/897/782
f 814/895/776 816/897/782 817/898/783 589/653/571
f 814/895/776 589/653/571 587/651/569 586/650/568
f 817/898/783 816/897/782 818/899/784 819/900/785
f 817/898/783 819/900/785 820/901/786 592/656/574
f 817/898/783 592/656/574 590/654/572 589/653/571
f 820/901/786 819/900/785 821/902/787 822/903/788
f 820/901/786 822/903/788 823/904/789 595/659/577
f 820/901/786 595/659/577 593/657/575 592/656/574
f 823/904/789 822/903/788 824/905/790 825/906/791
f 823/904/789 825/906/791 826/907/792 598/662/580
f 823/904/789 598/662/580 596/660/578 595/659/577
f 826/907/792 825/906/791 827/908/793 828/909/794
f 826/907/792 828/909/794 829/910/795 601/665/583
f 826/907/792 601/665/583 599/663/581 598/662/580
f 829/910/795 828/909/794 830/911/796 831/912/797
f 829/910/795 831/912/797 832/913/798 604/669/586
f 829/910/795 604/669/586 602/666/584 601/665/583
f 832/913/798 831/912/797 833/914/799 834/915/800
f 832/913/798 834/915/800 609/678/591 607/674/589
f 832/913/798 607/674/589 605/670/587 604/669/586
f 834/915/800 833/914/799 835/916/801 836/917/802
f 834/915/800 836/917/802 611/918/593 609/678/591
f 836/917/802 835/916/801 837/919/803 838/920/804
f 836/917/802 838/920/804 613/921/595 611/918/593
f 838/920/804 837/919/803 839/922/805 840/923/806
f 838/920/804 840/923/806 615/924/597 613/921/595
f 840/923/806 839/922/805 841/925/807 842/926/808
f 840/923/806 842/926/808 843/927/600 615/924/597
f 843/927/600 842/926/808 844/928/809 845/929/810
f 843/927/600 845/929/810 620/930/602 618/931/600
f 843/932/600 618/690/600 616/688/598 615/687/597
f 845/929/810 844/928/809 846/933/811 847/934/812
f 845/929/810 847/934/812 848/935/813 620/930/602
f 848/935/813 847/934/812 849/936/814 850/937/815
f 848/938/813 850/939/815 851/940/816 623/695/605
f 848/938/813 623/695/605 621/693/603 620/692/602
f 851/940/816 850/939/815 852/941/817 853/942/818
f 851/940/816 853/942/818 854/943/819 626/698/608
f 851/940/816 626/698/608 624/696/606 623/695/605
f 854/943/819 853/942/818 855/944/820 856/945/821
f 854/943/819 856/945/821 857/946/822 629/701/611
f 854/943/819 629/701/611 627/699/609 626/698/608
f 857/946/822 856/945/821 858/947/823 859/948/823
f 857/946/822 859/948/823 860/949/823 632/704/614
f 857/946/822 632/704/614 630/702/612 629/701/611
f 860/949/823 859/948/823 861/950/823 862/951/823
f 860/949/823 862/951/823 863/952/824 636/708/618
f 860/949/823 636/708/618 633/705/615 632/704/614
f 863/952/824 862/951/823 864/953/825 865/954/826
f 863/952/824 865/954/826 866/955/827 639/711/621
f 863/952/824 639/711/621 637/709/619 636/708/618
f 866/955/827 865/954/826 867/956/828 868/957/829
f 866/955/827 868/957/829 869/958/830 870/959/831
f 866/955/827 870/959/831 640/712/622 639/711/621
f 870/959/831 869/958/830 871/960/832 872/961/833
f 870/959/831 872/961/833 641/713/623 640/712/622
f 872/961/833 871/960/832 873/962/834 874/963/835
f 872/961/833 874/963/835 643/715/625 641/713/623
f 874/963/835 873/962/834 875/964/836 876/965/837
f 874/963/835 876/965/837 645/717/627 643/715/625
f 876/965/837 875/964/836 877/966/626 878/967/838
f 876/965/837 878/967/838 879/968/454 645/717/627
f 879/968/454 878/967/838 880/969/639 657/729/639
f 879/968/454 657/729/639 655/727/637 648/720/630
f 879/968/454 648/720/630 646/718/628 645/717/627
f 880/969/639 878/967/838 877/966/626 881/970/839
f 880/969/639 881/970/839 882/971/840 883/972/841
f 880/969/639 883/972/841 658/730/640 657/729/639
f 883/972/841 882/971/840 884/973/842 885/974/843
f 883/972/841 885/974/843 659/731/641 658/730/640
f 885/975/843 884/976/842 886/977/844 887/978/845
f 885/975/843 887/978/845 662/736/644 659/735/641
f 887/978/845 886/977/844 888/979/846 889/980/847
f 887/978/845 889/980/847 664/739/646 662/736/644
f 889/980/847 888/979/846 890/981/848 891/982/849
f 889/980/847 891/982/849 666/741/648 664/739/646
f 891/982/849 890/981/848 892/983/850 893/984/851
f 891/982/849 893/984/851 894/985/852 666/741/648
f 894/985/852 893/984/851 895/986/853 896/987/854
f 894/985/852 896/987/854 897/988/855 669/744/651
f 894/985/852 669/744/651 667/742/649 666/741/648
f 897/988/855 896/987/854 898/989/856 899/990/857
f 897/988/855 899/990/857 900/991/858 901/992/859
f 897/988/855 901/992/859 670/745/652 669/744/651
f 901/992/859 900/991/858 902/993/860 903/994/861
f 901/992/859 903/994/861 671/746/653 670/745/652
f 903/994/861 902/993/860 904/995/862 905/996/863
f 903/994/861 905/996/863 673/748/655 671/746/653
f 905/996/863 904/995/862 906/997/864 907/998/865
f 905/996/863 907/998/865 675/750/657 673/748/655
f 907/998/865 906/997/864 908/999/866 909/1000/867
f 907/998/865 909/1000/867 910/1001/868 675/750/657
f 910/1001/868 909/1000/867 911/1002/869 912/1003/870
f 910/1001/868 912/1003/870 684/761/666 678/753/660
f 910/1001/868 678/753/660 676/751/658 675/750/657
f 912/1003/870 911/1002/869 693/770/675 688/765/670
f 912/1003/870 688/765/670 685/762/667 684/761/666
f 911/1002/869 909/1000/867 908/999/866 913/1004/871
f 911/1002/869 913/1004/871 694/771/676 693/770/675
f 913/1004/871 908/999/866 914/1005/864 915/1006/872
f 913/1004/871 915/1006/872 696/773/678 694/771/676
f 915/1006/872 914/1005/864 916/1007/873 917/1008/874
f 915/1006/872 917/1008/874 698/775/680 696/773/678
f 917/1008/874 916/1007/873 918/1009/875 919/1010/857
f 917/1008/874 919/1010/857 920/1011/876 698/775/680
f 920/1011/876 702/779/684 699/776/681 698/775/680
f 920/1011/876 919/1010/857 921/1012/877 922/1013/878
f 920/1011/876 922/1013/878 923/1014/879 702/779/684
f 923/1014/879 707/784/689 703/780/685 702/779/684
f 923/1014/879 922/1013/878 924/1015/880 925/1016/881
f 923/1014/879 925/1016/881 926/1017/882 707/784/689
f 926/1017/882 712/789/694 708/785/690 707/784/689
f 926/1017/882 925/1016/881 927/1018/876 928/1019/883
f 926/1017/882 928/1019/883 929/1020/884 712/789/694
f 929/1020/884 717/794/699 713/790/695 712/789/694
f 929/1020/884 928/1019/883 930/1021/885 931/1022/886
f 929/1020/884 931/1022/886 932/1023/887 717/794/699
f 932/1023/887 722/799/704 718/795/700 717/794/699
f 932/1023/887 931/1022/886 933/1024/888 934/1025/889
f 932/1023/887 934/1025/889 935/1026/890 722/799/704
f 935/1026/890 727/804/709 723/800/705 722/799/704
f 935/1026/890 934/1025/889 936/1027/891 937/1028/892
f 935/1026/890 937/1028/892 938/1029/893 727/804/709
f 938/1029/893 732/809/713 728/805/710 727/804/709
f 938/1029/893 937/1028/892 939/1030/894 940/1031/895
f 938/1029/893 940/1031/895 941/1032/896 732/809/713
f 941/1032/896 737/814/718 733/810/714 732/809/713
f 941/1032/896 940/1031/895 942/1033/897 943/1034/898
f 941/1032/896 943/1034/898 944/1035/899 737/814/718
f 944/1035/899 742/819/275 738/815/719 737/814/718
f 945/1036/900 946/1037/901 939/1030/894 947/1038/902
f 945/1039/900 947/1040/902 948/1041/903 949/1042/904
f 948/1041/903 947/1040/902 936/1043/891 950/1044/905
f 948/1041/903 950/1044/905 951/1045/680 952/1046/906
f 948/1041/903 952/1046/906 953/1047/907 949/1042/904
f 953/1047/907 952/1046/906 53/57/53 52/56/52
f 954/1048/908 955/1049/546 956/1050/767 957/1051/909
f 954/1048/908 957/1051/909 35/37/35 34/36/34
f 957/1051/909 956/1050/767 958/1052/910 959/1053/911
f 957/1051/909 959/1053/911 960/1054/912 35/37/35
f 960/1055/912 961/1056/913 30/1057/30 35/1058/35
f 960/1054/912 959/1053/911 962/1059/914 963/1060/915
f 960/1055/912 963/1061/915 964/1062/916 961/1056/913
f 964/1062/916 965/1063/917 966/1064/918 961/1056/913
f 964/1062/916 963/1061/915 967/1065/919 968/1066/920
f 964/1062/916 968/1066/920 969/1067/921 965/1063/917
f 969/1067/921 789/870/756 787/869/759 965/1063/917
f 969/1067/921 968/1066/920 970/1068/922 971/1069/923
f 969/1067/921 971/1069/923 791/872/761 789/870/756
f 971/1069/923 970/1068/922 972/1070/924 973/1071/925
f 971/1069/923 973/1071/925 793/874/763 791/872/761
f 973/1071/925 972/1070/924 97/110/97 96/109/96
f 973/1071/925 96/109/96 795/876/765 793/874/763
f 972/1070/924 970/1068/922 974/1072/926 975/1073/927
f 972/1070/924 975/1073/927 976/1074/928 97/110/97
f 975/1073/927 974/1072/926 977/1075/929 978/1076/930
f 975/1073/927 978/1076/930 979/1077/931 976/1074/928
f 979/1077/931 978/1076/930 980/1078/537 981/1079/910
f 979/1077/931 981/1079/910 982/1080/537 983/1081/932
f 979/1077/931 983/1081/932 984/1082/933 976/1074/928
f 983/1081/932 982/1080/537 985/1083/934 986/1084/935
f 983/1081/932 986/1084/935 987/1085/936 984/1082/933
f 987/1085/936 988/1086/937 989/1087/938 984/1082/933
f 987/1085/936 986/1084/935 990/1088/939 991/1089/940
f 987/1085/936 991/1089/940 992/1090/941 988/1086/937
f 992/1090/941 993/1091/942 994/1092/943 988/1086/937
f 992/1090/941 991/1089/940 995/1093/944 996/1094/945
f 992/1090/941 996/1094/945 997/1095/946 993/1091/942
f 997/1095/946 998/1096/947 999/1097/948 993/1091/942
f 997/1095/946 996/1094/945 1000/1098/949 1001/1099/950
f 997/1095/946 1001/1099/950 1002/1100/756 998/1096/947
f 1002/1100/756 1003/1101/951 1004/1102/910 998/1096/947
f 1002/1100/756 1001/1099/950 168/185/168 1005/1103/952
f 1002/1100/756 1005/1103/952 1006/1104/953 1003/1101/951
f 1006/1104/953 1007/1105/954 1008/1106/955 1003/1101/951
f 1006/1104/953 1005/1103/952 1009/1107/956 1010/1108/957
f 1006/1104/953 1010/1108/957 1011/1109/958 1007/1105/954
f 1011/1109/958 1012/1110/959 1013/1111/960 1007/1105/954
f 1011/1109/958 1010/1108/957 1014/1112/961 1015/1113/962
f 1011/1109/958 1015/1113/962 1016/1114/963 1012/1110/959
f 1016/1114/963 1017/1115/964 1018/1116/965 1012/1110/959
f 1016/1114/963 1015/1113/962 1019/1117/966 1020/1118/967
f 1016/1114/963 1020/1118/967 1021/1119/968 1017/1115/964
f 1021/1119/968 173/190/173 175/192/175 1017/1115/964
f 1021/1119/968 1020/1118/967 1022/1120/969 1023/1121/970
f 1021/1119/968 1023/1121/970 174/191/174 173/190/173
f 1023/1121/970 1022/1120/969 1024/1122/971 1025/1123/972
f 1023/1121/970 1025/1123/972 1026/1124/973 174/191/174
f 1026/1124/973 1025/1123/972 1027/1125/974 1028/1126/975
f 1026/1124/973 1028/1126/975 1029/1127/976 1030/1128/977
f 1026/1124/973 1030/1128/977 170/187/170 174/191/174
f 1030/1128/977 1029/1127/976 1031/1129/978 1032/1130/979
f 1030/1128/977 1032/1130/979 171/188/171 170/187/170
f 1032/1130/979 1031/1129/978 1033/1131/980 1034/1132/981
f 1032/1130/979 1034/1132/981 1035/1133/982 171/188/171
f 1035/1133/982 1036/1134/983 172/189/172 171/188/171
f 1035/1133/982 1034/1132/981 1037/1135/984 1038/1136/985
f 1035/1133/982 1038/1136/985 1039/1137/986 1036/1134/983
f 1039/1137/986 1040/1138/987 1041/1139/988 1036/1134/983
f 1039/1137/986 1038/1136/985 1042/1140/989 1043/1141/990
f 1039/1137/986 1043/1141/990 1044/1142/991 1040/1138/987
f 1044/1142/991 1043/1141/990 1045/1143/992 1046/1144/993
f 1044/1142/991 1046/1144/993 1047/1145/994 1048/1146/995
f 1044/1142/991 1048/1146/995 1049/1147/996 1040/1138/987
f 1049/1147/996 1048/1146/995 1050/1148/997 1013/1111/960
f 1049/1147/996 1013/1111/960 1012/1110/959 1018/1116/965
f 1049/1147/996 1018/1116/965 1041/1139/988 1040/1138/987
f 1050/1148/997 1048/1146/995 1047/1145/994 1051/1149/998
f 1050/1148/997 1051/1149/998 1052/1150/550 1008/1106/955
f 1050/1148/997 1008/1106/955 1007/1105/954 1013/1111/960
f 1052/1150/550 1051/1149/998 1053/1151/999 1054/1152/1000
f 1052/1150/550 1054/1152/1000 1055/1153/1001 1004/1102/910
f 1052/1150/550 1004/1102/910 1003/1101/951 1008/1106/955
f 1055/1153/1001 1054/1152/1000 1056/1154/1002 1057/1155/1003
f 1055/1153/1001 1057/1155/1003 1058/1156/1004 999/1097/948
f 1055/1153/1001 999/1097/948 998/1096/947 1004/1102/910
f 1058/1156/1004 1057/1155/1003 1059/1157/1005 94/107/94
f 1058/1156/1004 94/107/94 93/106/93 994/1092/943
f 1058/1156/1004 994/1092/943 993/1091/942 999/1097/948
f 1059/1157/1005 1057/1155/1003 1056/1154/1002 1060/1158/1002
f 1059/1157/1005 1060/1158/1002 798/879/767 1061/1159/1006
f 1059/1157/1005 1061/1159/1006 95/108/95 94/107/94
f 1061/1159/1006 798/879/767 796/877/537 795/876/765
f 1061/1159/1006 795/876/765 96/109/96 95/108/95
f 1060/1158/1002 1056/1154/1002 1062/1160/1007 801/882/769
f 1060/1158/1002 801/882/769 799/880/766 798/879/767
f 1062/1160/1007 1063/1161/1008 802/883/770 801/882/769
f 1062/1160/1007 1056/1154/1002 1054/1152/1000 1053/1151/999
f 1062/1160/1007 1053/1151/999 1064/1162/1009 1063/1161/1008
f 1064/1162/1009 3/3/3 2/2/2 1063/1161/1008
f 1064/1162/1009 1053/1151/999 1051/1149/998 1047/1145/994
f 1064/1162/1009 1047/1145/994 1046/1144/993 3/3/3
f 1063/1161/1008 2/2/2 6/6/6 802/883/770
f 1046/1144/993 1045/1143/992 4/4/4 3/3/3
f 1045/1143/992 1043/1141/990 1042/1140/989 1065/1163/1010
f 1045/1143/992 1065/1163/1010 134/149/134 4/4/4
f 1065/1163/1010 1042/1140/989 1066/1164/1011 1067/1165/1012
f 1065/1163/1010 1067/1165/1012 809/890/777 134/149/134
f 1067/1165/1012 1066/1164/1011 1068/1166/1013 812/893/779
f 1067/1165/1012 812/893/779 810/891/778 809/890/777
f 1068/1166/1013 1066/1164/1011 1037/1135/984 1069/1167/1014
f 1068/1166/1013 1069/1167/1014 1070/1168/1015 815/896/781
f 1068/1166/1013 815/896/781 813/894/780 812/893/779
f 1070/1168/1015 1069/1167/1014 1033/1131/980 1071/1169/1016
f 1070/1168/1015 1071/1169/1016 1072/1170/1017 818/899/784
f 1070/1168/1015 818/899/784 816/897/782 815/896/781
f 1072/1170/1017 1071/1169/1016 1073/1171/1018 1074/1172/1019
f 1072/1170/1017 1074/1172/1019 1075/1173/1020 821/902/787
f 1072/1170/1017 821/902/787 819/900/785 818/899/784
f 1075/1173/1020 1074/1172/1019 1076/1174/1021 1077/1175/1022
f 1075/1173/1020 1077/1175/1022 1078/1176/1023 824/905/790
f 1075/1173/1020 824/905/790 822/903/788 821/902/787
f 1078/1176/1023 1077/1175/1022 1079/1177/1024 1080/1178/1025
f 1078/1176/1023 1080/1178/1025 1081/1179/1026 827/908/793
f 1078/1176/1023 827/908/793 825/906/791 824/905/790
f 1081/1179/1026 1080/1178/1025 1082/1180/1027 1083/1181/1028
f 1081/1179/1026 1083/1181/1028 1084/1182/1029 830/911/796
f 1081/1179/1026 830/911/796 828/909/794 827/908/793
f 1084/1182/1029 1083/1181/1028 1085/1183/1030 1086/1184/1031
f 1084/1182/1029 1086/1184/1031 835/916/801 833/914/799
f 1084/1182/1029 833/914/799 831/912/797 830/911/796
f 1086/1184/1031 1085/1183/1030 1087/1185/1032 1088/1186/1033
f 1086/1184/1031 1088/1186/1033 837/919/803 835/916/801
f 1088/1186/1033 1087/1185/1032 1089/1187/1034 1090/1188/1035
f 1088/1186/1033 1090/1188/1035 839/922/805 837/919/803
f 1090/1188/1035 1089/1187/1034 1091/1189/1036 1092/1190/1037
f 1090/1188/1035 1092/1190/1037 841/925/807 839/922/805
f 1092/1190/1037 1091/1189/1036 1093/1191/1038 1094/1192/1039
f 1092/1190/1037 1094/1192/1039 1095/1193/1040 841/925/807
f 1095/1193/1040 1094/1192/1039 1096/1194/1041 1097/1195/1042
f 1095/1193/1040 1097/1195/1042 846/933/811 844/928/809
f 1095/1193/1040 844/928/809 842/926/808 841/925/807
f 1097/1195/1042 1096/1194/1041 1098/1196/1043 1099/1197/1044
f 1097/1195/1042 1099/1197/1044 1100/1198/1045 846/933/811
f 1100/1198/1045 1099/1197/1044 1101/1199/1046 1102/1200/1047
f 1100/1198/1045 1102/1200/1047 1103/1201/1048 849/936/814
f 1100/1198/1045 849/936/814 847/934/812 846/933/811
f 1103/1201/1048 1102/1200/1047 1104/1202/1049 1105/1203/1050
f 1103/1201/1048 1105/1203/1050 1106/1204/1051 852/1205/817
f 1103/1201/1048 852/1205/817 850/937/815 849/936/814
f 1106/1204/1051 1105/1203/1050 1107/1206/1052 1108/1207/1053
f 1106/1204/1051 1108/1207/1053 1109/1208/1054 855/1209/820
f 1106/1210/1051 855/944/820 853/942/818 852/941/817
f 1109/1208/1054 1108/1207/1053 1110/1211/822 1111/1212/1055
f 1109/1213/1054 1111/1214/1055 1112/1215/1056 858/947/823
f 1109/1213/1054 858/947/823 856/945/821 855/944/820
f 1112/1215/1056 1111/1214/1055 1113/1216/1057 1114/1217/1058
f 1112/1215/1056 1114/1217/1058 1115/1218/1059 861/950/823
f 1112/1215/1056 861/950/823 859/948/823 858/947/823
f 1115/1218/1059 1114/1217/1058 1116/1219/1060 1117/1220/1061
f 1115/1218/1059 1117/1220/1061 1118/1221/1062 864/953/825
f 1115/1218/1059 864/953/825 862/951/823 861/950/823
f 1118/1221/1062 1117/1220/1061 1119/1222/1063 1120/1223/1064
f 1118/1221/1062 1120/1223/1064 1121/1224/1065 867/956/828
f 1118/1221/1062 867/956/828 865/954/826 864/953/825
f 1121/1224/1065 1120/1223/1064 1122/1225/1066 1123/1226/1067
f 1121/1224/1065 1123/1226/1067 1124/1227/1068 1125/1228/1069
f 1121/1224/1065 1125/1228/1069 868/957/829 867/956/828
f 1125/1228/1069 1124/1227/1068 1126/1229/1070 1127/1230/1071
f 1125/1228/1069 1127/1230/1071 869/958/830 868/957/829
f 1127/1230/1071 1126/1229/1070 1128/1231/1072 1129/1232/1073
f 1127/1230/1071 1129/1232/1073 871/960/832 869/958/830
f 1129/1232/1073 1128/1231/1072 1130/1233/1029 1131/1234/1074
f 1129/1232/1073 1131/1234/1074 873/962/834 871/960/832
f 1131/1234/1074 1130/1233/1029 1132/1235/1075 1133/1236/1076
f 1131/1234/1074 1133/1236/1076 875/964/836 873/962/834
f 1133/1236/1076 1132/1235/1075 1134/1237/1077 1135/1238/1078
f 1133/1236/1076 1135/1238/1078 877/966/626 875/964/836
f 1135/1238/1078 1134/1237/1077 1136/1239/1079 1137/1240/452
f 1135/1238/1078 1137/1240/452 881/970/839 877/966/626
f 1137/1240/452 1136/1239/1079 1138/1241/1080 1139/1242/1081
f 1137/1240/452 1139/1242/1081 882/971/840 881/970/839
f 1139/1242/1081 1138/1241/1080 1140/1243/1082 1141/1244/1083
f 1139/1242/1081 1141/1244/1083 884/973/842 882/971/840
f 1141/1245/1083 1140/1246/1082 1142/1247/1084 1143/1248/1085
f 1141/1245/1083 1143/1248/1085 886/977/844 884/976/842
f 1143/1248/1085 1142/1247/1084 1144/1249/1086 1145/1250/1087
f 1143/1248/1085 1145/1250/1087 888/979/846 886/977/844
f 1145/1250/1087 1144/1249/1086 1146/1251/1088 1147/1252/1089
f 1145/1250/1087 1147/1252/1089 890/981/848 888/979/846
f 1147/1252/1089 1146/1251/1088 1148/1253/1090 1149/1254/1091
f 1147/1252/1089 1149/1254/1091 892/983/850 890/981/848
f 1149/1254/1091 1148/1253/1090 1150/1255/1092 1151/1256/1093
f 1149/1254/1091 1151/1256/1093 1152/1257/1094 892/983/850
f 1152/1257/1094 1151/1256/1093 1153/1258/1095 1154/1259/1096
f 1152/1257/1094 1154/1259/1096 1155/1260/1096 895/986/853
f 1152/1257/1094 895/986/853 893/984/851 892/983/850
f 1155/1260/1096 1154/1259/1096 1156/1261/1097 1157/1262/1098
f 1155/1260/1096 1157/1262/1098 1158/1263/1099 898/989/856
f 1155/1260/1096 898/989/856 896/987/854 895/986/853
f 1158/1263/1099 1157/1262/1098 1159/1264/1097 1160/1265/1100
f 1158/1263/1099 1160/1265/1100 1161/1266/1101 1162/1267/1101
f 1158/1263/1099 1162/1267/1101 899/990/857 898/989/856
f 1162/1267/1101 1161/1266/1101 1163/1268/1102 1164/1269/1103
f 1162/1267/1101 1164/1269/1103 900/991/858 899/990/857
f 1164/1269/1103 1163/1268/1102 1165/1270/1104 1166/1271/1105
f 1164/1269/1103 1166/1271/1105 902/993/860 900/991/858
f 1166/1271/1105 1165/1270/1104 1167/1272/1106 1168/1273/1107
f 1166/1271/1105 1168/1273/1107 904/995/862 902/993/860
f 1168/1273/1107 1167/1272/1106 1169/1274/1108 1170/1275/1109
f 1168/1273/1107 1170/1275/1109 906/997/864 904/995/862
f 1170/1275/1109 1169/1274/1108 916/1007/873 914/1005/864
f 1170/1275/1109 914/1005/864 908/999/866 906/997/864
f 1169/1274/1108 1167/1272/1106 1171/1276/1110 1172/1277/1111
f 1169/1274/1108 1172/1277/1111 918/1009/875 916/1007/873
f 1172/1277/1111 1171/1276/1110 1173/1278/1112 1174/1279/1113
f 1172/1277/1111 1174/1279/1113 1175/1280/878 918/1009/875
f 1175/1280/878 921/1012/877 919/1010/857 918/1009/875
f 1175/1280/878 1174/1279/1113 1176/1281/1114 1177/1282/1115
f 1175/1280/878 1177/1282/1115 1178/1283/1116 921/1012/877
f 1178/1283/1116 924/1015/880 922/1013/878 921/1012/877
f 1178/1283/1116 1177/1282/1115 1179/1284/1117 1180/1285/1118
f 1178/1283/1116 1180/1285/1118 1181/1286/873 924/1015/880
f 1181/1286/873 927/1018/876 925/1016/881 924/1015/880
f 1181/1286/873 1180/1285/1118 1182/1287/856 1183/1288/1108
f 1181/1286/873 1183/1288/1108 1184/1289/1119 927/1018/876
f 1184/1289/1119 930/1021/885 928/1019/883 927/1018/876
f 1184/1289/1119 1183/1288/1108 1185/1290/1120 1186/1291/879
f 1184/1289/1119 1186/1291/879 1187/1292/681 930/1021/885
f 1187/1292/681 933/1024/888 931/1022/886 930/1021/885
f 1187/1292/681 1186/1291/879 57/1293/57 951/1294/680
f 1187/1295/681 951/1045/680 950/1044/905 933/1296/888
f 1186/1291/879 1185/1290/1120 55/60/55 57/1293/57
f 1185/1290/1120 1183/1288/1108 1182/1287/856 1188/1297/1121
f 1185/1290/1120 1188/1297/1121 56/61/56 55/60/55
f 1188/1297/1121 1182/1287/856 1189/1298/1097 1190/1299/1116
f 1188/1297/1121 1190/1299/1116 1191/1300/1122 56/61/56
f 1191/1300/1122 1190/1299/1116 1192/1301/1123 41/43/41
f 1191/1300/1122 41/43/41 40/42/40 1193/1302/1124
f 1191/1300/1122 1193/1302/1124 54/62/54 56/61/56
f 1192/1301/1123 1190/1299/1116 1189/1298/1097 1194/1303/876
f 1192/1301/1123 1194/1303/876 1195/1304/1125 48/52/48
f 1192/1301/1123 48/52/48 37/39/37 41/43/41
f 1195/1304/1125 1194/1303/876 1196/1305/1126 1197/1306/1127
f 1195/1304/1125 1197/1306/1127 1198/1307/1128 1199/1308/850
f 1195/1304/1125 1199/1308/850 45/49/45 48/52/48
f 1199/1308/850 1200/1309/1129 46/50/46 45/49/45
f 1199/1308/850 1198/1307/1128 1201/1310/1130 1200/1309/1129
f 1201/1310/1130 1202/1311/689 1203/1312/1131 1200/1309/1129
f 1201/1310/1130 1198/1307/1128 1204/1313/1132 1205/1314/1133
f 1201/1310/1130 1205/1314/1133 1206/1315/1134 1202/1311/689
f 1206/1315/1134 1207/1316/1135 1208/1317/873 1202/1311/689
f 1206/1315/1134 1205/1314/1133 1209/1318/1136 1210/1319/1137
f 1206/1315/1134 1210/1319/1137 1211/1320/1138 1207/1316/1135
f 1211/1320/1138 1212/1321/1139 1213/1322/1140 1207/1316/1135
f 1211/1320/1138 1210/1319/1137 1214/1323/1141 1215/1324/1142
f 1211/1320/1138 1215/1324/1142 1216/1325/1109 1212/1321/1139
f 1216/1325/1109 1217/1326/1100 1218/1327/46 1212/1321/1139
f 1216/1325/1109 1215/1324/1142 1160/1265/1100 1159/1264/1097
f 1216/1325/1109 1159/1264/1097 1219/1328/856 1217/1326/1100
f 1219/1328/856 1220/1329/1143 1221/1330/1108 1217/1326/1100
f 1219/1328/856 1159/1264/1097 1157/1262/1098 1156/1261/1097
f 1219/1328/856 1156/1261/1097 1222/1331/1144 1220/1329/1143
f 1222/1331/1144 1223/1332/1145 1224/1333/1146 1220/1329/1143
f 1222/1331/1144 1156/1261/1097 1154/1259/1096 1153/1258/1095
f 1222/1331/1144 1153/1258/1095 1225/1334/1147 1223/1332/1145
f 1225/1334/1147 1226/1335/1148 1227/1336/1149 1223/1332/1145
f 1225/1334/1147 1153/1258/1095 1151/1256/1093 1150/1255/1092
f 1225/1334/1147 1150/1255/1092 1228/1337/1150 1226/1335/1148
f 1228/1337/1150 1229/1338/1151 1230/1339/1152 1226/1335/1148
f 1228/1337/1150 1150/1255/1092 1148/1253/1090 1231/1340/1153
f 1228/1337/1150 1231/1340/1153 1232/1341/1154 1229/1338/1151
f 1232/1341/1154 1233/1342/1155 1234/1343/1156 1229/1338/1151
f 1232/1341/1154 1231/1340/1153 1235/1344/1157 1236/1345/1158
f 1232/1341/1154 1236/1345/1158 1237/1346/1159 1233/1342/1155
f 1237/1346/1159 1238/1347/1160 1239/1348/1161 1233/1342/1155
f 1237/1346/1159 1236/1345/1158 1240/1349/1162 1241/1350/1163
f 1237/1346/1159 1241/1350/1163 1242/1351/1164 1238/1347/1160
f 1242/1352/1164 1243/1353/1165 1244/1354/1166 1238/1355/1160
f 1242/1351/1164 1241/1350/1163 60/67/60 59/66/59
f 1242/1352/1164 59/72/59 63/71/63 1243/1353/1165
f 1244/1354/1166 1245/1356/1167 1246/1357/1168 1247/1358/1169
f 1244/1354/1166 1247/1358/1169 1239/1359/1161 1238/1355/1160
f 1244/1354/1166 1243/1353/1165 1248/1360/1170 1245/1356/1167
f 1248/1360/1170 1249/1361/1171 1250/1362/1172 1245/1356/1167
f 1248/1360/1170 1243/1353/1165 63/71/63 1251/1363/1173
f 1248/1360/1170 1251/1363/1173 1252/1364/1174 1249/1361/1171
f 1252/1364/1174 1253/1365/1175 1254/1366/1176 1249/1361/1171
f 1252/1364/1174 1251/1363/1173 1255/1367/1177 1256/1368/1178
f 1252/1364/1174 1256/1368/1178 1257/1369/1179 1253/1365/1175
f 1257/1369/1179 1258/1370/1180 1259/1371/1181 1253/1365/1175
f 1257/1369/1179 1256/1368/1178 1260/1372/1182 1261/1373/1183
f 1257/1369/1179 1261/1373/1183 1262/1374/1184 1258/1370/1180
f 1262/1374/1184 1263/1375/1185 1264/1376/1186 1258/1370/1180
f 1262/1374/1184 1261/1373/1183 1265/1377/1187 1266/1378/1188
f 1262/1374/1184 1266/1378/1188 1267/1379/1189 1263/1375/1185
f 1267/1379/1189 1268/1380/1190 1269/1381/1191 1263/1375/1185
f 1267/1379/1189 1266/1378/1188 1270/1382/1192 1271/1383/1193
f 1267/1379/1189 1271/1383/1193 1272/1384/1194 1268/1380/1190
f 1272/1384/1194 1273/1385/1195 1274/1386/1196 1268/1380/1190
f 1272/1384/1194 1271/1383/1193 1128/1231/1072 1126/1229/1070
f 1272/1384/1194 1126/1229/1070 1124/1227/1068 1273/1385/1195
f 1274/1386/1196 1275/1387/1197 1276/1388/1198 1277/1389/1199
f 1274/1386/1196 1277/1389/1199 1269/1381/1191 1268/1380/1190
f 1274/1386/1196 1273/1385/1195 1278/1390/1200 1275/1387/1197
f 1278/1390/1200 1279/1391/1201 1280/1392/1202 1275/1387/1197
f 1278/1390/1200 1273/1385/1195 1124/1227/1068 1123/1226/1067
f 1278/1390/1200 1123/1226/1067 1122/1225/1066 1279/1391/1201
f 1280/1392/1202 1281/1393/1203 1282/1394/1204 1283/1395/1205
f 1280/1392/1202 1283/1395/1205 1276/1388/1198 1275/1387/1197
f 1280/1392/1202 1279/1391/1201 1284/1396/1206 1281/1393/1203
f 1284/1396/1206 1285/1397/1207 1286/1398/1208 1281/1393/1203
f 1284/1396/1206 1279/1391/1201 1122/1225/1066 1287/1399/1209
f 1284/1396/1206 1287/1399/1209 1288/1400/1210 1285/1397/1207
f 1288/1400/1210 1289/1401/1211 1290/1402/1212 1285/1397/1207
f 1288/1400/1210 1287/1399/1209 1119/1222/1063 1291/1403/1213
f 1288/1400/1210 1291/1403/1213 1292/1404/1214 1289/1401/1211
f 1292/1405/1214 1293/1406/1215 1294/1407/1216 1289/1408/1211
f 1292/1404/1214 1291/1403/1213 1116/1219/1060 1295/1409/1217
f 1292/1405/1214 1295/1410/1217 1296/1411/1218 1293/1406/1215
f 1296/1411/1218 1297/1412/1219 1298/1413/1220 1293/1406/1215
f 1296/1411/1218 1295/1410/1217 1113/1414/1057 1299/1415/1221
f 1296/1411/1218 1299/1415/1221 1300/1416/1222 1297/1412/1219
f 1300/1416/1222 1301/1417/1223 1302/1418/1224 1297/1412/1219
f 1300/1416/1222 1299/1415/1221 1110/1211/822 1303/1419/1225
f 1300/1416/1222 1303/1419/1225 1304/1420/1226 1301/1417/1223
f 1304/1420/1226 1305/1421/1227 1306/1422/1228 1301/1417/1223
f 1304/1420/1226 1303/1419/1225 1107/1206/1052 1307/1423/1229
f 1304/1420/1226 1307/1423/1229 1308/1424/1230 1305/1421/1227
f 1308/1424/1230 1309/1425/1051 1310/1426/1231 1305/1421/1227
f 1308/1424/1230 1307/1423/1229 1104/1202/1049 1311/1427/1230
f 1308/1424/1230 1311/1427/1230 1312/1428/1053 1309/1425/1051
f 1312/1428/1053 1313/1429/1232 1314/1430/1059 1309/1425/1051
f 1312/1428/1053 1311/1427/1230 1101/1199/1046 1315/1431/1233
f 1312/1428/1053 1315/1431/1233 1316/1432/1234 1313/1429/1232
f 1316/1432/1234 1317/1433/1235 1318/1434/1236 1313/1429/1232
f 1316/1432/1234 1315/1431/1233 1098/1196/1043 1319/1435/1237
f 1316/1432/1234 1319/1435/1237 1320/1436/1238 1317/1433/1235
f 1320/1436/1238 1321/1437/1239 1322/1438/1240 1317/1433/1235
f 1320/1436/1238 1319/1435/1237 1323/1439/1241 1324/1440/1242
f 1320/1436/1238 1324/1440/1242 1325/1441/1243 1321/1437/1239
f 1325/1441/1243 1326/1442/1244 1327/1443/1245 1321/1437/1239
f 1325/1441/1243 1324/1440/1242 1328/1444/1246 1329/1445/1247
f 1325/1441/1243 1329/1445/1247 1330/1446/1248 1326/1442/1244
f 1330/1446/1248 1331/1447/1249 1332/1448/1250 1326/1442/1244
f 1330/1446/1248 1329/1445/1247 1333/1449/452 1334/1450/333
f 1330/1446/1248 1334/1450/333 1335/1451/1251 1331/1447/1249
f 1335/1451/1251 1336/1452/1252 158/175/158 1331/1447/1249
f 1335/1451/1251 1334/1450/333 1337/1453/1253 1338/1454/1254
f 1335/1451/1251 1338/1454/1254 1339/1455/1255 1336/1452/1252
f 1339/1455/1255 1340/1456/1256 1341/1457/1257 1336/1452/1252
f 1339/1455/1255 1338/1454/1254 1342/1458/1258 1343/1459/1259
f 1339/1455/1255 1343/1459/1259 1344/1460/1260 1340/1456/1256
f 1344/1460/1260 1345/1461/1261 1346/1462/1262 1340/1456/1256
f 1344/1460/1260 1343/1459/1259 1347/1463/1263 1024/1122/971
f 1344/1460/1260 1024/1122/971 1022/1120/969 1345/1461/1261
f 1347/1463/1263 1343/1459/1259 1342/1458/1258 1348/1464/1264
f 1347/1463/1263 1348/1464/1264 1349/1465/1265 1027/1125/974
f 1347/1463/1263 1027/1125/974 1025/1123/972 1024/1122/971
f 1349/1465/1265 1348/1464/1264 1350/1466/1266 1351/1467/1267
f 1349/1465/1265 1351/1467/1267 1352/1468/1268 1353/1469/1269
f 1349/1465/1265 1353/1469/1269 1028/1126/975 1027/1125/974
f 1353/1469/1269 1352/1468/1268 1076/1174/1021 1354/1470/1270
f 1353/1469/1269 1354/1470/1270 1029/1127/976 1028/1126/975
f 1354/1470/1270 1076/1174/1021 1074/1172/1019 1073/1171/1018
f 1354/1470/1270 1073/1171/1018 1031/1129/978 1029/1127/976
f 1352/1468/1268 1351/1467/1267 1355/1471/1271 1079/1177/1024
f 1352/1468/1268 1079/1177/1024 1077/1175/1022 1076/1174/1021
f 1355/1471/1271 1351/1467/1267 1350/1466/1266 1356/1472/1272
f 1355/1471/1271 1356/1472/1272 1357/1473/1273 1082/1180/1027
f 1355/1471/1271 1082/1180/1027 1080/1178/1025 1079/1177/1024
f 1357/1473/1273 1356/1472/1272 1358/1474/1274 1359/1475/1275
f 1357/1473/1273 1359/1475/1275 1087/1185/1032 1085/1183/1030
f 1357/1473/1273 1085/1183/1030 1083/1181/1028 1082/1180/1027
f 1359/1475/1275 1358/1474/1274 1360/1476/1276 1361/1477/1277
f 1359/1475/1275 1361/1477/1277 1089/1187/1034 1087/1185/1032
f 1361/1477/1277 1360/1476/1276 1333/1449/452 1362/1478/1278
f 1361/1477/1277 1362/1478/1278 1091/1189/1036 1089/1187/1034
f 1362/1478/1278 1333/1449/452 1329/1445/1247 1328/1444/1246
f 1362/1478/1278 1328/1444/1246 1093/1191/1038 1091/1189/1036
f 1360/1476/1276 1337/1453/1253 1334/1450/333 1333/1449/452
f 1360/1476/1276 1358/1474/1274 1363/1479/1279 1337/1453/1253
f 1363/1479/1279 1342/1458/1258 1338/1454/1254 1337/1453/1253
f 1363/1479/1279 1358/1474/1274 1356/1472/1272 1350/1466/1266
f 1363/1479/1279 1350/1466/1266 1348/1464/1264 1342/1458/1258
f 1346/1462/1262 1364/1480/1280 1365/1481/1281 1366/1482/1282
f 1346/1462/1262 1366/1482/1282 1341/1457/1257 1340/1456/1256
f 1346/1462/1262 1345/1461/1261 1019/1117/966 1364/1480/1280
f 1366/1482/1282 1365/1481/1281 162/179/162 159/176/159
f 1366/1482/1282 159/176/159 140/155/140 1341/1457/1257
f 1365/1481/1281 1364/1480/1280 1014/1112/961 1367/1483/1283
f 1365/1481/1281 1367/1483/1283 166/183/166 162/179/162
f 1367/1483/1283 1014/1112/961 1010/1108/957 1009/1107/956
f 1367/1483/1283 1009/1107/956 167/184/167 166/183/166
f 1364/1480/1280 1019/1117/966 1015/1113/962 1014/1112/961
f 1345/1461/1261 1022/1120/969 1020/1118/967 1019/1117/966
f 1341/1457/1257 140/155/140 158/175/158 1336/1452/1252
f 1332/1448/1250 157/174/157 1368/1484/1284 1369/1485/1285
f 1332/1448/1250 1369/1485/1285 1327/1443/1245 1326/1442/1244
f 1332/1448/1250 1331/1447/1249 158/175/158 157/174/157
f 1369/1485/1285 1368/1484/1284 1370/1486/1286 1371/1487/1287
f 1369/1485/1285 1371/1487/1287 1372/1488/1288 1327/1443/1245
f 1372/1488/1288 1371/1487/1287 1373/1489/1289 1374/1490/1290
f 1372/1488/1288 1374/1490/1290 1375/1491/1291 1322/1438/1240
f 1372/1488/1288 1322/1438/1240 1321/1437/1239 1327/1443/1245
f 1375/1491/1291 1374/1490/1290 1376/1492/1292 1377/1493/1293
f 1375/1491/1291 1377/1493/1293 1378/1494/1294 1318/1434/1236
f 1375/1491/1291 1318/1434/1236 1317/1433/1235 1322/1438/1240
f 1378/1494/1294 1377/1493/1293 1379/1495/598 1380/1496/1295
f 1378/1494/1294 1380/1496/1295 1381/1497/1296 1314/1430/1059
f 1378/1494/1294 1314/1430/1059 1313/1429/1232 1318/1434/1236
f 1381/1497/1296 1380/1496/1295 1382/1498/1297 1383/1499/1298
f 1381/1497/1296 1383/1499/1298 1384/1500/1299 1310/1426/1231
f 1381/1497/1296 1310/1426/1231 1309/1425/1051 1314/1430/1059
f 1384/1500/1299 1383/1499/1298 1385/1501/1300 1386/1502/1301
f 1384/1500/1299 1386/1502/1301 1387/1503/1302 1306/1422/1228
f 1384/1500/1299 1306/1422/1228 1305/1421/1227 1310/1426/1231
f 1387/1503/1302 1386/1502/1301 1388/1504/1303 1389/1505/1304
f 1387/1503/1302 1389/1505/1304 1390/1506/1305 1302/1418/1224
f 1387/1503/1302 1302/1418/1224 1301/1417/1223 1306/1422/1228
f 1390/1506/1305 1389/1505/1304 1391/1507/1306 1392/1508/1307
f 1390/1506/1305 1392/1508/1307 1393/1509/1308 1298/1413/1220
f 1390/1506/1305 1298/1413/1220 1297/1412/1219 1302/1418/1224
f 1393/1509/1308 1392/1508/1307 1394/1510/1309 1395/1511/1310
f 1393/1509/1308 1395/1511/1310 1396/1512/1311 1294/1407/1216
f 1393/1509/1308 1294/1407/1216 1293/1406/1215 1298/1413/1220
f 1396/1512/1311 1395/1511/1310 1397/1513/628 1398/1514/338
f 1396/1515/1311 1398/1516/338 1399/1517/1236 1290/1402/1212
f 1396/1515/1311 1290/1402/1212 1289/1401/1211 1294/1518/1216
f 1399/1517/1236 1398/1516/338 1400/1519/1312 1401/1520/1313
f 1399/1517/1236 1401/1520/1313 1402/1521/1314 1286/1398/1208
f 1399/1517/1236 1286/1398/1208 1285/1397/1207 1290/1402/1212
f 1402/1521/1314 1401/1520/1313 1403/1522/1315 1404/1523/1316
f 1402/1521/1314 1404/1523/1316 1405/1524/1317 1282/1394/1204
f 1402/1521/1314 1282/1394/1204 1281/1393/1203 1286/1398/1208
f 1405/1524/1317 1404/1523/1316 1406/1525/1318 1407/1526/1319
f 1405/1524/1317 1407/1526/1319 1408/1527/1320 1409/1528/1321
f 1405/1524/1317 1409/1528/1321 1283/1395/1205 1282/1394/1204
f 1409/1528/1321 1408/1527/1320 1410/1529/1322 1411/1530/1323
f 1409/1528/1321 1411/1530/1323 1276/1388/1198 1283/1395/1205
f 1411/1530/1323 1410/1529/1322 1412/1531/1324 1413/1532/1325
f 1411/1530/1323 1413/1532/1325 1277/1389/1199 1276/1388/1198
f 1413/1532/1325 1412/1531/1324 1414/1533/1326 1415/1534/1327
f 1413/1532/1325 1415/1534/1327 1269/1381/1191 1277/1389/1199
f 1415/1534/1327 1414/1533/1326 1416/1535/1328 1264/1376/1186
f 1415/1534/1327 1264/1376/1186 1263/1375/1185 1269/1381/1191
f 1416/1535/1328 1414/1533/1326 1417/1536/1329 1418/1537/1330
f 1416/1535/1328 1418/1537/1330 1419/1538/1331 1259/1371/1181
f 1416/1535/1328 1259/1371/1181 1258/1370/1180 1264/1376/1186
f 1419/1538/1331 1418/1537/1330 1420/1539/1332 1421/1540/1333
f 1419/1538/1331 1421/1540/1333 1422/1541/1334 1254/1366/1176
f 1419/1538/1331 1254/1366/1176 1253/1365/1175 1259/1371/1181
f 1422/1541/1334 1421/1540/1333 1423/1542/1335 1424/1543/1336
f 1422/1541/1334 1424/1543/1336 1425/1544/1337 1250/1362/1172
f 1422/1541/1334 1250/1362/1172 1249/1361/1171 1254/1366/1176
f 1425/1544/1337 1424/1543/1336 1426/1545/1338 1427/1546/1339
f 1425/1544/1337 1427/1546/1339 1428/1547/1340 1246/1357/1168
f 1425/1544/1337 1246/1357/1168 1245/1356/1167 1250/1362/1172
f 1428/1547/1340 1427/1546/1339 1429/1548/1341 1430/1549/1342
f 1428/1547/1340 1430/1549/1342 1431/1550/1343 1432/1551/1344
f 1428/1547/1340 1432/1551/1344 1247/1358/1169 1246/1357/1168
f 1432/1551/1344 1431/1550/1343 1433/1552/1345 1434/1553/1346
f 1432/1551/1344 1434/1553/1346 1239/1359/1161 1247/1358/1169
f 1434/1554/1346 1433/1555/1345 1435/1556/1347 1234/1343/1156
f 1434/1554/1346 1234/1343/1156 1233/1342/1155 1239/1348/1161
f 1435/1556/1347 1433/1555/1345 1436/1557/1348 1437/1558/1349
f 1435/1556/1347 1437/1558/1349 1438/1559/1350 1230/1339/1152
f 1435/1556/1347 1230/1339/1152 1229/1338/1151 1234/1343/1156
f 1438/1559/1350 1437/1558/1349 1439/1560/1351 1440/1561/1352
f 1438/1559/1350 1440/1561/1352 1441/1562/855 1227/1336/1149
f 1438/1559/1350 1227/1336/1149 1226/1335/1148 1230/1339/1152
f 1441/1562/855 1440/1561/1352 1442/1563/1115 1443/1564/1353
f 1441/1562/855 1443/1564/1353 1444/1565/1100 1224/1333/1146
f 1441/1562/855 1224/1333/1146 1223/1332/1145 1227/1336/1149
f 1444/1565/1100 1443/1564/1353 1445/1566/1354 1446/1567/1139
f 1444/1565/1100 1446/1567/1139 1447/1568/1355 1221/1330/1108
f 1444/1565/1100 1221/1330/1108 1220/1329/1143 1224/1333/1146
f 1447/1568/1355 1446/1567/1139 1448/1569/1356 1449/1570/1357
f 1447/1568/1355 1449/1570/1357 1450/1571/1358 1218/1327/46
f 1447/1568/1355 1218/1327/46 1217/1326/1100 1221/1330/1108
f 1450/1571/1358 1449/1570/1357 1451/1572/1359 1452/1573/1360
f 1450/1571/1358 1452/1573/1360 1453/1574/1361 1213/1322/1140
f 1450/1571/1358 1213/1322/1140 1212/1321/1139 1218/1327/46
f 1453/1574/1361 1452/1573/1360 1454/1575/1362 1455/1576/1363
f 1453/1574/1361 1455/1576/1363 1456/1577/873 1208/1317/873
f 1453/1574/1361 1208/1317/873 1207/1316/1135 1213/1322/1140
f 1456/1577/873 1455/1576/1363 1457/1578/1361 1458/1579/880
f 1456/1577/873 1458/1579/880 1459/1580/1364 1203/1312/1131
f 1456/1577/873 1203/1312/1131 1202/1311/689 1208/1317/873
f 1459/1580/1364 1458/1579/880 22/24/22 21/23/21
f 1459/1580/1364 21/23/21 47/51/47 46/50/46
f 1459/1580/1364 46/50/46 1200/1309/1129 1203/1312/1131
f 1458/1579/880 1457/1578/1361 1460/1581/1365 22/24/22
f 1460/1582/1365 1461/1583/1366 1462/1584/1367 19/19/19
f 1460/1582/1365 19/19/19 16/16/16 22/1585/22
f 1460/1581/1365 1457/1578/1361 1463/1586/1368 1461/1587/1366
f 1463/1588/1368 1464/1589/1369 1465/1590/1370 1461/1583/1366
f 1463/1586/1368 1457/1578/1361 1455/1576/1363 1454/1575/1362
f 1463/1586/1368 1454/1575/1362 1466/1591/1371 1464/1592/1369
f 1466/1593/1371 1467/1594/1372 1468/1595/1373 1464/1589/1369
f 1466/1591/1371 1454/1575/1362 1452/1573/1360 1451/1572/1359
f 1466/1591/1371 1451/1572/1359 1469/1596/1374 1467/1597/1372
f 1469/1598/1374 1470/1599/1375 1471/1600/1376 1467/1594/1372
f 1469/1596/1374 1451/1572/1359 1449/1570/1357 1448/1569/1356
f 1469/1596/1374 1448/1569/1356 1472/1601/1377 1470/1602/1375
f 1472/1603/1377 1473/1604/1378 1474/1605/1379 1470/1599/1375
f 1472/1601/1377 1448/1569/1356 1446/1567/1139 1445/1566/1354
f 1472/1601/1377 1445/1566/1354 1475/1606/1380 1473/1607/1378
f 1475/1608/1380 1476/1609/1381 1477/1610/1382 1473/1604/1378
f 1475/1606/1380 1445/1566/1354 1443/1564/1353 1442/1563/1115
f 1475/1606/1380 1442/1563/1115 1478/1611/1383 1476/1612/1381
f 1478/1613/1383 1479/1614/1384 1480/1615/1385 1476/1609/1381
f 1478/1611/1383 1442/1563/1115 1440/1561/1352 1439/1560/1351
f 1478/1611/1383 1439/1560/1351 1481/1616/1386 1479/1617/1384
f 1481/1618/1386 1482/1619/1387 1483/1620/1388 1479/1621/1384
f 1481/1616/1386 1439/1560/1351 1437/1558/1349 1436/1557/1348
f 1481/1618/1386 1436/1622/1348 1484/1623/1389 1482/1619/1387
f 1484/1623/1389 1485/1624/1390 1486/1625/1391 1482/1619/1387
f 1484/1623/1389 1436/1622/1348 1433/1552/1345 1431/1550/1343
f 1484/1623/1389 1431/1550/1343 1430/1549/1342 1485/1624/1390
f 1486/1625/1391 1487/1626/1392 1488/1627/1393 1489/1628/1394
f 1486/1625/1391 1489/1628/1394 1483/1620/1388 1482/1619/1387
f 1486/1625/1391 1485/1624/1390 1490/1629/1395 1487/1626/1392
f 1490/1629/1395 1491/1630/1396 1492/1631/1397 1487/1626/1392
f 1490/1629/1395 1485/1624/1390 1430/1549/1342 1429/1548/1341
f 1490/1629/1395 1429/1548/1341 1493/1632/1398 1491/1630/1396
f 1493/1632/1398 1494/1633/1399 1495/1634/1400 1491/1630/1396
f 1493/1632/1398 1429/1548/1341 1427/1546/1339 1426/1545/1338
f 1493/1632/1398 1426/1545/1338 1496/1635/1401 1494/1633/1399
f 1496/1635/1401 1497/1636/1402 1498/1637/1403 1494/1633/1399
f 1496/1635/1401 1426/1545/1338 1424/1543/1336 1423/1542/1335
f 1496/1635/1401 1423/1542/1335 1499/1638/1404 1497/1636/1402
f 1499/1638/1404 1500/1639/1405 1501/1640/1406 1497/1636/1402
f 1499/1638/1404 1423/1542/1335 1421/1540/1333 1420/1539/1332
f 1499/1638/1404 1420/1539/1332 1502/1641/1407 1500/1639/1405
f 1502/1641/1407 1503/1642/1408 1504/1643/1409 1500/1639/1405
f 1502/1641/1407 1420/1539/1332 1418/1537/1330 1417/1536/1329
f 1502/1641/1407 1417/1536/1329 1505/1644/1410 1503/1642/1408
f 1505/1644/1410 1506/1645/1411 1507/1646/1412 1503/1642/1408
f 1505/1644/1410 1417/1536/1329 1414/1533/1326 1412/1531/1324
f 1505/1644/1410 1412/1531/1324 1410/1529/1322 1506/1645/1411
f 1507/1646/1412 1508/1647/1413 1509/1648/1414 1510/1649/1415
f 1507/1646/1412 1510/1649/1415 1504/1643/1409 1503/1642/1408
f 1507/1646/1412 1506/1645/1411 1511/1650/1416 1508/1647/1413
f 1511/1650/1416 1512/1651/1417 1513/1652/1418 1508/1647/1413
f 1511/1650/1416 1506/1645/1411 1410/1529/1322 1408/1527/1320
f 1511/1650/1416 1408/1527/1320 1407/1526/1319 1512/1651/1417
f 1513/1652/1418 1514/1653/1419 1515/1654/1420 1516/1655/1421
f 1513/1652/1418 1516/1655/1421 1509/1648/1414 1508/1647/1413
f 1513/1652/1418 1512/1651/1417 1517/1656/1422 1514/1653/1419
f 1517/1656/1422 1518/1657/1423 1519/1658/1424 1514/1653/1419
f 1517/1656/1422 1512/1651/1417 1407/1526/1319 1406/1525/1318
f 1517/1656/1422 1406/1525/1318 1520/1659/1425 1518/1657/1423
f 1520/1659/1425 1521/1660/1426 1522/1661/1427 1518/1657/1423
f 1520/1659/1425 1406/1525/1318 1404/1523/1316 1403/1522/1315
f 1520/1659/1425 1403/1522/1315 1523/1662/1428 1521/1660/1426
f 1523/1663/1428 1524/1664/1429 1525/1665/1430 1521/1666/1426
f 1523/1662/1428 1403/1522/1315 1401/1520/1313 1400/1519/1312
f 1523/1662/1428 1400/1519/1312 1526/1667/1431 1524/1668/1429
f 1526/1669/1431 1527/1670/1432 1528/1671/1433 1524/1664/1429
f 1526/1667/1431 1400/1519/1312 1398/1516/338 1397/1672/628
f 1526/1669/1431 1397/1513/628 1529/1673/1434 1527/1670/1432
f 1529/1673/1434 1530/1674/1435 1531/1675/1436 1527/1670/1432
f 1529/1673/1434 1397/1513/628 1395/1511/1310 1394/1510/1309
f 1529/1673/1434 1394/1510/1309 1532/1676/1437 1530/1674/1435
f 1532/1676/1437 1533/1677/1438 1534/1678/1439 1530/1674/1435
f 1532/1676/1437 1394/1510/1309 1392/1508/1307 1391/1507/1306
f 1532/1676/1437 1391/1507/1306 1535/1679/1440 1533/1677/1438
f 1535/1679/1440 1536/1680/1441 1537/1681/1442 1533/1677/1438
f 1535/1679/1440 1391/1507/1306 1389/1505/1304 1388/1504/1303
f 1535/1679/1440 1388/1504/1303 1538/1682/1443 1536/1680/1441
f 1538/1682/1443 1539/1683/1444 1540/1684/1445 1536/1680/1441
f 1538/1682/1443 1388/1504/1303 1386/1502/1301 1385/1501/1300
f 1538/1682/1443 1385/1501/1300 1541/1685/1446 1539/1683/1444
f 1541/1685/1446 1542/1686/1447 1543/1687/1448 1539/1683/1444
f 1541/1685/1446 1385/1501/1300 1383/1499/1298 1382/1498/1297
f 1541/1685/1446 1382/1498/1297 1544/1688/1449 1542/1686/1447
f 1544/1688/1449 1545/1689/1450 1546/1690/1451 1542/1686/1447
f 1544/1688/1449 1382/1498/1297 1380/1496/1295 1379/1495/598
f 1544/1688/1449 1379/1495/598 1547/1691/1452 1545/1689/1450
f 1547/1691/1452 1548/1692/1453 1549/1693/1454 1545/1689/1450
f 1547/1691/1452 1379/1495/598 1377/1493/1293 1376/1492/1292
f 1547/1691/1452 1376/1492/1292 1550/1694/1455 1548/1692/1453
f 1550/1694/1455 1551/1695/1456 1552/1696/1457 1548/1692/1453
f 1550/1694/1455 1376/1492/1292 1374/1490/1290 1373/1489/1289
f 1550/1694/1455 1373/1489/1289 1553/1697/1458 1551/1695/1456
f 1553/1697/1458 148/163/148 1554/1698/460 1551/1695/1456
f 1553/1697/1458 1373/1489/1289 1371/1487/1287 1370/1486/1286
f 1553/1697/1458 1370/1486/1286 146/161/146 148/163/148
f 1554/1698/460 1555/1699/1459 1556/1700/1460 1557/1701/1457
f 1554/1698/460 1557/1701/1457 1552/1696/1457 1551/1695/1456
f 1554/1698/460 148/163/148 145/160/145 1555/1699/1459
f 1557/1701/1457 1556/1700/1460 1558/1702/1461 1559/1703/831
f 1557/1701/1457 1559/1703/831 1560/1704/1462 1552/1696/1457
f 1560/1704/1462 1559/1703/831 1561/1705/620 1562/1706/456
f 1560/1704/1462 1562/1706/456 1563/1707/1463 1549/1693/1454
f 1560/1704/1462 1549/1693/1454 1548/1692/1453 1552/1696/1457
f 1563/1707/1463 1562/1706/456 1564/1708/1464 1565/1709/823
f 1563/1707/1463 1565/1709/823 1566/1710/1465 1546/1690/1451
f 1563/1707/1463 1546/1690/1451 1545/1689/1450 1549/1693/1454
f 1566/1710/1465 1565/1709/823 1567/1711/1466 1568/1712/1467
f 1566/1710/1465 1568/1712/1467 1569/1713/1468 1543/1687/1448
f 1566/1710/1465 1543/1687/1448 1542/1686/1447 1546/1690/1451
f 1569/1713/1468 1568/1712/1467 1570/1714/1469 1571/1715/1470
f 1569/1713/1468 1571/1715/1470 1572/1716/1471 1540/1684/1445
f 1569/1713/1468 1540/1684/1445 1539/1683/1444 1543/1687/1448
f 1572/1716/1471 1571/1715/1470 1573/1717/1472 1574/1718/1473
f 1572/1716/1471 1574/1718/1473 1575/1719/1474 1537/1681/1442
f 1572/1716/1471 1537/1681/1442 1536/1680/1441 1540/1684/1445
f 1575/1719/1474 1574/1718/1473 1576/1720/1475 1577/1721/1476
f 1575/1719/1474 1577/1721/1476 1578/1722/1477 1534/1678/1439
f 1575/1719/1474 1534/1678/1439 1533/1677/1438 1537/1681/1442
f 1578/1722/1477 1577/1721/1476 1579/1723/1478 1580/1724/1479
f 1578/1722/1477 1580/1724/1479 1581/1725/1480 1531/1675/1436
f 1578/1722/1477 1531/1675/1436 1530/1674/1435 1534/1678/1439
f 1581/1725/1480 1580/1724/1479 1582/1726/1481 1583/1727/1482
f 1581/1725/1480 1583/1727/1482 1584/1728/1483 1528/1671/1433
f 1581/1725/1480 1528/1671/1433 1527/1670/1432 1531/1675/1436
f 1584/1728/1483 1583/1727/1482 1585/1729/1484 1586/1730/1485
f 1584/1728/1483 1586/1730/1485 1587/1731/1486 1525/1665/1430
f 1584/1728/1483 1525/1665/1430 1524/1664/1429 1528/1671/1433
f 1587/1731/1486 1586/1730/1485 1588/1732/1487 1589/1733/1488
f 1587/1731/1486 1589/1733/1488 1590/1734/1489 1522/1735/1427
f 1587/1736/1486 1522/1661/1427 1521/1660/1426 1525/1737/1430
f 1590/1734/1489 1589/1733/1488 1591/1738/1490 1592/1739/1491
f 1590/1740/1489 1592/1741/1491 1593/1742/1492 1519/1658/1424
f 1590/1740/1489 1519/1658/1424 1518/1657/1423 1522/1661/1427
f 1593/1742/1492 1592/1741/1491 1594/1743/1493 1595/1744/1494
f 1593/1742/1492 1595/1744/1494 1596/1745/1495 1515/1654/1420
f 1593/1742/1492 1515/1654/1420 1514/1653/1419 1519/1658/1424
f 1596/1745/1495 1595/1744/1494 1597/1746/1496 1598/1747/1497
f 1596/1745/1495 1598/1747/1497 1599/1748/1498 1600/1749/1499
f 1596/1745/1495 1600/1749/1499 1516/1655/1421 1515/1654/1420
f 1600/1749/1499 1599/1748/1498 1601/1750/1500 1602/1751/1501
f 1600/1749/1499 1602/1751/1501 1509/1648/1414 1516/1655/1421
f 1602/1751/1501 1601/1750/1500 1603/1752/1502 1604/1753/1503
f 1602/1751/1501 1604/1753/1503 1510/1649/1415 1509/1648/1414
f 1604/1753/1503 1603/1752/1502 1605/1754/1504 1606/1755/1505
f 1604/1753/1503 1606/1755/1505 1504/1643/1409 1510/1649/1415
f 1606/1755/1505 1605/1754/1504 1607/1756/1506 1501/1640/1406
f 1606/1755/1505 1501/1640/1406 1500/1639/1405 1504/1643/1409
f 1607/1756/1506 1605/1754/1504 1608/1757/1507 1609/1758/1508
f 1607/1756/1506 1609/1758/1508 1610/1759/1509 1498/1637/1403
f 1607/1756/1506 1498/1637/1403 1497/1636/1402 1501/1640/1406
f 1610/1759/1509 1609/1758/1508 1611/1760/1510 1612/1761/1511
f 1610/1759/1509 1612/1761/1511 1613/1762/1512 1495/1634/1400
f 1610/1759/1509 1495/1634/1400 1494/1633/1399 1498/1637/1403
f 1613/1762/1512 1612/1761/1511 1614/1763/1513 1615/1764/1514
f 1613/1762/1512 1615/1764/1514 1616/1765/1515 1492/1631/1397
f 1613/1762/1512 1492/1631/1397 1491/1630/1396 1495/1634/1400
f 1616/1765/1515 1615/1764/1514 1617/1766/1516 1618/1767/1517
f 1616/1765/1515 1618/1767/1517 1619/1768/1518 1488/1627/1393
f 1616/1765/1515 1488/1627/1393 1487/1626/1392 1492/1631/1397
f 1619/1768/1518 1618/1767/1517 1620/1769/1519 1621/1770/1520
f 1619/1768/1518 1621/1770/1520 1622/1771/1521 1623/1772/1522
f 1619/1768/1518 1623/1772/1522 1489/1628/1394 1488/1627/1393
f 1623/1772/1522 1622/1771/1521 1624/1773/1523 1625/1774/1524
f 1623/1772/1522 1625/1774/1524 1483/1620/1388 1489/1628/1394
f 1625/1774/1524 1624/1773/1523 1626/1775/1525 1480/1776/1385
f 1625/1774/1524 1480/1776/1385 1479/1621/1384 1483/1620/1388
f 1626/1775/1525 1624/1773/1523 1627/1777/1526 1628/1778/1527
f 1626/1779/1525 1628/1780/1527 1629/1781/1528 1477/1610/1382
f 1626/1779/1525 1477/1610/1382 1476/1609/1381 1480/1615/1385
f 1629/1781/1528 1628/1780/1527 1630/1782/1529 1631/1783/1530
f 1629/1781/1528 1631/1783/1530 1632/1784/1531 1474/1605/1379
f 1629/1781/1528 1474/1605/1379 1473/1604/1378 1477/1610/1382
f 1632/1784/1531 1631/1783/1530 1633/1785/1532 1634/1786/1533
f 1632/1784/1531 1634/1786/1533 1635/1787/1534 1471/1600/1376
f 1632/1784/1531 1471/1600/1376 1470/1599/1375 1474/1605/1379
f 1635/1787/1534 1634/1786/1533 1636/1788/1535 1637/1789/1536
f 1635/1787/1534 1637/1789/1536 1638/1790/1151 1468/1595/1373
f 1635/1787/1534 1468/1595/1373 1467/1594/1372 1471/1600/1376
f 1638/1790/1151 1637/1789/1536 1639/1791/1537 1640/1792/1538
f 1638/1790/1151 1640/1792/1538 1641/1793/1097 1465/1590/1370
f 1638/1790/1151 1465/1590/1370 1464/1589/1369 1468/1595/1373
f 1641/1793/1097 1640/1792/1538 1642/1794/1539 1643/1795/1118
f 1641/1793/1097 1643/1795/1118 1644/1796/1142 1462/1584/1367
f 1641/1793/1097 1462/1584/1367 1461/1583/1366 1465/1590/1370
f 1644/1796/1142 20/20/20 19/19/19 1462/1584/1367
f 1645/1797/537 1646/1798/910 1647/1799/910 1648/1800/1540
f 1645/1797/537 1648/1800/1540 1649/1801/1541 1650/1802/753
f 1650/1802/753 1649/1801/1541 1651/1803/1542 1652/1804/1542
f 1651/1803/1542 956/1050/767 955/1049/546 1652/1804/1542
f 1651/1803/1542 1649/1801/1541 1653/1805/1541 1654/1806/1541
f 1651/1803/1542 1654/1806/1541 958/1052/910 956/1050/767
f 1654/1806/1541 1653/1805/1541 1655/1807/753 1656/1808/753
f 1654/1806/1541 1656/1808/753 1657/1809/1540 958/1052/910
f 1657/1809/1540 962/1059/914 959/1053/911 958/1052/910
f 1657/1809/1540 1656/1808/753 1658/1810/753 1659/1811/546
f 1657/1812/1540 1659/1813/546 1660/1814/1543 962/1815/914
f 1660/1814/1543 967/1065/919 963/1061/915 962/1815/914
f 1660/1814/1543 1659/1813/546 1661/1816/546 977/1075/929
f 1660/1814/1543 977/1075/929 974/1072/926 967/1065/919
f 1661/1816/546 1659/1813/546 1658/1817/753 1662/1818/753
f 1661/1816/546 1662/1818/753 1663/1819/762 980/1078/537
f 1661/1816/546 980/1078/537 978/1076/930 977/1075/929
f 1663/1819/762 1662/1818/753 1664/1820/753 1665/1821/753
f 1663/1819/762 1665/1821/753 1666/1822/753 1667/1823/762
f 1663/1819/762 1667/1823/762 981/1079/910 980/1078/537
f 1667/1823/762 1666/1822/753 1668/1824/753 1669/1825/762
f 1667/1823/762 1669/1825/762 982/1080/537 981/1079/910
f 1669/1825/762 1668/1824/753 1670/1826/1544 1671/1827/1545
f 1669/1825/762 1671/1827/1545 985/1083/934 982/1080/537
f 1671/1827/1545 1670/1826/1544 1672/1828/1546 1673/1829/1547
f 1671/1827/1545 1673/1829/1547 1674/1830/1548 985/1083/934
f 1674/1830/1548 990/1088/939 986/1084/935 985/1083/934
f 1674/1830/1548 1673/1829/1547 1675/1831/762 1676/1832/1542
f 1674/1830/1548 1676/1832/1542 1677/1833/1549 990/1088/939
f 1677/1833/1549 995/1093/944 991/1089/940 990/1088/939
f 1677/1833/1549 1676/1832/1542 1678/1834/1550 1679/1835/1551
f 1677/1833/1549 1679/1835/1551 1680/1836/1552 995/1093/944
f 1680/1836/1552 1000/1098/949 996/1094/945 995/1093/944
f 1680/1836/1552 1679/1835/1551 1681/1837/1553 164/181/164
f 1680/1836/1552 164/181/164 163/180/163 1000/1098/949
f 1681/1837/1553 1679/1835/1551 1678/1834/1550 1682/1838/1001
f 1681/1837/1553 1682/1838/1001 1683/1839/1554 1684/1840/1555
f 1681/1837/1553 1684/1840/1555 165/182/165 164/181/164
f 1684/1840/1555 1683/1839/1554 1685/1841/758 1686/1842/1556
f 1684/1840/1555 1686/1842/1556 1687/1843/1557 165/182/165
f 1687/1843/1557 141/156/141 138/153/138 165/182/165
f 1687/1843/1557 1686/1842/1556 1688/1844/1558 144/159/144
f 1687/1843/1557 144/159/144 143/158/143 141/156/141
f 1688/1844/1558 1686/1842/1556 1685/1841/758 1689/1845/1559
f 1688/1844/1558 1689/1845/1559 1556/1700/1460 1555/1699/1459
f 1688/1844/1558 1555/1699/1459 145/160/145 144/159/144
f 1689/1845/1559 1685/1841/758 1690/1846/753 1691/1847/1560
f 1689/1845/1559 1691/1847/1560 1558/1702/1461 1556/1700/1460
f 1691/1847/1560 1690/1846/753 1692/1848/1548 1693/1849/1561
f 1691/1847/1560 1693/1849/1561 1694/1850/1562 1558/1702/1461
f 1694/1850/1562 1693/1849/1561 1695/1851/1563 1696/1852/1564
f 1694/1850/1562 1696/1852/1564 1697/1853/1464 1561/1705/620
f 1694/1850/1562 1561/1705/620 1559/1703/831 1558/1702/1461
f 1697/1853/1464 1696/1852/1564 1698/1854/1565 1699/1855/1566
f 1697/1853/1464 1699/1855/1566 1700/1856/332 1564/1708/1464
f 1697/1853/1464 1564/1708/1464 1562/1706/456 1561/1705/620
f 1700/1856/332 1699/1855/1566 1701/1857/1567 1702/1858/1568
f 1700/1856/332 1702/1858/1568 1703/1859/1569 1567/1711/1466
f 1700/1856/332 1567/1711/1466 1565/1709/823 1564/1708/1464
f 1703/1859/1569 1702/1858/1568 1704/1860/1570 1705/1861/1571
f 1703/1859/1569 1705/1861/1571 1706/1862/1572 1570/1714/1469
f 1703/1859/1569 1570/1714/1469 1568/1712/1467 1567/1711/1466
f 1706/1862/1572 1705/1861/1571 1707/1863/1573 1708/1864/1574
f 1706/1862/1572 1708/1864/1574 1709/1865/1575 1573/1717/1472
f 1706/1862/1572 1573/1717/1472 1571/1715/1470 1570/1714/1469
f 1709/1865/1575 1708/1864/1574 1710/1866/1576 1711/1867/1577
f 1709/1865/1575 1711/1867/1577 1712/1868/1578 1576/1720/1475
f 1709/1865/1575 1576/1720/1475 1574/1718/1473 1573/1717/1472
f 1712/1868/1578 1711/1867/1577 1713/1869/1579 1714/1870/1580
f 1712/1868/1578 1714/1870/1580 1715/1871/1581 1579/1723/1478
f 1712/1868/1578 1579/1723/1478 1577/1721/1476 1576/1720/1475
f 1715/1871/1581 1714/1870/1580 1716/1872/1582 1717/1873/1583
f 1715/1871/1581 1717/1873/1583 1718/1874/1584 1582/1726/1481
f 1715/1871/1581 1582/1726/1481 1580/1724/1479 1579/1723/1478
f 1718/1874/1584 1717/1873/1583 1719/1875/1585 1720/1876/1586
f 1718/1874/1584 1720/1876/1586 1721/1877/1587 1585/1729/1484
f 1718/1874/1584 1585/1729/1484 1583/1727/1482 1582/1726/1481
f 1721/1877/1587 1720/1876/1586 1722/1878/1588 1723/1879/1589
f 1721/1877/1587 1723/1879/1589 1724/1880/1590 1588/1732/1487
f 1721/1877/1587 1588/1732/1487 1586/1730/1485 1585/1729/1484
f 1724/1880/1590 1723/1879/1589 1725/1881/1591 1726/1882/1592
f 1724/1880/1590 1726/1882/1592 1727/1883/1593 1591/1738/1490
f 1724/1880/1590 1591/1738/1490 1589/1733/1488 1588/1732/1487
f 1727/1883/1593 1726/1882/1592 1728/1884/1594 1729/1885/1595
f 1727/1883/1593 1729/1885/1595 1730/1886/1596 1594/1887/1493
f 1727/1888/1593 1594/1743/1493 1592/1741/1491 1591/1889/1490
f 1730/1886/1596 1729/1885/1595 1731/1890/1597 1732/1891/1598
f 1730/1892/1596 1732/1893/1598 1733/1894/1599 1597/1746/1496
f 1730/1892/1596 1597/1746/1496 1595/1744/1494 1594/1743/1493
f 1733/1894/1599 1732/1893/1598 1734/1895/1600 1735/1896/1601
f 1733/1894/1599 1735/1896/1601 1736/1897/1602 1737/1898/1603
f 1733/1894/1599 1737/1898/1603 1598/1747/1497 1597/1746/1496
f 1737/1898/1603 1736/1897/1602 1738/1899/1604 1739/1900/1605
f 1737/1898/1603 1739/1900/1605 1599/1748/1498 1598/1747/1497
f 1739/1900/1605 1738/1899/1604 1740/1901/1606 1741/1902/1607
f 1739/1900/1605 1741/1902/1607 1601/1750/1500 1599/1748/1498
f 1741/1902/1607 1740/1901/1606 1742/1903/1608 1743/1904/1609
f 1741/1902/1607 1743/1904/1609 1603/1752/1502 1601/1750/1500
f 1743/1904/1609 1742/1903/1608 1744/1905/1610 1608/1757/1507
f 1743/1904/1609 1608/1757/1507 1605/1754/1504 1603/1752/1502
f 1744/1905/1610 1742/1903/1608 1745/1906/1611 1746/1907/1612
f 1744/1905/1610 1746/1907/1612 1747/1908/1613 1611/1760/1510
f 1744/1905/1610 1611/1760/1510 1609/1758/1508 1608/1757/1507
f 1747/1908/1613 1746/1907/1612 1748/1909/1614 1749/1910/1615
f 1747/1908/1613 1749/1910/1615 1750/1911/1616 1614/1763/1513
f 1747/1908/1613 1614/1763/1513 1612/1761/1511 1611/1760/1510
f 1750/1911/1616 1749/1910/1615 1751/1912/1617 1752/1913/1618
f 1750/1911/1616 1752/1913/1618 1753/1914/1619 1617/1766/1516
f 1750/1911/1616 1617/1766/1516 1615/1764/1514 1614/1763/1513
f 1753/1914/1619 1752/1913/1618 1754/1915/1620 1755/1916/1621
f 1753/1914/1619 1755/1916/1621 1756/1917/1622 1620/1769/1519
f 1753/1914/1619 1620/1769/1519 1618/1767/1517 1617/1766/1516
f 1756/1917/1622 1755/1916/1621 1757/1918/1623 1758/1919/1624
f 1756/1917/1622 1758/1919/1624 1759/1920/1625 1760/1921/1626
f 1756/1917/1622 1760/1921/1626 1621/1770/1520 1620/1769/1519
f 1760/1921/1626 1759/1920/1625 1761/1922/1627 1762/1923/1628
f 1760/1921/1626 1762/1923/1628 1622/1771/1521 1621/1770/1520
f 1762/1923/1628 1761/1922/1627 1763/1924/1629 1627/1777/1526
f 1762/1923/1628 1627/1777/1526 1624/1773/1523 1622/1771/1521
f 1763/1924/1629 1761/1922/1627 1764/1925/1630 1765/1926/1631
f 1763/1927/1629 1765/1928/1631 1766/1929/1632 1630/1782/1529
f 1763/1927/1629 1630/1782/1529 1628/1780/1527 1627/1930/1526
f 1766/1929/1632 1765/1928/1631 1767/1931/1633 1768/1932/1634
f 1766/1929/1632 1768/1932/1634 1769/1933/1635 1633/1785/1532
f 1766/1929/1632 1633/1785/1532 1631/1783/1530 1630/1782/1529
f 1769/1933/1635 1768/1932/1634 1770/1934/1636 1771/1935/1637
f 1769/1933/1635 1771/1935/1637 1772/1936/1638 1636/1788/1535
f 1769/1933/1635 1636/1788/1535 1634/1786/1533 1633/1785/1532
f 1772/1936/1638 1771/1935/1637 1773/1937/1639 1774/1938/1640
f 1772/1936/1638 1774/1938/1640 1775/1939/1641 1639/1791/1537
f 1772/1936/1638 1639/1791/1537 1637/1789/1536 1636/1788/1535
f 1775/1939/1641 1642/1794/1539 1640/1792/1538 1639/1791/1537
f 1776/1940/762 1777/1941/1642 1778/1942/1643 1779/1943/1001
f 1776/1940/762 1779/1943/1001 1780/1944/1644 1781/1945/537
f 1780/1944/1644 1647/1799/910 1646/1798/910 1781/1945/537
f 1780/1944/1644 1779/1943/1001 1782/1946/1003 1783/1947/1645
f 1780/1944/1644 1783/1947/1645 1784/1948/1644 1647/1799/910
f 1784/1948/1644 1785/1949/1646 1648/1800/1540 1647/1799/910
f 1784/1948/1644 1783/1947/1645 1786/1950/756 1787/1951/1006
f 1784/1948/1644 1787/1951/1006 1788/1952/762 1785/1949/1646
f 1788/1952/762 1655/1807/753 1653/1805/1541 1785/1949/1646
f 1788/1952/762 1787/1951/1006 1789/1953/753 1790/1954/762
f 1788/1952/762 1790/1954/762 1791/1955/753 1655/1807/753
f 1791/1955/753 1658/1810/753 1656/1808/753 1655/1807/753
f 1791/1955/753 1790/1954/762 1792/1956/753 1664/1957/753
f 1791/1958/753 1664/1820/753 1662/1818/753 1658/1817/753
f 1792/1956/753 1790/1954/762 1789/1953/753 1793/1959/753
f 1792/1956/753 1793/1959/753 1794/1960/753 1795/1961/753
f 1792/1962/753 1795/1963/753 1665/1821/753 1664/1820/753
f 1795/1963/753 1794/1964/753 1796/1965/758 1797/1966/762
f 1795/1963/753 1797/1966/762 1666/1822/753 1665/1821/753
f 1797/1966/762 1796/1965/758 1798/1967/758 1799/1968/758
f 1797/1966/762 1799/1968/758 1668/1824/753 1666/1822/753
f 1799/1968/758 1798/1967/758 1800/1969/1002 1801/1970/1647
f 1799/1968/758 1801/1970/1647 1670/1826/1544 1668/1824/753
f 1801/1970/1647 1800/1969/1002 1802/1971/1648 1803/1972/1649
f 1801/1970/1647 1803/1972/1649 1672/1828/1546 1670/1826/1544
f 1803/1972/1649 1802/1971/1648 1804/1973/766 1805/1974/769
f 1803/1972/1649 1805/1974/769 1806/1975/537 1672/1828/1546
f 1806/1975/537 1675/1831/762 1673/1829/1547 1672/1828/1546
f 1806/1975/537 1805/1974/769 1807/1976/769 1808/1977/1540
f 1806/1975/537 1808/1977/1540 1809/1978/764 1675/1831/762
f 1809/1978/764 1678/1834/1550 1676/1832/1542 1675/1831/762
f 1809/1978/764 1808/1977/1540 1810/1979/1650 1811/1980/1651
f 1809/1978/764 1811/1980/1651 1682/1838/1001 1678/1834/1550
f 1811/1980/1651 1810/1979/1650 1812/1981/1652 1813/1982/1545
f 1811/1980/1651 1813/1982/1545 1683/1839/1554 1682/1838/1001
f 1813/1982/1545 1812/1981/1652 1692/1848/1548 1690/1846/753
f 1813/1982/1545 1690/1846/753 1685/1841/758 1683/1839/1554
f 1812/1981/1652 1810/1979/1650 1814/1983/1653 1815/1984/1654
f 1812/1981/1652 1815/1984/1654 1816/1985/1655 1692/1848/1548
f 1816/1985/1655 1815/1984/1654 1817/1986/1656 1818/1987/1657
f 1816/1985/1655 1818/1987/1657 1819/1988/1658 1695/1851/1563
f 1816/1985/1655 1695/1851/1563 1693/1849/1561 1692/1848/1548
f 1819/1988/1658 1818/1987/1657 1820/1989/1653 1821/1990/1659
f 1819/1988/1658 1821/1990/1659 1822/1991/1660 1698/1854/1565
f 1819/1988/1658 1698/1854/1565 1696/1852/1564 1695/1851/1563
f 1822/1991/1660 1821/1990/1659 1823/1992/1661 1824/1993/1662
f 1822/1991/1660 1824/1993/1662 1825/1994/1663 1701/1857/1567
f 1822/1991/1660 1701/1857/1567 1699/1855/1566 1698/1854/1565
f 1825/1994/1663 1824/1993/1662 1826/1995/1664 1827/1996/1665
f 1825/1994/1663 1827/1996/1665 1828/1997/1666 1704/1860/1570
f 1825/1994/1663 1704/1860/1570 1702/1858/1568 1701/1857/1567
f 1828/1997/1666 1827/1996/1665 1829/1998/1667 1830/1999/1668
f 1828/1997/1666 1830/1999/1668 1831/2000/1669 1707/1863/1573
f 1828/1997/1666 1707/1863/1573 1705/1861/1571 1704/1860/1570
f 1831/2000/1669 1830/1999/1668 1832/2001/1670 1833/2002/1671
f 1831/2000/1669 1833/2002/1671 1834/2003/1672 1710/1866/1576
f 1831/2000/1669 1710/1866/1576 1708/1864/1574 1707/1863/1573
f 1834/2003/1672 1833/2002/1671 1835/2004/1673 1836/2005/1674
f 1834/2003/1672 1836/2005/1674 1837/2006/1675 1713/1869/1579
f 1834/2003/1672 1713/1869/1579 1711/1867/1577 1710/1866/1576
f 1837/2006/1675 1836/2005/1674 1838/2007/1676 1839/2008/1677
f 1837/2006/1675 1839/2008/1677 1840/2009/1678 1716/1872/1582
f 1837/2006/1675 1716/1872/1582 1714/1870/1580 1713/1869/1579
f 1840/2009/1678 1839/2008/1677 1841/2010/1679 1842/2011/1680
f 1840/2009/1678 1842/2011/1680 1843/2012/1681 1719/1875/1585
f 1840/2009/1678 1719/1875/1585 1717/1873/1583 1716/1872/1582
f 1843/2012/1681 1842/2011/1680 1844/2013/1682 1845/2014/1683
f 1843/2012/1681 1845/2014/1683 1846/2015/1684 1722/1878/1588
f 1843/2012/1681 1722/1878/1588 1720/1876/1586 1719/1875/1585
f 1846/2015/1684 1845/2014/1683 1847/2016/1685 1848/2017/1686
f 1846/2015/1684 1848/2017/1686 1849/2018/1687 1725/1881/1591
f 1846/2015/1684 1725/1881/1591 1723/1879/1589 1722/1878/1588
f 1849/2018/1687 1848/2017/1686 1850/2019/1688 1851/2020/1689
f 1849/2018/1687 1851/2020/1689 1852/2021/1690 1728/1884/1594
f 1849/2018/1687 1728/1884/1594 1726/1882/1592 1725/1881/1591
f 1852/2021/1690 1851/2020/1689 1853/2022/1691 1854/2023/1692
f 1852/2021/1690 1854/2023/1692 1855/2024/1693 1731/1890/1597
f 1852/2021/1690 1731/1890/1597 1729/1885/1595 1728/1884/1594
f 1855/2024/1693 1854/2023/1692 1856/2025/1694 1857/2026/1695
f 1855/2024/1693 1857/2026/1695 1858/2027/1696 1734/2028/1600
f 1855/2024/1693 1734/2028/1600 1732/1891/1598 1731/1890/1597
f 1858/2027/1696 1857/2026/1695 1859/2029/1697 1860/2030/1698
f 1858/2027/1696 1860/2030/1698 1861/2031/1699 1862/2032/1700
f 1858/2033/1696 1862/2034/1700 1735/1896/1601 1734/1895/1600
f 1862/2034/1700 1861/2035/1699 1863/2036/1701 1864/2037/1702
f 1862/2034/1700 1864/2037/1702 1736/1897/1602 1735/1896/1601
f 1864/2037/1702 1863/2036/1701 1865/2038/1703 1866/2039/1704
f 1864/2037/1702 1866/2039/1704 1738/1899/1604 1736/1897/1602
f 1866/2039/1704 1865/2038/1703 1867/2040/1705 1868/2041/1706
f 1866/2039/1704 1868/2041/1706 1740/1901/1606 1738/1899/1604
f 1868/2041/1706 1867/2040/1705 1869/2042/1707 1745/1906/1611
f 1868/2041/1706 1745/1906/1611 1742/1903/1608 1740/1901/1606
f 1869/2042/1707 1867/2040/1705 1870/2043/1708 1871/2044/1709
f 1869/2042/1707 1871/2044/1709 1872/2045/1710 1748/1909/1614
f 1869/2042/1707 1748/1909/1614 1746/1907/1612 1745/1906/1611
f 1872/2045/1710 1871/2044/1709 1873/2046/1711 1874/2047/1712
f 1872/2045/1710 1874/2047/1712 1875/2048/1713 1751/1912/1617
f 1872/2045/1710 1751/1912/1617 1749/1910/1615 1748/1909/1614
f 1875/2048/1713 1874/2047/1712 1876/2049/1714 1877/2050/1715
f 1875/2048/1713 1877/2050/1715 1878/2051/1716 1754/1915/1620
f 1875/2048/1713 1754/1915/1620 1752/1913/1618 1751/1912/1617
f 1878/2051/1716 1877/2050/1715 1879/2052/1717 1880/2053/1718
f 1878/2051/1716 1880/2053/1718 1881/2054/1719 1757/1918/1623
f 1878/2051/1716 1757/1918/1623 1755/1916/1621 1754/1915/1620
f 1881/2054/1719 1880/2053/1718 1882/2055/1720 1883/2056/1721
f 1881/2054/1719 1883/2056/1721 1884/2057/1722 1885/2058/1723
f 1881/2054/1719 1885/2058/1723 1758/1919/1624 1757/1918/1623
f 1885/2058/1723 1884/2057/1722 1886/2059/1724 1887/2060/1725
f 1885/2058/1723 1887/2060/1725 1759/1920/1625 1758/1919/1624
f 1887/2060/1725 1886/2059/1724 1888/2061/1726 1764/1925/1630
f 1887/2060/1725 1764/1925/1630 1761/1922/1627 1759/1920/1625
f 1888/2062/1726 1886/2063/1724 1889/2064/1727 1890/2065/1728
f 1888/2062/1726 1890/2065/1728 1891/2066/1729 1767/1931/1633
f 1888/2062/1726 1767/1931/1633 1765/1928/1631 1764/2067/1630
f 1891/2066/1729 1890/2065/1728 1892/2068/1730 1893/2069/1731
f 1891/2066/1729 1893/2069/1731 1894/2070/1732 1770/1934/1636
f 1891/2066/1729 1770/1934/1636 1768/1932/1634 1767/1931/1633
f 1894/2070/1732 1773/1937/1639 1771/1935/1637 1770/1934/1636
f 1895/2071/1733 1896/2072/1734 1897/2073/1735 1898/2074/1736
f 1895/2071/1733 1898/2074/1736 1899/2075/1737 1900/2076/1738
f 1899/2075/1737 1778/1942/1643 1777/1941/1642 1900/2076/1738
f 1899/2075/1737 1898/2074/1736 1901/2077/1739 1902/2078/1740
f 1899/2075/1737 1902/2078/1740 1903/2079/1741 1778/1942/1643
f 1903/2079/1741 1782/1946/1003 1779/1943/1001 1778/1942/1643
f 1903/2079/1741 1902/2078/1740 1904/2080/1742 1905/2081/1743
f 1903/2079/1741 1905/2081/1743 1906/2082/1744 1782/1946/1003
f 1906/2082/1744 1786/1950/756 1783/1947/1645 1782/1946/1003
f 1906/2082/1744 1905/2081/1743 1907/2083/1745 1908/2084/1746
f 1906/2082/1744 1908/2084/1746 1909/2085/1747 1786/1950/756
f 1909/2085/1747 1789/1953/753 1787/1951/1006 1786/1950/756
f 1909/2085/1747 1908/2084/1746 1910/2086/1748 1911/2087/1542
f 1909/2085/1747 1911/2087/1542 1793/1959/753 1789/1953/753
f 1911/2087/1542 1910/2086/1748 1912/2088/1748 1913/2089/1542
f 1911/2087/1542 1913/2089/1542 1794/1960/753 1793/1959/753
f 1913/2090/1542 1912/2091/1748 1914/2092/1749 1915/2093/1550
f 1913/2090/1542 1915/2093/1550 1796/1965/758 1794/1964/753
f 1915/2093/1550 1914/2092/1749 1916/2094/947 1917/2095/1550
f 1915/2093/1550 1917/2095/1550 1798/1967/758 1796/1965/758
f 1917/2095/1550 1916/2094/947 1918/2096/1749 1919/2097/758
f 1917/2095/1550 1919/2097/758 1800/1969/1002 1798/1967/758
f 1919/2097/758 1918/2096/1749 1920/2098/1748 1921/2099/1644
f 1919/2097/758 1921/2099/1644 1802/1971/1648 1800/1969/1002
f 1921/2099/1644 1920/2098/1748 1922/2100/1747 1923/2101/910
f 1921/2099/1644 1923/2101/910 1804/1973/766 1802/1971/1648
f 1923/2101/910 1922/2100/1747 1924/2102/1550 1925/2103/1750
f 1923/2101/910 1925/2103/1750 1926/2104/1750 1804/1973/766
f 1926/2104/1750 1807/1976/769 1805/1974/769 1804/1973/766
f 1926/2104/1750 1925/2103/1750 1927/2105/1751 1928/2106/1751
f 1926/2104/1750 1928/2106/1751 1814/1983/1653 1807/1976/769
f 1928/2106/1751 1927/2105/1751 1929/2107/1752 1817/1986/1656
f 1928/2106/1751 1817/1986/1656 1815/1984/1654 1814/1983/1653
f 1929/2107/1752 1927/2105/1751 1930/2108/1753 1931/2109/1754
f 1929/2107/1752 1931/2109/1754 1932/2110/1755 1820/1989/1653
f 1929/2107/1752 1820/1989/1653 1818/1987/1657 1817/1986/1656
f 1932/2110/1755 1931/2109/1754 1933/2111/1756 1934/2112/1757
f 1932/2110/1755 1934/2112/1757 1935/2113/1758 1823/1992/1661
f 1932/2110/1755 1823/1992/1661 1821/1990/1659 1820/1989/1653
f 1935/2113/1758 1934/2112/1757 111/126/111 110/125/110
f 1935/2113/1758 110/125/110 115/130/115 1826/1995/1664
f 1935/2113/1758 1826/1995/1664 1824/1993/1662 1823/1992/1661
f 1934/2112/1757 1933/2111/1756 1936/2114/1759 111/126/111
f 1936/2114/1759 1933/2111/1756 1937/2115/1760 1938/2116/1761
f 1936/2114/1759 1938/2116/1761 1939/2117/1762 1940/2118/1763
f 1936/2114/1759 1940/2118/1763 112/127/112 111/126/111
f 1940/2118/1763 1939/2117/1762 1941/2119/1764 1942/2120/1765
f 1940/2118/1763 1942/2120/1765 113/128/113 112/127/112
f 1942/2120/1765 1941/2119/1764 1943/2121/1766 1944/2122/1767
f 1942/2120/1765 1944/2122/1767 1945/2123/1768 113/128/113
f 1945/2123/1768 1944/2122/1767 1946/2124/1769 1947/2125/1770
f 1945/2123/1768 1947/2125/1770 1832/2001/1670 1948/2126/1771
f 1945/2123/1768 1948/2126/1771 114/129/114 113/128/113
f 1948/2126/1771 1832/2001/1670 1830/1999/1668 1829/1998/1667
f 1948/2126/1771 1829/1998/1667 115/130/115 114/129/114
f 1947/2125/1770 1946/2124/1769 1949/2127/1772 1835/2004/1673
f 1947/2125/1770 1835/2004/1673 1833/2002/1671 1832/2001/1670
f 1949/2127/1772 1946/2124/1769 1950/2128/1773 1951/2129/1774
f 1949/2127/1772 1951/2129/1774 1952/2130/1775 1838/2007/1676
f 1949/2127/1772 1838/2007/1676 1836/2005/1674 1835/2004/1673
f 1952/2130/1775 1951/2129/1774 1953/2131/1776 1954/2132/1777
f 1952/2130/1775 1954/2132/1777 1955/2133/1778 1841/2010/1679
f 1952/2130/1775 1841/2010/1679 1839/2008/1677 1838/2007/1676
f 1955/2133/1778 1954/2132/1777 1956/2134/1779 1957/2135/1780
f 1955/2133/1778 1957/2135/1780 1958/2136/1781 1844/2013/1682
f 1955/2133/1778 1844/2013/1682 1842/2011/1680 1841/2010/1679
f 1958/2136/1781 1957/2135/1780 1959/2137/1782 1960/2138/1783
f 1958/2136/1781 1960/2138/1783 1961/2139/1784 1847/2016/1685
f 1958/2136/1781 1847/2016/1685 1845/2014/1683 1844/2013/1682
f 1961/2139/1784 1960/2138/1783 1962/2140/1785 1963/2141/1786
f 1961/2139/1784 1963/2141/1786 1964/2142/1787 1850/2019/1688
f 1961/2139/1784 1850/2019/1688 1848/2017/1686 1847/2016/1685
f 1964/2142/1787 1963/2141/1786 1965/2143/1788 1966/2144/1789
f 1964/2142/1787 1966/2144/1789 1967/2145/1790 1853/2022/1691
f 1964/2142/1787 1853/2022/1691 1851/2020/1689 1850/2019/1688
f 1967/2145/1790 1966/2144/1789 1968/2146/1791 1969/2147/1792
f 1967/2145/1790 1969/2147/1792 1970/2148/1793 1856/2025/1694
f 1967/2145/1790 1856/2025/1694 1854/2023/1692 1853/2022/1691
f 1970/2148/1793 1969/2147/1792 1971/2149/1794 1972/2150/1795
f 1970/2148/1793 1972/2150/1795 1973/2151/1796 1859/2029/1697
f 1970/2148/1793 1859/2029/1697 1857/2026/1695 1856/2025/1694
f 1973/2151/1796 1972/2150/1795 1974/2152/1797 1975/2153/1798
f 1973/2151/1796 1975/2153/1798 1976/2154/1799 1977/2155/1800
f 1973/2151/1796 1977/2155/1800 1860/2030/1698 1859/2029/1697
f 1977/2155/1800 1976/2154/1799 1978/2156/1801 1979/2157/1802
f 1977/2158/1800 1979/2159/1802 1861/2035/1699 1860/2160/1698
f 1979/2159/1802 1978/2161/1801 1980/2162/1803 1981/2163/1804
f 1979/2159/1802 1981/2163/1804 1863/2036/1701 1861/2035/1699
f 1981/2163/1804 1980/2162/1803 1982/2164/1805 1983/2165/1806
f 1981/2163/1804 1983/2165/1806 1865/2038/1703 1863/2036/1701
f 1983/2165/1806 1982/2164/1805 1984/2166/1807 1870/2043/1708
f 1983/2165/1806 1870/2043/1708 1867/2040/1705 1865/2038/1703
f 1984/2166/1807 1982/2164/1805 1985/2167/1808 1986/2168/1809
f 1984/2166/1807 1986/2168/1809 1987/2169/1810 1873/2046/1711
f 1984/2166/1807 1873/2046/1711 1871/2044/1709 1870/2043/1708
f 1987/2169/1810 1986/2168/1809 1988/2170/1811 1989/2171/1812
f 1987/2169/1810 1989/2171/1812 1990/2172/1813 1876/2049/1714
f 1987/2169/1810 1876/2049/1714 1874/2047/1712 1873/2046/1711
f 1990/2172/1813 1989/2171/1812 1991/2173/1814 1992/2174/1815
f 1990/2172/1813 1992/2174/1815 1993/2175/1816 1879/2052/1717
f 1990/2172/1813 1879/2052/1717 1877/2050/1715 1876/2049/1714
f 1993/2175/1816 1992/2174/1815 1994/2176/1817 1995/2177/1818
f 1993/2175/1816 1995/2177/1818 1996/2178/1819 1882/2055/1720
f 1993/2175/1816 1882/2055/1720 1880/2053/1718 1879/2052/1717
f 1996/2178/1819 1995/2177/1818 1997/2179/1820 1998/2180/1820
f 1996/2181/1819 1998/2182/1820 1999/2183/1821 2000/2184/1822
f 1996/2181/1819 2000/2184/1822 1883/2185/1721 1882/2186/1720
f 2000/2184/1822 1999/2183/1821 2001/2187/1823 2002/2188/1824
f 2000/2184/1822 2002/2188/1824 1884/2189/1722 1883/2185/1721
f 2002/2188/1824 2001/2187/1823 2003/2190/1825 1889/2064/1727
f 2002/2188/1824 1889/2064/1727 1886/2063/1724 1884/2189/1722
f 2003/2190/1825 1892/2068/1730 1890/2065/1728 1889/2064/1727
f 2004/2191/1826 2005/2192/1827 2006/2193/1828 2007/2194/1829
f 2004/2191/1826 2007/2194/1829 2008/2195/1830 2009/2196/1831
f 2008/2195/1830 1897/2073/1735 1896/2072/1734 2009/2196/1831
f 2008/2195/1830 2007/2194/1829 2010/2197/1832 2011/2198/1833
f 2008/2195/1830 2011/2198/1833 2012/2199/1834 1897/2073/1735
f 2012/2199/1834 1901/2077/1739 1898/2074/1736 1897/2073/1735
f 2012/2199/1834 2011/2198/1833 2013/2200/1835 2014/2201/1836
f 2012/2199/1834 2014/2201/1836 2015/2202/1837 1901/2077/1739
f 2015/2202/1837 1904/2080/1742 1902/2078/1740 1901/2077/1739
f 2015/2202/1837 2014/2201/1836 2016/2203/1838 2017/2204/1839
f 2015/2202/1837 2017/2204/1839 2018/2205/1840 1904/2080/1742
f 2018/2205/1840 1907/2083/1745 1905/2081/1743 1904/2080/1742
f 2018/2206/1840 2017/2207/1839 2019/2208/1841 2020/2209/1842
f 2018/2206/1840 2020/2209/1842 2021/2210/1843 1907/2211/1745
f 2021/2212/1843 1910/2086/1748 1908/2084/1746 1907/2083/1745
f 2021/2210/1843 2020/2209/1842 2022/2213/1844 2023/2214/1845
f 2021/2210/1843 2023/2214/1845 1912/2091/1748 1910/2215/1748
f 2023/2214/1845 2022/2213/1844 2024/2216/1846 2025/2217/922
f 2023/2214/1845 2025/2217/922 1914/2092/1749 1912/2091/1748
f 2025/2217/922 2024/2216/1846 2026/2218/1847 2027/2219/1848
f 2025/2217/922 2027/2219/1848 1916/2094/947 1914/2092/1749
f 2027/2219/1848 2026/2218/1847 2028/2220/1849 2029/2221/1850
f 2027/2219/1848 2029/2221/1850 1918/2096/1749 1916/2094/947
f 2029/2221/1850 2028/2220/1849 2030/2222/1851 2031/2223/948
f 2029/2221/1850 2031/2223/948 1920/2098/1748 1918/2096/1749
f 2031/2223/948 2030/2222/1851 2032/2224/1852 2033/2225/1843
f 2031/2223/948 2033/2225/1843 1922/2100/1747 1920/2098/1748
f 2033/2225/1843 2032/2224/1852 2034/2226/1853 2035/2227/757
f 2033/2225/1843 2035/2227/757 1924/2102/1550 1922/2100/1747
f 2035/2227/757 2034/2226/1853 1938/2116/1761 1937/2115/1760
f 2035/2227/757 1937/2115/1760 1930/2108/1753 1924/2102/1550
f 2034/2226/1853 2032/2224/1852 2036/2228/1854 2037/2229/1855
f 2034/2226/1853 2037/2229/1855 1939/2117/1762 1938/2116/1761
f 2037/2229/1855 2036/2228/1854 2038/2230/1856 2039/2231/1857
f 2037/2229/1855 2039/2231/1857 1941/2119/1764 1939/2117/1762
f 2039/2231/1857 2038/2230/1856 2040/2232/1858 2041/2233/1859
f 2039/2231/1857 2041/2233/1859 1943/2121/1766 1941/2119/1764
f 2041/2233/1859 2040/2232/1858 2042/2234/1860 2043/2235/1861
f 2041/2233/1859 2043/2235/1861 1950/2128/1773 1943/2121/1766
f 2043/2235/1861 2042/2234/1860 2044/2236/1862 1953/2131/1776
f 2043/2235/1861 1953/2131/1776 1951/2129/1774 1950/2128/1773
f 2044/2236/1862 2042/2234/1860 2045/2237/1863 2046/2238/1864
f 2044/2236/1862 2046/2238/1864 2047/2239/1865 1956/2134/1779
f 2044/2236/1862 1956/2134/1779 1954/2132/1777 1953/2131/1776
f 2047/2239/1865 2046/2238/1864 2048/2240/1866 2049/2241/1867
f 2047/2239/1865 2049/2241/1867 2050/2242/1868 1959/2137/1782
f 2047/2239/1865 1959/2137/1782 1957/2135/1780 1956/2134/1779
f 2050/2242/1868 2049/2241/1867 2051/2243/1869 2052/2244/1870
f 2050/2242/1868 2052/2244/1870 2053/2245/1871 1962/2140/1785
f 2050/2242/1868 1962/2140/1785 1960/2138/1783 1959/2137/1782
f 2053/2245/1871 2052/2244/1870 2054/2246/1872 2055/2247/1873
f 2053/2245/1871 2055/2247/1873 2056/2248/1874 1965/2143/1788
f 2053/2245/1871 1965/2143/1788 1963/2141/1786 1962/2140/1785
f 2056/2248/1874 2055/2247/1873 2057/2249/1875 2058/2250/1876
f 2056/2248/1874 2058/2250/1876 2059/2251/1877 1968/2146/1791
f 2056/2248/1874 1968/2146/1791 1966/2144/1789 1965/2143/1788
f 2059/2251/1877 2058/2250/1876 2060/2252/1878 2061/2253/1879
f 2059/2251/1877 2061/2253/1879 2062/2254/1880 1971/2149/1794
f 2059/2251/1877 1971/2149/1794 1969/2147/1792 1968/2146/1791
f 2062/2254/1880 2061/2253/1879 2063/2255/1881 2064/2256/1882
f 2062/2254/1880 2064/2256/1882 2065/2257/1883 1974/2152/1797
f 2062/2254/1880 1974/2152/1797 1972/2150/1795 1971/2149/1794
f 2065/2257/1883 2064/2256/1882 2066/2258/1884 2067/2259/1885
f 2065/2257/1883 2067/2259/1885 2068/2260/1886 2069/2261/1887
f 2065/2257/1883 2069/2261/1887 1975/2153/1798 1974/2152/1797
f 2069/2261/1887 2068/2260/1886 2070/2262/1888 2071/2263/1889
f 2069/2261/1887 2071/2263/1889 1976/2154/1799 1975/2153/1798
f 2071/2264/1889 2070/2265/1888 2072/2266/1890 2073/2267/1891
f 2071/2264/1889 2073/2267/1891 1978/2161/1801 1976/2268/1799
f 2073/2267/1891 2072/2266/1890 2074/2269/1892 2075/2270/1893
f 2073/2267/1891 2075/2270/1893 1980/2162/1803 1978/2161/1801
f 2075/2270/1893 2074/2269/1892 2076/2271/1894 1985/2167/1808
f 2075/2270/1893 1985/2167/1808 1982/2164/1805 1980/2162/1803
f 2076/2271/1894 2074/2269/1892 2077/2272/1895 2078/2273/1896
f 2076/2271/1894 2078/2273/1896 2079/2274/1897 1988/2170/1811
f 2076/2271/1894 1988/2170/1811 1986/2168/1809 1985/2167/1808
f 2079/2274/1897 2078/2273/1896 2080/2275/1898 2081/2276/1899
f 2079/2274/1897 2081/2276/1899 2082/2277/1900 1991/2173/1814
f 2079/2274/1897 1991/2173/1814 1989/2171/1812 1988/2170/1811
f 2082/2277/1900 2081/2276/1899 2083/2278/1901 2084/2279/1823
f 2082/2277/1900 2084/2279/1823 2085/2280/1902 1994/2176/1817
f 2082/2277/1900 1994/2176/1817 1992/2174/1815 1991/2173/1814
f 2085/2280/1902 1997/2179/1820 1995/2177/1818 1994/2176/1817
f 2086/2281/1903 2087/2282/1904 2088/2283/1905 2089/2284/1906
f 2086/2281/1903 2089/2284/1906 2090/2285/1907 2091/2286/1908
f 2090/2285/1907 2092/2287/1909 2093/2288/1910 2091/2286/1908
f 2090/2285/1907 2089/2284/1906 2094/2289/1911 2095/2290/1912
f 2090/2285/1907 2095/2290/1912 2096/2291/1913 2092/2287/1909
f 2096/2291/1913 2097/2292/1914 2098/2293/1915 2092/2287/1909
f 2096/2291/1913 2095/2290/1912 2099/2294/1916 2100/2295/1917
f 2096/2291/1913 2100/2295/1917 2101/2296/1918 2097/2292/1914
f 2101/2296/1918 2102/2297/1919 2103/2298/1920 2097/2292/1914
f 2101/2296/1918 2100/2295/1917 2104/2299/1921 2105/2300/1922
f 2101/2296/1918 2105/2300/1922 2106/2301/1923 2102/2297/1919
f 2106/2301/1923 2107/2302/1924 2108/2303/1925 2102/2297/1919
f 2106/2301/1923 2105/2300/1922 2109/2304/1926 2110/2305/1927
f 2106/2301/1923 2110/2305/1927 2111/2306/1928 2107/2302/1924
f 2111/2306/1928 2112/2307/1929 2113/2308/1930 2107/2302/1924
f 2111/2306/1928 2110/2305/1927 2114/2309/1931 2115/2310/1932
f 2111/2306/1928 2115/2310/1932 2116/2311/1933 2112/2307/1929
f 2116/2311/1933 2117/2312/1934 2118/2313/1935 2112/2307/1929
f 2116/2311/1933 2115/2310/1932 2119/2314/1936 2120/2315/1937
f 2116/2311/1933 2120/2315/1937 2121/2316/1938 2117/2312/1934
f 2121/2316/1938 2122/2317/1939 2123/2318/1940 2117/2312/1934
f 2121/2316/1938 2120/2315/1937 2124/2319/1941 2125/2320/1942
f 2121/2316/1938 2125/2320/1942 2126/2321/1943 2122/2317/1939
f 2126/2321/1943 2026/2218/1847 2024/2216/1846 2122/2317/1939
f 2126/2321/1943 2125/2320/1942 2127/2322/1944 2128/2323/1945
f 2126/2321/1943 2128/2323/1945 2028/2220/1849 2026/2218/1847
f 2128/2323/1945 2127/2322/1944 2129/2324/1946 2130/2325/1947
f 2128/2323/1945 2130/2325/1947 2030/2222/1851 2028/2220/1849
f 2130/2325/1947 2129/2324/1946 2038/2230/1856 2036/2228/1854
f 2130/2325/1947 2036/2228/1854 2032/2224/1852 2030/2222/1851
f 2129/2324/1946 2127/2322/1944 2131/2326/1948 2132/2327/1949
f 2129/2324/1946 2132/2327/1949 2040/2232/1858 2038/2230/1856
f 2132/2327/1949 2131/2326/1948 2133/2328/1950 2045/2237/1863
f 2132/2327/1949 2045/2237/1863 2042/2234/1860 2040/2232/1858
f 2133/2328/1950 2131/2326/1948 2124/2319/1941 2134/2329/1951
f 2133/2328/1950 2134/2329/1951 2135/2330/1952 2048/2240/1866
f 2133/2328/1950 2048/2240/1866 2046/2238/1864 2045/2237/1863
f 2135/2330/1952 2134/2329/1951 2119/2314/1936 2136/2331/1953
f 2135/2330/1952 2136/2331/1953 2137/2332/1954 2051/2243/1869
f 2135/2330/1952 2051/2243/1869 2049/2241/1867 2048/2240/1866
f 2137/2332/1954 2136/2331/1953 2114/2309/1931 2138/2333/1955
f 2137/2332/1954 2138/2333/1955 2139/2334/1956 2054/2246/1872
f 2137/2332/1954 2054/2246/1872 2052/2244/1870 2051/2243/1869
f 2139/2334/1956 2138/2333/1955 2109/2304/1926 2140/2335/1957
f 2139/2334/1956 2140/2335/1957 2141/2336/1958 2057/2249/1875
f 2139/2334/1956 2057/2249/1875 2055/2247/1873 2054/2246/1872
f 2141/2336/1958 2140/2335/1957 2104/2299/1921 2142/2337/1959
f 2141/2336/1958 2142/2337/1959 2143/2338/1960 2060/2252/1878
f 2141/2336/1958 2060/2252/1878 2058/2250/1876 2057/2249/1875
f 2143/2338/1960 2142/2337/1959 2099/2294/1916 2144/2339/1961
f 2143/2338/1960 2144/2339/1961 2145/2340/1962 2063/2255/1881
f 2143/2338/1960 2063/2255/1881 2061/2253/1879 2060/2252/1878
f 2145/2340/1962 2144/2339/1961 2094/2289/1911 2146/2341/1963
f 2145/2340/1962 2146/2341/1963 2147/2342/1964 2066/2258/1884
f 2145/2340/1962 2066/2258/1884 2064/2256/1882 2063/2255/1881
f 2147/2342/1964 2146/2341/1963 2088/2283/1905 2148/2343/1965
f 2147/2342/1964 2148/2343/1965 2149/2344/1966 2150/2345/1967
f 2147/2342/1964 2150/2345/1967 2067/2259/1885 2066/2258/1884
f 2150/2345/1967 2149/2344/1966 2151/2346/1968 2152/2347/1969
f 2150/2345/1967 2152/2347/1969 2068/2260/1886 2067/2259/1885
f 2152/2348/1969 2151/2349/1968 2153/2350/1970 2154/2351/1971
f 2152/2348/1969 2154/2351/1971 2070/2265/1888 2068/2352/1886
f 2154/2351/1971 2153/2350/1970 2155/2353/1972 2156/2354/1973
f 2154/2351/1971 2156/2354/1973 2072/2266/1890 2070/2265/1888
f 2156/2354/1973 2155/2353/1972 2157/2355/1974 2077/2272/1895
f 2156/2354/1973 2077/2272/1895 2074/2269/1892 2072/2266/1890
f 2157/2355/1974 2155/2353/1972 2158/2356/1975 2159/2357/1976
f 2157/2355/1974 2159/2357/1976 2160/2358/1976 2080/2275/1898
f 2157/2355/1974 2080/2275/1898 2078/2273/1896 2077/2272/1895
f 2160/2358/1976 2083/2278/1901 2081/2276/1899 2080/2275/1898
f 2161/2359/1977 2162/2360/1978 2151/2349/1968 2149/2361/1966
f 2161/2362/1977 2149/2344/1966 2148/2343/1965 2163/2363/1979
f 2162/2360/1978 2164/2364/1977 2153/2350/1970 2151/2349/1968
f 2164/2364/1977 2158/2356/1975 2155/2353/1972 2153/2350/1970
f 2148/2343/1965 2088/2283/1905 2087/2282/1904 2163/2363/1979
f 2146/2341/1963 2094/2289/1911 2089/2284/1906 2088/2283/1905
f 2144/2339/1961 2099/2294/1916 2095/2290/1912 2094/2289/1911
f 2142/2337/1959 2104/2299/1921 2100/2295/1917 2099/2294/1916
f 2140/2335/1957 2109/2304/1926 2105/2300/1922 2104/2299/1921
f 2138/2333/1955 2114/2309/1931 2110/2305/1927 2109/2304/1926
f 2136/2331/1953 2119/2314/1936 2115/2310/1932 2114/2309/1931
f 2134/2329/1951 2124/2319/1941 2120/2315/1937 2119/2314/1936
f 2131/2326/1948 2127/2322/1944 2125/2320/1942 2124/2319/1941
f 2123/2318/1940 2022/2213/1844 2020/2209/1842 2019/2208/1841
f 2123/2318/1940 2019/2208/1841 2118/2313/1935 2117/2312/1934
f 2123/2318/1940 2122/2317/1939 2024/2216/1846 2022/2213/1844
f 2118/2313/1935 2019/2208/1841 2017/2207/1839 2016/2365/1838
f 2118/2366/1935 2016/2203/1838 2113/2367/1930 2112/2368/1929
f 2113/2367/1930 2016/2203/1838 2014/2201/1836 2013/2200/1835
f 2113/2367/1930 2013/2200/1835 2108/2369/1925 2107/2370/1924
f 2108/2369/1925 2013/2200/1835 2011/2198/1833 2010/2197/1832
f 2108/2369/1925 2010/2197/1832 2103/2371/1920 2102/2372/1919
f 2103/2371/1920 2010/2197/1832 2007/2194/1829 2006/2193/1828
f 2103/2371/1920 2006/2193/1828 2098/2373/1915 2097/2374/1914
f 2098/2373/1915 2006/2193/1828 2005/2192/1827 2165/2375/1980
f 2098/2373/1915 2165/2375/1980 2093/2376/1910 2092/2377/1909
f 1950/2128/1773 1946/2124/1769 1944/2122/1767 1943/2121/1766
f 1937/2115/1760 1933/2111/1756 1931/2109/1754 1930/2108/1753
f 1930/2108/1753 1927/2105/1751 1925/2103/1750 1924/2102/1550
f 1829/1998/1667 1827/1996/1665 1826/1995/1664 115/130/115
f 1814/1983/1653 1810/1979/1650 1808/1977/1540 1807/1976/769
f 1785/1949/1646 1653/1805/1541 1649/1801/1541 1648/1800/1540
f 1370/1486/1286 1368/1484/1284 147/162/147 146/161/146
f 1368/1484/1284 157/174/157 139/154/139 147/162/147
f 1328/1444/1246 1324/1440/1242 1323/1439/1241 1093/1191/1038
f 1323/1439/1241 1319/1435/1237 1098/1196/1043 1096/1194/1041
f 1323/1439/1241 1096/1194/1041 1094/1192/1039 1093/1191/1038
f 1315/1431/1233 1101/1199/1046 1099/1197/1044 1098/1196/1043
f 1311/1427/1230 1104/1202/1049 1102/1200/1047 1101/1199/1046
f 1307/1423/1229 1107/1206/1052 1105/1203/1050 1104/1202/1049
f 1303/1419/1225 1110/1211/822 1108/1207/1053 1107/1206/1052
f 1299/1415/1221 1113/1414/1057 1111/1212/1055 1110/1211/822
f 1295/1409/1217 1116/1219/1060 1114/1217/1058 1113/1216/1057
f 1291/1403/1213 1119/1222/1063 1117/1220/1061 1116/1219/1060
f 1287/1399/1209 1122/1225/1066 1120/1223/1064 1119/1222/1063
f 1271/1383/1193 1270/1382/1192 1130/1233/1029 1128/1231/1072
f 1270/1382/1192 1266/1378/1188 1265/1377/1187 2166/2378/1981
f 1270/1382/1192 2166/2378/1981 1132/1235/1075 1130/1233/1029
f 2166/2378/1981 1265/1377/1187 2167/2379/1982 2168/2380/1983
f 2166/2378/1981 2168/2380/1983 1134/1237/1077 1132/1235/1075
f 2168/2380/1983 2167/2379/1982 2169/2381/1984 2170/2382/1985
f 2168/2380/1983 2170/2382/1985 1136/1239/1079 1134/1237/1077
f 2170/2382/1985 2169/2381/1984 2171/2383/1986 2172/2384/1987
f 2170/2382/1985 2172/2384/1987 1138/1241/1080 1136/1239/1079
f 2172/2384/1987 2171/2383/1986 2173/2385/1988 2174/2386/1989
f 2172/2384/1987 2174/2386/1989 1140/1243/1082 1138/1241/1080
f 2174/2387/1989 2173/2388/1988 2175/2389/1990 2176/2390/1991
f 2174/2387/1989 2176/2390/1991 1142/1247/1084 1140/1246/1082
f 2176/2390/1991 2175/2389/1990 1240/1349/1162 2177/2391/1992
f 2176/2390/1991 2177/2391/1992 1144/1249/1086 1142/1247/1084
f 2177/2391/1992 1240/1349/1162 1236/1345/1158 1235/1344/1157
f 2177/2391/1992 1235/1344/1157 1146/1251/1088 1144/1249/1086
f 2175/2389/1990 60/67/60 1241/1350/1163 1240/1349/1162
f 2175/2389/1990 2173/2388/1988 61/68/61 60/67/60
f 2173/2385/1988 2171/2383/1986 64/74/64 61/73/61
f 2171/2383/1986 2169/2381/1984 2178/2392/1993 64/74/64
f 2178/2392/1993 1260/1372/1182 1256/1368/1178 1255/1367/1177
f 2178/2392/1993 1255/1367/1177 62/70/62 64/74/64
f 2178/2392/1993 2169/2381/1984 2167/2379/1982 1260/1372/1182
f 2167/2379/1982 1265/1377/1187 1261/1373/1183 1260/1372/1182
f 1255/1367/1177 1251/1363/1173 63/71/63 62/70/62
f 1235/1344/1157 1231/1340/1153 1148/1253/1090 1146/1251/1088
f 1215/1324/1142 1214/1323/1141 1161/1266/1101 1160/1265/1100
f 1214/1323/1141 1210/1319/1137 1209/1318/1136 2179/2393/1994
f 1214/1323/1141 2179/2393/1994 1163/1268/1102 1161/1266/1101
f 2179/2393/1994 1209/1318/1136 2180/2394/1995 2181/2395/1996
f 2179/2393/1994 2181/2395/1996 1165/1270/1104 1163/1268/1102
f 2181/2395/1996 2180/2394/1995 1173/1278/1112 1171/1276/1110
f 2181/2395/1996 1171/1276/1110 1167/1272/1106 1165/1270/1104
f 2180/2394/1995 1209/1318/1136 1205/1314/1133 1204/1313/1132
f 2180/2394/1995 1204/1313/1132 2182/2396/1997 1173/1278/1112
f 2182/2396/1997 1204/1313/1132 1198/1307/1128 1197/1306/1127
f 2182/2396/1997 1197/1306/1127 1196/1305/1126 1176/1281/1114
f 2182/2396/1997 1176/1281/1114 1174/1279/1113 1173/1278/1112
f 1196/1305/1126 1179/1284/1117 1177/1282/1115 1176/1281/1114
f 1196/1305/1126 1194/1303/876 1189/1298/1097 1179/1284/1117
f 1189/1298/1097 1182/1287/856 1180/1285/1118 1179/1284/1117
f 1073/1171/1018 1071/1169/1016 1033/1131/980 1031/1129/978
f 1069/1167/1014 1037/1135/984 1034/1132/981 1033/1131/980
f 1066/1164/1011 1042/1140/989 1038/1136/985 1037/1135/984
f 1041/1139/988 1018/1116/965 1017/1115/964 175/192/175
f 1041/1139/988 175/192/175 172/189/172 1036/1134/983
f 1009/1107/956 1005/1103/952 168/185/168 167/184/167
f 1001/1099/950 1000/1098/949 163/180/163 168/185/168
f 994/1092/943 93/106/93 989/1087/938 988/1086/937
f 974/1072/926 970/1068/922 968/1066/920 967/1065/919
f 966/2397/918 785/862/757 783/860/755 31/33/31
f 966/2397/918 31/33/31 30/32/30 961/2398/913
f 966/1064/918 965/1063/917 787/869/759 785/2399/757
f 952/1046/906 951/1045/680 57/63/57 53/57/53
f 950/1044/905 936/1043/891 934/2400/889 933/1296/888
f 947/1038/902 939/1030/894 937/1028/892 936/1027/891
f 946/1037/901 942/1033/897 940/1031/895 939/1030/894
f 809/890/777 807/888/775 132/147/132 134/149/134
f 783/860/755 782/859/754 32/34/32 31/33/31
f 706/783/688 108/123/108 103/118/103 701/778/683
f 514/574/500 512/572/498 511/571/497 107/122/107
f 491/548/477 489/546/475 488/545/474 98/113/98
f 421/468/411 419/466/409 78/88/78 82/2401/82
f 416/463/406 77/87/77 68/78/68 80/90/80
f 365/412/360 117/132/117 116/131/116 121/136/121
f 211/232/211 177/194/177 151/166/151 206/227/206
f 177/194/177 176/193/176 152/167/152 151/166/151
f 166/183/166 137/152/137 161/178/161 162/179/162
f 147/162/147 139/154/139 141/156/141 143/158/143
f 661/738/643 90/103/90 84/97/84 87/100/87
f 661/733/643 87/111/87 99/114/99 654/726/636
f 54/58/54 1193/2402/1124 29/31/29 28/30/28
f 50/54/50 27/29/27 26/28/26 2183/2403/1998
f 2183/2403/1998 26/28/26 25/27/25 2184/2404/1999
f 2184/2404/1999 25/27/25 2185/2405/2000 2186/2406/1142
f 2187/2407/2001 2188/2408/2002 2189/2409/2003 2190/2410/2004
f 2187/2407/2001 2190/2410/2004 2191/2411/2005 2192/2412/2006
f 2190/2410/2004 2189/2409/2003 2193/2413/2007 2194/2414/2008
f 2190/2410/2004 2194/2414/2008 2195/2415/2009 2191/2411/2005
f 2195/2415/2009 13/13/13 15/15/15 2191/2411/2005
f 2195/2415/2009 2194/2414/2008 43/47/43 42/46/42
f 2195/2415/2009 42/46/42 11/11/11 13/13/13
f 2194/2414/2008 2193/2413/2007 2196/2416/2010 43/47/43
f 2193/2413/2007 2189/2409/2003 2185/2405/2000 2197/2417/2011
f 2193/2413/2007 2197/2417/2011 2198/2418/2012 2196/2416/2010
f 2197/2417/2011 2185/2405/2000 25/27/25 24/26/24
f 2197/2417/2011 24/26/24 29/31/29 2198/2418/2012
f 2189/2409/2003 2188/2408/2002 2186/2406/1142 2185/2405/2000
f 47/51/47 21/23/21 17/22/17 38/40/38
f 42/46/42 39/45/39 12/12/12 11/11/11
f 39/41/39 38/40/38 17/22/17 12/2419/12
f 2199/2420/2013 2192/2412/2006 2191/2411/2005 15/15/15
f 127/142/127 128/143/128 123/138/123 122/137/122
f 2198/2418/2012 29/31/29 1193/2402/1124 40/2421/40
f 2196/2416/2010 2198/2418/2012 40/2421/40 36/44/36
f 97/110/97 976/1074/928 984/1082/933 92/105/92
f 984/1082/933 989/1087/938 93/106/93 92/105/92
f 2200/2422/2014 2201/2423/2015 2202/2424/2016 2203/2425/2017
f 2202/2424/2016 2204/2426/6 2205/2427/2018 2203/2425/2017
f 2206/2428/2019 9/9/9 2207/2429/2020 2208/2430/2021
f 2207/2429/2020 2209/2431/2022 2210/2432/2023 2208/2430/2021
f 2210/2432/2023 2211/2433/2024 2206/2428/2019 2208/2430/2021
f 2211/2433/2024 2212/2434/2025 14/14/14 2206/2428/2019
f 2213/2435/2026 2209/2431/2022 2207/2429/2020 2214/2436/2027
f 2207/2429/2020 9/9/9 18/18/18 2214/2436/2027
f 18/18/18 20/20/20 2215/2437/684 2214/2436/2027
f 2216/2438/2028 2217/2439/2029 2213/2435/2026 2214/2436/2027
f 2218/2440/2030 2219/2441/2031 2220/2442/2032 2221/2443/2033
f 2222/2444/2034 2223/2445/2035 2218/2440/2030 2221/2443/2033
f 2220/2442/2032 2224/2446/2036 2222/2444/2034 2221/2443/2033
f 33/35/33 32/34/32 2225/2447/2037 2226/2448/2038
f 2227/2449/2039 34/36/34 33/35/33 2226/2448/2038
f 2228/2450/2040 2229/2451/2041 2230/2452/2042 2231/2453/2043
f 2230/2452/2042 2232/2454/2044 2233/2455/2045 2231/2453/2043
f 2234/2456/2046 2235/2457/2047 2228/2450/2040 2231/2453/2043
f 2236/2458/2048 2237/2459/2049 2238/2460/2050 2239/2461/2051
f 2230/2452/2042 2229/2451/2041 2236/2458/2048 2239/2461/2051
f 2238/2460/2050 2240/2462/2052 2230/2452/2042 2239/2461/2051
f 51/55/51 50/54/50 2223/2445/2035 2241/2463/2053
f 2242/2464/2054 52/56/52 51/55/51 2241/2463/2053
f 2223/2445/2035 2222/2444/2034 2243/2465/2055 2241/2463/2053
f 2243/2465/2055 2244/2466/2056 2245/2467/2057 2241/2463/2053
f 2245/2467/2057 2246/2468/2058 2242/2464/2054 2241/2463/2053
f 2247/2469/2059 2248/2470/2060 2249/2471/2061 2250/2472/2062
f 2249/2471/2061 2251/2473/2063 2252/2474/2064 2250/2472/2062
f 2252/2474/2064 2253/2475/2065 2247/2469/2059 2250/2472/2062
f 2254/2476/2066 2255/2477/2067 2256/2478/2068 2257/2479/2069
f 2256/2478/2068 2258/2480/2070 2259/2481/2071 2257/2479/2069
f 2260/2482/2072 2261/2483/2073 2262/2484/2074 2263/2485/2075
f 2256/2478/2068 2255/2477/2067 2260/2482/2072 2263/2485/2075
f 2259/2481/2071 76/86/76 75/85/75 2257/2479/2069
f 75/85/75 77/87/77 2254/2476/2066 2257/2479/2069
f 2264/2486/2076 2265/2487/2077 2260/2482/2072 2255/2477/2067
f 2254/2476/2066 2266/2488/2078 2264/2486/2076 2255/2477/2067
f 2262/2484/2074 2258/2480/2070 2256/2478/2068 2263/2485/2075
f 2265/2487/2077 2267/2489/2079 2268/2490/2080 2260/2482/2072
f 2268/2490/2080 2269/2491/2081 2261/2483/2073 2260/2482/2072
f 2270/2492/2082 2271/2493/2083 2272/2494/2084 2273/2495/2085
f 2272/2494/2084 2274/2496/2086 2275/2497/2087 2273/2495/2085
f 2275/2497/2087 2276/2498/2088 2277/2499/2089 2273/2495/2085
f 2278/2500/2090 2279/2501/2091 2280/2502/2092 2281/2503/2093
f 2282/2504/2094 2283/2505/2095 2278/2500/2090 2281/2503/2093
f 2284/2506/2096 2285/2507/2097 2271/2493/2083 2270/2492/2082
f 2286/2508/2098 2287/2509/2099 2288/2510/2100 2289/2511/2101
f 2288/2510/2100 2290/2512/2102 2291/2513/2103 2289/2511/2101
f 2291/2513/2103 2292/2514/2104 2293/2515/2105 2289/2511/2101
f 2293/2515/2105 2294/2516/2106 2286/2508/2098 2289/2511/2101
f 2295/2517/2107 2296/2518/2108 2297/2519/2109 2298/2520/2110
f 2299/2521/2111 2300/2522/2112 2295/2517/2107 2298/2520/2110
f 2297/2519/2109 2301/2523/2113 2299/2521/2111 2298/2520/2110
f 2302/2524/2114 2303/2525/2115 2304/2526/2116 2305/2527/2117
f 2306/2528/2118 2307/2529/2119 2302/2524/2114 2305/2527/2117
f 2308/2530/2120 2309/2531/2121 2310/2532/2122 2311/2533/2123
f 2312/2534/2124 2313/2535/2125 2308/2530/2120 2311/2533/2123
f 2310/2532/2122 2314/2536/2126 2315/2537/2127 2316/2538/2128
f 2315/2537/2127 2317/2539/2129 2312/2534/2124 2316/2538/2128
f 2205/2427/2018 2318/2540/2130 2319/2541/2131 2203/2425/2017
f 2319/2541/2131 2320/2542/2132 2200/2422/2014 2203/2425/2017
f 2321/2543/2133 2322/2544/2134 2323/2545/2135 2324/2546/2136
f 2324/2546/2136 2323/2545/2135 2325/2547/2137 2326/2548/2138
f 2326/2548/2138 2327/2549/2139 2321/2543/2133 2324/2546/2136
f 2328/2550/2140 2329/2551/2141 2330/2552/2142 2331/2553/2143
f 2330/2552/2142 2332/2554/2144 2333/2555/2145 2331/2553/2143
f 2333/2555/2145 2334/2556/2146 2328/2550/2140 2331/2553/2143
f 2335/2557/2147 2336/2558/2148 2337/2559/2149 2338/2560/2150
f 2339/2561/2151 2340/2562/2152 2335/2557/2147 2338/2560/2150
f 2340/2562/2152 2341/2563/2153 2342/2564/2154 2335/2557/2147
f 2343/2565/2155 2344/2566/2156 2326/2548/2138 2325/2547/2137
f 2323/2545/2135 2345/2567/2157 2346/2568/2158 2325/2547/2137
f 2345/2567/2157 2323/2545/2135 2322/2544/2134 2347/2569/2159
f 2348/2570/2160 2346/2568/2158 2345/2567/2157 2347/2569/2159
f 2349/2571/2161 2350/2572/2162 2351/2573/2163 2321/2543/2133
f 2352/2574/2164 2353/2575/2165 2322/2544/2134 2321/2543/2133
f 2351/2573/2163 2354/2576/2166 2352/2574/2164 2321/2543/2133
f 2355/2577/2167 2356/2578/2168 2357/2579/2169 2358/2580/2170
f 2357/2579/2169 2359/2581/2171 2360/2582/2172 2358/2580/2170
f 2360/2582/2172 2361/2583/2173 2355/2577/2167 2358/2580/2170
f 2362/2584/2174 2363/2585/2175 2364/2586/2176 2365/2587/2177
f 2366/2588/2178 2367/2589/2179 2362/2584/2174 2365/2587/2177
f 2368/2590/2180 2369/2591/2181 2366/2588/2178 2365/2587/2177
f 2370/2592/2182 2371/2593/2183 2369/2591/2181 2368/2590/2180
f 2342/2564/2154 2372/2594/2184 2370/2592/2182 2368/2590/2180
f 2365/2587/2177 2335/2557/2147 2342/2564/2154 2368/2590/2180
f 2373/2595/2185 2374/2596/2186 2370/2592/2182 2372/2594/2184
f 2375/2597/2187 2376/2598/2188 2373/2595/2185 2372/2594/2184
f 2342/2564/2154 2341/2563/2153 2375/2597/2187 2372/2594/2184
f 2377/2599/2189 2378/2600/2190 2376/2598/2188 2375/2597/2187
f 2341/2563/2153 2379/2601/2191 2377/2599/2189 2375/2597/2187
f 2380/2602/2192 2381/2603/2193 2377/2599/2189 2379/2601/2191
f 2382/2604/2194 2383/2605/2195 2380/2602/2192 2379/2601/2191
f 2341/2563/2153 2340/2562/2152 2382/2604/2194 2379/2601/2191
f 2384/2606/2196 2385/2607/2197 2383/2605/2195 2382/2604/2194
f 2340/2562/2152 2339/2561/2151 2384/2606/2196 2382/2604/2194
f 2386/2608/2198 2387/2609/2199 2385/2607/2197 2384/2606/2196
f 2339/2561/2151 2388/2610/2200 2386/2608/2198 2384/2606/2196
f 2339/2561/2151 2338/2560/2150 2337/2559/2149 2388/2610/2200
f 2389/2611/2201 2390/2612/2202 2386/2608/2198 2388/2610/2200
f 2337/2559/2149 2391/2613/2203 2389/2611/2201 2388/2610/2200
f 2337/2559/2149 2336/2558/2148 2392/2614/2204 2391/2613/2203
f 2393/2615/2205 2394/2616/2206 2389/2611/2201 2391/2613/2203
f 2392/2614/2204 2395/2617/2207 2393/2615/2205 2391/2613/2203
f 2392/2614/2204 2396/2618/2208 2397/2619/2209 2395/2617/2207
f 2398/2620/2210 2399/2621/2211 2393/2615/2205 2395/2617/2207
f 2397/2619/2209 2400/2622/2201 2398/2620/2210 2395/2617/2207
f 2397/2619/2209 2401/2623/2212 2402/2624/2213 2400/2622/2201
f 2403/2625/2214 2404/2626/2215 2398/2620/2210 2400/2622/2201
f 2402/2624/2213 2405/2627/2216 2403/2625/2214 2400/2622/2201
f 2402/2624/2213 2406/2628/2217 2407/2629/2218 2405/2627/2216
f 2408/2630/2219 2409/2631/2220 2403/2625/2214 2405/2627/2216
f 2407/2629/2218 2410/2632/2221 2408/2630/2219 2405/2627/2216
f 2407/2629/2218 2411/2633/2222 2412/2634/2223 2410/2632/2221
f 2413/2635/2224 2414/2636/2224 2408/2630/2219 2410/2632/2221
f 2412/2634/2223 2415/2637/2225 2413/2635/2224 2410/2632/2221
f 2412/2634/2223 2416/2638/2226 2417/2639/2227 2415/2637/2225
f 2418/2640/2228 2419/2641/2229 2413/2635/2224 2415/2637/2225
f 2417/2639/2227 2420/2642/2230 2418/2640/2228 2415/2637/2225
f 2417/2639/2227 2421/2643/2231 2422/2644/2232 2420/2642/2230
f 2423/2645/2233 2424/2646/2234 2418/2640/2228 2420/2642/2230
f 2422/2644/2232 2425/2647/2235 2423/2645/2233 2420/2642/2230
f 2422/2644/2232 2426/2648/2236 2427/2649/2237 2425/2647/2235
f 2428/2650/2238 2429/2651/2239 2423/2645/2233 2425/2647/2235
f 2427/2652/2237 2430/2653/2240 2428/2654/2238 2425/2655/2235
f 2427/2652/2237 2431/2656/2241 2432/2657/2242 2430/2653/2240
f 2433/2658/2243 2434/2659/2244 2428/2654/2238 2430/2653/2240
f 2432/2657/2242 2435/2660/2245 2433/2658/2243 2430/2653/2240
f 2432/2657/2242 2436/2661/2246 2437/2662/2247 2435/2660/2245
f 2438/2663/2248 2439/2664/2249 2433/2658/2243 2435/2660/2245
f 2437/2662/2247 2440/2665/2250 2438/2663/2248 2435/2660/2245
f 2437/2662/2247 2441/2666/2251 2442/2667/266 2440/2665/2250
f 2443/2668/2252 2444/2669/2253 2438/2663/2248 2440/2665/2250
f 2442/2667/266 2445/2670/2252 2443/2668/2252 2440/2665/2250
f 2442/2667/266 2446/2671/2254 2447/2672/2255 2445/2670/2252
f 2448/2673/2256 2449/2674/2257 2443/2668/2252 2445/2670/2252
f 2447/2672/2255 2450/2675/2258 2448/2673/2256 2445/2670/2252
f 2447/2672/2255 2451/2676/2259 2452/2677/2260 2450/2675/2258
f 2453/2678/2261 2454/2679/582 2448/2673/2256 2450/2675/2258
f 2452/2677/2260 2455/2680/253 2453/2678/2261 2450/2675/2258
f 2452/2677/2260 2456/2681/2262 2457/2682/2263 2455/2680/253
f 2458/2683/2264 2459/2684/2265 2453/2678/2261 2455/2680/253
f 2457/2682/2263 2460/2685/2266 2458/2683/2264 2455/2680/253
f 2457/2682/2263 2461/2686/2267 2462/2687/2268 2460/2685/2266
f 278/302/275 277/2688/274 2458/2683/2264 2460/2685/2266
f 2462/2687/2268 279/303/276 278/302/275 2460/2685/2266
f 2462/2687/2268 2463/2689/2269 280/304/277 279/303/276
f 2464/2690/2270 2465/2691/2271 283/307/280 282/306/279
f 280/304/277 2463/2689/2269 2464/2690/2270 282/306/279
f 2466/2692/2272 2467/2693/2273 2465/2691/2271 2464/2690/2270
f 2463/2689/2269 2468/2694/2274 2466/2692/2272 2464/2690/2270
f 2469/2695/2275 2470/2696/2276 2466/2692/2272 2468/2694/2274
f 2461/2686/2267 2471/2697/2277 2469/2695/2275 2468/2694/2274
f 2463/2689/2269 2462/2687/2268 2461/2686/2267 2468/2694/2274
f 2472/2698/2278 2473/2699/2279 2469/2695/2275 2471/2697/2277
f 2456/2681/2262 2474/2700/2280 2472/2698/2278 2471/2697/2277
f 2461/2686/2267 2457/2682/2263 2456/2681/2262 2471/2697/2277
f 2475/2701/2281 2476/2702/2282 2472/2698/2278 2474/2700/2280
f 2451/2676/2259 2477/2703/2283 2475/2701/2281 2474/2700/2280
f 2456/2681/2262 2452/2677/2260 2451/2676/2259 2474/2700/2280
f 2478/2704/2284 2479/2705/2285 2475/2701/2281 2477/2703/2283
f 2446/2671/2254 2480/2706/2286 2478/2704/2284 2477/2703/2283
f 2451/2676/2259 2447/2672/2255 2446/2671/2254 2477/2703/2283
f 2481/2707/2287 2482/2708/2288 2478/2704/2284 2480/2706/2286
f 2441/2666/2251 2483/2709/2289 2481/2707/2287 2480/2706/2286
f 2446/2671/2254 2442/2667/266 2441/2666/2251 2480/2706/2286
f 2484/2710/2290 2485/2711/2291 2481/2707/2287 2483/2709/2289
f 2436/2661/2246 2486/2712/2292 2484/2710/2290 2483/2709/2289
f 2441/2666/2251 2437/2662/2247 2436/2661/2246 2483/2709/2289
f 2487/2713/2293 2488/2714/2294 2484/2710/2290 2486/2712/2292
f 2431/2656/2241 2489/2715/2295 2487/2713/2293 2486/2712/2292
f 2436/2661/2246 2432/2657/2242 2431/2656/2241 2486/2712/2292
f 2490/2716/2296 2491/2717/2297 2487/2713/2293 2489/2715/2295
f 2426/2648/2236 2492/2718/2298 2490/2719/2296 2489/2720/2295
f 2431/2656/2241 2427/2652/2237 2426/2721/2236 2489/2715/2295
f 2493/2722/2299 2494/2723/2299 2490/2719/2296 2492/2718/2298
f 2421/2643/2231 2495/2724/2300 2493/2722/2299 2492/2718/2298
f 2426/2648/2236 2422/2644/2232 2421/2643/2231 2492/2718/2298
f 2496/2725/2301 2497/2726/2246 2493/2722/2299 2495/2724/2300
f 2416/2638/2226 2498/2727/2302 2496/2725/2301 2495/2724/2300
f 2421/2643/2231 2417/2639/2227 2416/2638/2226 2495/2724/2300
f 2499/2728/2303 2500/2729/2304 2496/2725/2301 2498/2727/2302
f 2411/2633/2222 2501/2730/2305 2499/2728/2303 2498/2727/2302
f 2416/2638/2226 2412/2634/2223 2411/2633/2222 2498/2727/2302
f 2502/2731/2306 2503/2732/2307 2499/2728/2303 2501/2730/2305
f 2406/2628/2217 2504/2733/2308 2502/2731/2306 2501/2730/2305
f 2411/2633/2222 2407/2629/2218 2406/2628/2217 2501/2730/2305
f 2505/2734/2309 2506/2735/2310 2502/2731/2306 2504/2733/2308
f 2401/2623/2212 2507/2736/2311 2505/2734/2309 2504/2733/2308
f 2406/2628/2217 2402/2624/2213 2401/2623/2212 2504/2733/2308
f 2363/2585/2175 2508/2737/323 2505/2734/2309 2507/2736/2311
f 2396/2618/2208 2364/2586/2176 2363/2585/2175 2507/2736/2311
f 2401/2623/2212 2397/2619/2209 2396/2618/2208 2507/2736/2311
f 2509/2738/2312 2510/2739/2313 2511/2740/2314 2508/2737/323
f 2363/2585/2175 2362/2584/2174 2509/2738/2312 2508/2737/323
f 2511/2740/2314 2506/2735/2310 2505/2734/2309 2508/2737/323
f 2512/2741/2315 2513/2742/2316 2510/2739/2313 2509/2738/2312
f 2362/2584/2174 2367/2589/2179 2512/2741/2315 2509/2738/2312
f 2514/2743/2317 2515/2744/2318 2513/2742/2316 2512/2741/2315
f 2367/2589/2179 2516/2745/2319 2514/2743/2317 2512/2741/2315
f 2517/2746/2320 2518/2747/2321 2514/2743/2317 2516/2745/2319
f 2369/2591/2181 2371/2593/2183 2517/2746/2320 2516/2745/2319
f 2367/2589/2179 2366/2588/2178 2369/2591/2181 2516/2745/2319
f 2519/2748/2322 2520/2749/2323 2518/2747/2321 2517/2746/2320
f 2371/2593/2183 2521/2750/2324 2519/2748/2322 2517/2746/2320
f 2522/2751/2325 2523/2752/2326 2519/2748/2322 2521/2750/2324
f 2374/2596/2186 2524/2753/2327 2522/2751/2325 2521/2750/2324
f 2371/2593/2183 2370/2592/2182 2374/2596/2186 2521/2750/2324
f 2525/2754/2328 2526/2755/2329 2522/2751/2325 2524/2753/2327
f 2527/2756/2330 2528/2757/2331 2525/2754/2328 2524/2753/2327
f 2374/2596/2186 2373/2595/2185 2527/2756/2330 2524/2753/2327
f 2529/2758/2332 2530/2759/2333 2528/2757/2331 2527/2756/2330
f 2373/2595/2185 2376/2598/2188 2529/2758/2332 2527/2756/2330
f 2531/2760/2334 2532/2761/2335 2530/2759/2333 2529/2758/2332
f 2376/2598/2188 2378/2600/2190 2531/2760/2334 2529/2758/2332
f 2533/2762/2336 2534/2763/2337 2532/2761/2335 2531/2760/2334
f 2378/2600/2190 2535/2764/2338 2533/2762/2336 2531/2760/2334
f 2536/2765/2339 2537/2766/2340 2533/2762/2336 2535/2764/2338
f 2381/2603/2193 2538/2767/2341 2536/2765/2339 2535/2764/2338
f 2378/2600/2190 2377/2599/2189 2381/2603/2193 2535/2764/2338
f 2539/2768/2342 2540/2769/2343 2536/2765/2339 2538/2767/2341
f 2541/2770/2344 2542/2771/2345 2539/2768/2342 2538/2767/2341
f 2381/2603/2193 2380/2602/2192 2541/2770/2344 2538/2767/2341
f 2543/2772/2346 2303/2525/2115 2542/2771/2345 2541/2770/2344
f 2380/2602/2192 2383/2605/2195 2543/2772/2346 2541/2770/2344
f 2544/2773/2347 2304/2526/2116 2303/2525/2115 2543/2772/2346
f 2383/2605/2195 2385/2607/2197 2544/2773/2347 2543/2772/2346
f 2545/2774/2348 2546/2775/2349 2304/2526/2116 2544/2773/2347
f 2385/2607/2197 2387/2609/2199 2545/2774/2348 2544/2773/2347
f 2547/2776/2350 2548/2777/2351 2546/2775/2349 2545/2774/2348
f 2387/2609/2199 2549/2778/2352 2547/2776/2350 2545/2774/2348
f 2387/2609/2199 2386/2608/2198 2390/2612/2202 2549/2778/2352
f 2550/2779/2353 2551/2780/2354 2547/2776/2350 2549/2778/2352
f 2390/2612/2202 2552/2781/2355 2550/2779/2353 2549/2778/2352
f 2390/2612/2202 2389/2611/2201 2394/2616/2206 2552/2781/2355
f 2553/2782/2356 2554/2783/2357 2550/2779/2353 2552/2781/2355
f 2394/2616/2206 2555/2784/2358 2553/2782/2356 2552/2781/2355
f 2394/2616/2206 2393/2615/2205 2399/2621/2211 2555/2784/2358
f 2556/2785/2359 2557/2786/2360 2553/2782/2356 2555/2784/2358
f 2399/2621/2211 2558/2787/2361 2556/2785/2359 2555/2784/2358
f 2399/2621/2211 2398/2620/2210 2404/2626/2215 2558/2787/2361
f 2559/2788/2362 2560/2789/2363 2556/2785/2359 2558/2787/2361
f 2404/2626/2215 2561/2790/2361 2559/2788/2362 2558/2787/2361
f 2404/2626/2215 2403/2625/2214 2409/2631/2220 2561/2790/2361
f 2562/2791/2364 2563/2792/2365 2559/2788/2362 2561/2790/2361
f 2409/2631/2220 2564/2793/2366 2562/2791/2364 2561/2790/2361
f 2409/2631/2220 2408/2630/2219 2414/2636/2224 2564/2793/2366
f 2565/2794/2367 2566/2795/2368 2562/2791/2364 2564/2793/2366
f 2414/2636/2224 2567/2796/2369 2565/2794/2367 2564/2793/2366
f 2414/2636/2224 2413/2635/2224 2419/2641/2229 2567/2796/2369
f 2568/2797/2370 2569/2798/2371 2565/2794/2367 2567/2796/2369
f 2419/2641/2229 2570/2799/2372 2568/2797/2370 2567/2796/2369
f 2419/2641/2229 2418/2640/2228 2424/2646/2234 2570/2799/2372
f 2571/2800/2373 2572/2801/2374 2568/2797/2370 2570/2799/2372
f 2424/2646/2234 2573/2802/2375 2571/2800/2373 2570/2799/2372
f 2424/2646/2234 2423/2645/2233 2429/2651/2239 2573/2802/2375
f 2574/2803/2376 2575/2804/2377 2571/2800/2373 2573/2802/2375
f 2429/2651/2239 2576/2805/2378 2574/2803/2376 2573/2802/2375
f 2429/2651/2239 2428/2650/2238 2434/2806/2244 2576/2805/2378
f 2577/2807/2379 2578/2808/2380 2574/2803/2376 2576/2805/2378
f 2434/2809/2244 2579/2810/2381 2577/2811/2379 2576/2812/2378
f 2434/2659/2244 2433/2658/2243 2439/2664/2249 2579/2813/2381
f 2580/2814/2382 2581/2815/2383 2577/2811/2379 2579/2810/2381
f 2439/2816/2249 2582/2817/730 2580/2814/2382 2579/2810/2381
f 2439/2664/2249 2438/2663/2248 2444/2669/2253 2582/2818/730
f 2583/2819/2384 2584/2820/2385 2580/2814/2382 2582/2817/730
f 2444/2821/2253 2585/2822/2386 2583/2819/2384 2582/2817/730
f 2444/2669/2253 2443/2668/2252 2449/2674/2257 2585/2823/2386
f 2586/2824/2387 2587/2825/2265 2583/2819/2384 2585/2822/2386
f 2449/2826/2257 2588/2827/2387 2586/2824/2387 2585/2822/2386
f 2449/2674/2257 2448/2673/2256 2454/2679/582 2588/2828/2387
f 2589/2829/2388 2590/2830/2389 2586/2824/2387 2588/2827/2387
f 2454/2831/582 2591/2832/2390 2589/2829/2388 2588/2827/2387
f 2454/2679/582 2453/2678/2261 2459/2684/2265 2591/2833/2390
f 413/460/279 412/459/404 2589/2829/2388 2591/2832/2390
f 2459/2834/2265 414/461/279 413/460/279 2591/2832/2390
f 2459/2684/2265 2458/2683/2264 277/2688/274 414/2835/279
f 2592/2836/2391 2266/2488/2078 416/463/406 415/462/405
f 283/307/280 2465/2691/2271 2592/2836/2391 415/462/405
f 2593/2837/2392 2264/2486/2076 2266/2488/2078 2592/2836/2391
f 2465/2691/2271 2467/2693/2273 2593/2837/2392 2592/2836/2391
f 2594/2838/2393 2265/2487/2077 2264/2486/2076 2593/2837/2392
f 2467/2693/2273 2595/2839/2394 2594/2838/2393 2593/2837/2392
f 2596/2840/2395 2597/2841/2396 2594/2838/2393 2595/2839/2394
f 2470/2696/2276 2598/2842/2279 2596/2840/2395 2595/2839/2394
f 2467/2693/2273 2466/2692/2272 2470/2696/2276 2595/2839/2394
f 2599/2843/2397 2600/2844/2398 2596/2840/2395 2598/2842/2279
f 2473/2699/2279 2601/2845/2399 2599/2843/2397 2598/2842/2279
f 2470/2696/2276 2469/2695/2275 2473/2699/2279 2598/2842/2279
f 2602/2846/2288 2603/2847/2400 2599/2843/2397 2601/2845/2399
f 2476/2702/2282 2604/2848/2401 2602/2846/2288 2601/2845/2399
f 2473/2699/2279 2472/2698/2278 2476/2702/2282 2601/2845/2399
f 2605/2849/2402 2606/2850/2403 2602/2846/2288 2604/2848/2401
f 2479/2705/2285 2607/2851/2404 2605/2849/2402 2604/2848/2401
f 2476/2702/2282 2475/2701/2281 2479/2705/2285 2604/2848/2401
f 2608/2852/2405 2609/2853/2406 2605/2849/2402 2607/2851/2404
f 2482/2708/2288 2610/2854/2401 2608/2852/2405 2607/2851/2404
f 2479/2705/2285 2478/2704/2284 2482/2708/2288 2607/2851/2404
f 2611/2855/2291 2612/2856/2407 2608/2852/2405 2610/2854/2401
f 2485/2711/2291 2613/2857/2408 2611/2855/2291 2610/2854/2401
f 2482/2708/2288 2481/2707/2287 2485/2711/2291 2610/2854/2401
f 2614/2858/2409 2615/2859/2410 2611/2855/2291 2613/2857/2408
f 2488/2714/2294 2616/2860/2411 2614/2858/2409 2613/2857/2408
f 2485/2711/2291 2484/2710/2290 2488/2714/2294 2613/2857/2408
f 2617/2861/2412 2618/2862/2413 2614/2858/2409 2616/2860/2411
f 2491/2717/2297 2619/2863/2414 2617/2861/2412 2616/2860/2411
f 2488/2714/2294 2487/2713/2293 2491/2717/2297 2616/2860/2411
f 2620/2864/2415 2621/2865/2416 2617/2861/2412 2619/2863/2414
f 2494/2723/2299 2622/2866/2417 2620/2867/2415 2619/2868/2414
f 2491/2717/2297 2490/2716/2296 2494/2869/2299 2619/2863/2414
f 2623/2870/2418 2624/2871/2419 2620/2867/2415 2622/2866/2417
f 2497/2726/2246 2625/2872/2420 2623/2870/2418 2622/2866/2417
f 2494/2723/2299 2493/2722/2299 2497/2726/2246 2622/2866/2417
f 2626/2873/2421 2627/2874/2422 2623/2870/2418 2625/2872/2420
f 2500/2729/2304 2628/2875/2423 2626/2873/2421 2625/2872/2420
f 2497/2726/2246 2496/2725/2301 2500/2729/2304 2625/2872/2420
f 2629/2876/2424 2630/2877/2425 2626/2873/2421 2628/2875/2423
f 2503/2732/2307 2631/2878/2426 2629/2876/2424 2628/2875/2423
f 2500/2729/2304 2499/2728/2303 2503/2732/2307 2628/2875/2423
f 2632/2879/2427 2633/2880/2428 2629/2876/2424 2631/2878/2426
f 2506/2735/2310 2511/2740/2314 2632/2879/2427 2631/2878/2426
f 2503/2732/2307 2502/2731/2306 2506/2735/2310 2631/2878/2426
f 2634/2881/2429 2635/2882/2430 2633/2880/2428 2632/2879/2427
f 2511/2740/2314 2510/2739/2313 2634/2881/2429 2632/2879/2427
f 2636/2883/2431 2637/2884/2432 2635/2882/2430 2634/2881/2429
f 2510/2739/2313 2513/2742/2316 2636/2883/2431 2634/2881/2429
f 2638/2885/2433 2639/2886/2434 2637/2884/2432 2636/2883/2431
f 2513/2742/2316 2515/2744/2318 2638/2885/2433 2636/2883/2431
f 2640/2887/2435 2641/2888/2436 2639/2886/2434 2638/2885/2433
f 2515/2744/2318 2642/2889/2437 2640/2887/2435 2638/2885/2433
f 2643/2890/2438 2644/2891/2439 2640/2887/2435 2642/2889/2437
f 2518/2747/2321 2520/2749/2323 2643/2890/2438 2642/2889/2437
f 2515/2744/2318 2514/2743/2317 2518/2747/2321 2642/2889/2437
f 2645/2892/2440 2646/2893/2441 2644/2891/2439 2643/2890/2438
f 2520/2749/2323 2647/2894/2442 2645/2892/2440 2643/2890/2438
f 2648/2895/2443 2649/2896/2444 2645/2892/2440 2647/2894/2442
f 2523/2752/2326 2650/2897/2445 2648/2895/2443 2647/2894/2442
f 2520/2749/2323 2519/2748/2322 2523/2752/2326 2647/2894/2442
f 2651/2898/2446 2652/2899/2447 2648/2895/2443 2650/2897/2445
f 2526/2755/2329 2653/2900/2448 2651/2898/2446 2650/2897/2445
f 2523/2752/2326 2522/2751/2325 2526/2755/2329 2650/2897/2445
f 2654/2901/2449 2655/2902/2450 2651/2898/2446 2653/2900/2448
f 2656/2903/2451 2317/2539/2129 2654/2901/2449 2653/2900/2448
f 2526/2755/2329 2525/2754/2328 2656/2903/2451 2653/2900/2448
f 2657/2904/2452 2312/2534/2124 2317/2539/2129 2656/2903/2451
f 2525/2754/2328 2528/2757/2331 2657/2904/2452 2656/2903/2451
f 2658/2905/2453 2313/2535/2125 2312/2534/2124 2657/2904/2452
f 2528/2757/2331 2530/2759/2333 2658/2905/2453 2657/2904/2452
f 2659/2906/2454 2660/2907/2455 2313/2535/2125 2658/2905/2453
f 2530/2759/2333 2532/2761/2335 2659/2906/2454 2658/2905/2453
f 2661/2908/2456 2662/2909/2457 2660/2907/2455 2659/2906/2454
f 2532/2761/2335 2534/2763/2337 2661/2908/2456 2659/2906/2454
f 2663/2910/2458 2664/2911/2459 2662/2909/2457 2661/2908/2456
f 2534/2763/2337 2665/2912/2460 2663/2910/2458 2661/2908/2456
f 2666/2913/2461 2667/2914/2462 2663/2910/2458 2665/2912/2460
f 2537/2766/2340 2668/2915/2463 2666/2913/2461 2665/2912/2460
f 2534/2763/2337 2533/2762/2336 2537/2766/2340 2665/2912/2460
f 2669/2916/2464 2670/2917/2465 2666/2913/2461 2668/2915/2463
f 2540/2769/2343 2671/2918/2466 2669/2916/2464 2668/2915/2463
f 2537/2766/2340 2536/2765/2339 2540/2769/2343 2668/2915/2463
f 2672/2919/2467 2673/2920/2468 2669/2916/2464 2671/2918/2466
f 2674/2921/2469 2675/2922/2470 2672/2919/2467 2671/2918/2466
f 2540/2769/2343 2539/2768/2342 2674/2921/2469 2671/2918/2466
f 2676/2923/2471 2677/2924/2472 2675/2922/2470 2674/2921/2469
f 2539/2768/2342 2542/2771/2345 2676/2923/2471 2674/2921/2469
f 2302/2524/2114 2307/2529/2119 2677/2924/2472 2676/2923/2471
f 2542/2771/2345 2303/2525/2115 2302/2524/2114 2676/2923/2471
f 2678/2925/2473 2679/2926/2474 2675/2922/2470 2677/2924/2472
f 2307/2529/2119 2680/2927/2475 2678/2925/2473 2677/2924/2472
f 2681/2928/2476 2682/2929/2477 2678/2925/2473 2680/2927/2475
f 2683/2930/2478 2684/2931/2479 2681/2928/2476 2680/2927/2475
f 2307/2529/2119 2306/2528/2118 2683/2930/2478 2680/2927/2475
f 2306/2528/2118 2546/2775/2349 2548/2777/2351 2683/2930/2478
f 2548/2777/2351 2685/2932/2480 2684/2931/2479 2683/2930/2478
f 2548/2777/2351 2547/2776/2350 2551/2780/2354 2685/2932/2480
f 2686/2933/2481 2687/2934/2482 2684/2931/2479 2685/2932/2480
f 2551/2780/2354 2688/2935/2483 2686/2933/2481 2685/2932/2480
f 2551/2780/2354 2550/2779/2353 2554/2783/2357 2688/2935/2483
f 2689/2936/2484 2690/2937/2485 2686/2933/2481 2688/2935/2483
f 2554/2783/2357 2691/2938/2486 2689/2936/2484 2688/2935/2483
f 2554/2783/2357 2553/2782/2356 2557/2786/2360 2691/2938/2486
f 2692/2939/2487 2693/2940/2488 2689/2936/2484 2691/2938/2486
f 2557/2786/2360 2694/2941/2489 2692/2939/2487 2691/2938/2486
f 2557/2786/2360 2556/2785/2359 2560/2789/2363 2694/2941/2489
f 2695/2942/2490 2696/2943/2240 2692/2939/2487 2694/2941/2489
f 2560/2789/2363 2697/2944/2491 2695/2942/2490 2694/2941/2489
f 2560/2789/2363 2559/2788/2362 2563/2792/2365 2697/2944/2491
f 2698/2945/2492 2699/2946/2493 2695/2942/2490 2697/2944/2491
f 2563/2792/2365 2700/2947/2494 2698/2945/2492 2697/2944/2491
f 2563/2792/2365 2562/2791/2364 2566/2795/2368 2700/2947/2494
f 2701/2948/2495 2702/2949/2496 2698/2945/2492 2700/2947/2494
f 2566/2795/2368 2703/2950/2497 2701/2948/2495 2700/2947/2494
f 2566/2795/2368 2565/2794/2367 2569/2798/2371 2703/2950/2497
f 2704/2951/2498 2705/2952/2499 2701/2948/2495 2703/2950/2497
f 2569/2798/2371 2706/2953/2500 2704/2951/2498 2703/2950/2497
f 2569/2798/2371 2568/2797/2370 2572/2801/2374 2706/2953/2500
f 2707/2954/2501 2708/2955/2502 2704/2951/2498 2706/2953/2500
f 2572/2801/2374 2709/2956/2503 2707/2954/2501 2706/2953/2500
f 2572/2801/2374 2571/2800/2373 2575/2804/2377 2709/2956/2503
f 2710/2957/2504 2711/2958/2505 2707/2954/2501 2709/2956/2503
f 2575/2804/2377 2712/2959/2506 2710/2957/2504 2709/2956/2503
f 2575/2804/2377 2574/2803/2376 2578/2808/2380 2712/2959/2506
f 2713/2960/2507 2714/2961/2508 2710/2957/2504 2712/2959/2506
f 2578/2962/2380 2715/2963/2509 2713/2964/2507 2712/2965/2506
f 2578/2962/2380 2577/2811/2379 2581/2815/2383 2715/2963/2509
f 2716/2966/2510 2717/2967/2511 2713/2964/2507 2715/2963/2509
f 2581/2815/2383 2718/2968/2512 2716/2966/2510 2715/2963/2509
f 2581/2815/2383 2580/2814/2382 2584/2820/2385 2718/2968/2512
f 2719/2969/2513 2720/2970/2514 2716/2966/2510 2718/2968/2512
f 2584/2820/2385 2721/2971/2515 2719/2969/2513 2718/2968/2512
f 2584/2820/2385 2583/2819/2384 2587/2825/2265 2721/2971/2515
f 2722/2972/2516 2723/2973/2517 2719/2969/2513 2721/2971/2515
f 2587/2825/2265 2724/2974/2518 2722/2972/2516 2721/2971/2515
f 2587/2825/2265 2586/2824/2387 2590/2830/2389 2724/2974/2518
f 551/611/535 550/610/279 2722/2972/2516 2724/2974/2518
f 2590/2830/2389 552/612/404 551/611/535 2724/2974/2518
f 2590/2830/2389 2589/2829/2388 412/459/404 552/612/404
f 2725/2975/2519 2726/2976/2520 554/614/537 553/613/536
f 76/86/76 2259/2481/2071 2725/2975/2519 553/613/536
f 2727/2977/541 2728/2978/540 2726/2976/2520 2725/2975/2519
f 2259/2481/2071 2258/2480/2070 2727/2977/541 2725/2975/2519
f 2729/2979/2521 2730/2980/2522 2728/2978/540 2727/2977/541
f 2258/2480/2070 2262/2484/2074 2729/2979/2521 2727/2977/541
f 2731/2981/2523 2732/2982/2524 2730/2980/2522 2729/2979/2521
f 2262/2484/2074 2261/2483/2073 2731/2981/2523 2729/2979/2521
f 2733/2983/547 2734/2984/546 2732/2982/2524 2731/2981/2523
f 2261/2483/2073 2269/2491/2081 2733/2983/547 2731/2981/2523
f 2735/2985/2525 2736/2986/537 2734/2984/546 2733/2983/547
f 2269/2491/2081 2737/2987/2526 2735/2985/2525 2733/2983/547
f 2738/2988/2527 2739/2989/2528 2735/2985/2525 2737/2987/2526
f 2740/2990/2529 2741/2991/2530 2738/2988/2527 2737/2987/2526
f 2269/2491/2081 2268/2490/2080 2740/2990/2529 2737/2987/2526
f 2742/2992/2531 2743/2993/2532 2741/2991/2530 2740/2990/2529
f 2268/2490/2080 2267/2489/2079 2742/2992/2531 2740/2990/2529
f 2744/2994/2533 2745/2995/2534 2743/2993/2532 2742/2992/2531
f 2267/2489/2079 2597/2841/2396 2744/2994/2533 2742/2992/2531
f 2600/2844/2398 2746/2996/2535 2745/2995/2534 2744/2994/2533
f 2597/2841/2396 2596/2840/2395 2600/2844/2398 2744/2994/2533
f 2747/2997/2536 2748/2998/2537 2745/2995/2534 2746/2996/2535
f 2603/2847/2400 2749/2999/2538 2747/2997/2536 2746/2996/2535
f 2600/2844/2398 2599/2843/2397 2603/2847/2400 2746/2996/2535
f 2750/3000/2539 2751/3001/2540 2747/2997/2536 2749/2999/2538
f 2606/2850/2403 2752/3002/2541 2750/3000/2539 2749/2999/2538
f 2603/2847/2400 2602/2846/2288 2606/2850/2403 2749/2999/2538
f 2753/3003/2542 2754/3004/2543 2750/3000/2539 2752/3002/2541
f 2609/2853/2406 2755/3005/2544 2753/3003/2542 2752/3002/2541
f 2606/2850/2403 2605/2849/2402 2609/2853/2406 2752/3002/2541
f 2756/3006/2545 2757/3007/2546 2753/3003/2542 2755/3005/2544
f 2612/2856/2407 2758/3008/2547 2756/3006/2545 2755/3005/2544
f 2609/2853/2406 2608/2852/2405 2612/2856/2407 2755/3005/2544
f 2759/3009/2548 2760/3010/2549 2756/3006/2545 2758/3008/2547
f 2615/2859/2410 2761/3011/2550 2759/3009/2548 2758/3008/2547
f 2612/2856/2407 2611/2855/2291 2615/2859/2410 2758/3008/2547
f 2762/3012/2551 2763/3013/2552 2759/3009/2548 2761/3011/2550
f 2618/2862/2413 2764/3014/2553 2762/3012/2551 2761/3011/2550
f 2615/2859/2410 2614/2858/2409 2618/2862/2413 2761/3011/2550
f 2765/3015/2554 2766/3016/2555 2762/3012/2551 2764/3014/2553
f 2621/2865/2416 2767/3017/2556 2765/3015/2554 2764/3014/2553
f 2618/2862/2413 2617/2861/2412 2621/2865/2416 2764/3014/2553
f 2768/3018/2557 2769/3019/2558 2765/3015/2554 2767/3017/2556
f 2624/2871/2419 2770/3020/264 2768/3021/2557 2767/3022/2556
f 2621/2865/2416 2620/2864/2415 2624/3023/2419 2767/3017/2556
f 2771/3024/2559 2772/3025/2560 2768/3021/2557 2770/3020/264
f 2627/2874/2422 2773/3026/2561 2771/3024/2559 2770/3020/264
f 2624/2871/2419 2623/2870/2418 2627/2874/2422 2770/3020/264
f 2774/3027/2562 2775/3028/2563 2771/3024/2559 2773/3026/2561
f 2630/2877/2425 2776/3029/2564 2774/3027/2562 2773/3026/2561
f 2627/2874/2422 2626/2873/2421 2630/2877/2425 2773/3026/2561
f 2777/3030/2565 2778/3031/2566 2774/3027/2562 2776/3029/2564
f 2633/2880/2428 2635/2882/2430 2777/3030/2565 2776/3029/2564
f 2630/2877/2425 2629/2876/2424 2633/2880/2428 2776/3029/2564
f 2779/3032/2567 2780/3033/2568 2778/3031/2566 2777/3030/2565
f 2635/2882/2430 2637/2884/2432 2779/3032/2567 2777/3030/2565
f 2781/3034/2569 2782/3035/2570 2780/3033/2568 2779/3032/2567
f 2637/2884/2432 2639/2886/2434 2781/3034/2569 2779/3032/2567
f 2783/3036/2571 2784/3037/2572 2782/3035/2570 2781/3034/2569
f 2639/2886/2434 2641/2888/2436 2783/3036/2571 2781/3034/2569
f 2785/3038/2573 2786/3039/2574 2784/3037/2572 2783/3036/2571
f 2641/2888/2436 2787/3040/2575 2785/3038/2573 2783/3036/2571
f 2788/3041/2576 2789/3042/2577 2785/3038/2573 2787/3040/2575
f 2644/2891/2439 2646/2893/2441 2788/3041/2576 2787/3040/2575
f 2641/2888/2436 2640/2887/2435 2644/2891/2439 2787/3040/2575
f 2790/3043/2578 2791/3044/2579 2789/3042/2577 2788/3041/2576
f 2646/2893/2441 2792/3045/2580 2790/3043/2578 2788/3041/2576
f 2793/3046/2581 2794/3047/2582 2790/3043/2578 2792/3045/2580
f 2649/2896/2444 2795/3048/2583 2793/3046/2581 2792/3045/2580
f 2646/2893/2441 2645/2892/2440 2649/2896/2444 2792/3045/2580
f 2796/3049/2584 2797/3050/2585 2793/3046/2581 2795/3048/2583
f 2652/2899/2447 2798/3051/2586 2796/3049/2584 2795/3048/2583
f 2649/2896/2444 2648/2895/2443 2652/2899/2447 2795/3048/2583
f 2799/3052/2587 2800/3053/2588 2796/3049/2584 2798/3051/2586
f 2655/2902/2450 2801/3054/2589 2799/3052/2587 2798/3051/2586
f 2652/2899/2447 2651/2898/2446 2655/2902/2450 2798/3051/2586
f 2802/3055/2590 2803/3056/2591 2799/3052/2587 2801/3054/2589
f 2804/3057/2592 2805/3058/2593 2802/3055/2590 2801/3054/2589
f 2655/2902/2450 2654/2901/2449 2804/3057/2592 2801/3054/2589
f 2315/2537/2127 2314/2536/2126 2805/3058/2593 2804/3057/2592
f 2654/2901/2449 2317/2539/2129 2315/2537/2127 2804/3057/2592
f 2806/3059/2594 2807/3060/2595 2802/3055/2590 2805/3058/2593
f 2314/2536/2126 2808/3061/2596 2806/3059/2594 2805/3058/2593
f 2809/3062/2597 2810/3063/2598 2806/3059/2594 2808/3061/2596
f 2811/3064/2599 2812/3065/2600 2809/3062/2597 2808/3061/2596
f 2314/2536/2126 2310/2532/2122 2811/3064/2599 2808/3061/2596
f 2813/3066/2601 2814/3067/2602 2812/3065/2600 2811/3064/2599
f 2310/2532/2122 2309/2531/2121 2813/3066/2601 2811/3064/2599
f 2815/3068/2603 2816/3069/2604 2814/3067/2602 2813/3066/2601
f 2309/2531/2121 2817/3070/2605 2815/3068/2603 2813/3066/2601
f 2818/3071/2606 2819/3072/2607 2815/3068/2603 2817/3070/2605
f 2820/3073/2608 2821/3074/2609 2818/3071/2606 2817/3070/2605
f 2309/2531/2121 2308/2530/2120 2820/3073/2608 2817/3070/2605
f 2660/2907/2455 2662/2909/2457 2821/3074/2609 2820/3073/2608
f 2308/2530/2120 2313/2535/2125 2660/2907/2455 2820/3073/2608
f 2822/3075/2610 2823/3076/2611 2818/3071/2606 2821/3074/2609
f 2662/2909/2457 2664/2911/2459 2822/3075/2610 2821/3074/2609
f 2284/2506/2096 2824/3077/2612 2823/3076/2611 2822/3075/2610
f 2664/2911/2459 2285/2507/2097 2284/2506/2096 2822/3075/2610
f 2825/3078/2613 2819/3072/2607 2818/3071/2606 2823/3076/2611
f 2824/3077/2612 2826/3079/2614 2825/3078/2613 2823/3076/2611
f 2827/3080/2615 2828/3081/2616 2825/3078/2613 2826/3079/2614
f 2829/3082/2617 2830/3083/2618 2827/3080/2615 2826/3079/2614
f 2824/3077/2612 2831/3084/2619 2829/3082/2617 2826/3079/2614
f 2832/3085/2620 2833/3086/2621 2830/3083/2618 2829/3082/2617
f 2831/3084/2619 2277/2499/2089 2832/3085/2620 2829/3082/2617
f 2834/3087/2622 2835/3088/2623 2833/3086/2621 2832/3085/2620
f 2277/2499/2089 2276/2498/2088 2834/3087/2622 2832/3085/2620
f 2836/3089/2624 2837/3090/2625 2835/3088/2623 2834/3087/2622
f 2276/2498/2088 2838/3091/2626 2836/3089/2624 2834/3087/2622
f 2839/3092/2627 2840/3093/2628 2836/3089/2624 2838/3091/2626
f 2841/3094/2629 2842/3095/2630 2839/3092/2627 2838/3091/2626
f 2276/2498/2088 2275/2497/2087 2841/3094/2629 2838/3091/2626
f 2843/3096/2631 2844/3097/2632 2842/3095/2630 2841/3094/2629
f 2275/2497/2087 2274/2496/2086 2843/3096/2631 2841/3094/2629
f 2845/3098/2633 2846/3099/2634 2844/3097/2632 2843/3096/2631
f 2274/2496/2086 2847/3100/2635 2845/3098/2633 2843/3096/2631
f 2848/3101/2636 2849/3102/2637 2845/3098/2633 2847/3100/2635
f 2850/3103/2638 2851/3104/2639 2848/3101/2636 2847/3100/2635
f 2274/2496/2086 2272/2494/2084 2850/3103/2638 2847/3100/2635
f 2852/3105/2640 2670/2917/2465 2851/3104/2639 2850/3103/2638
f 2272/2494/2084 2271/2493/2083 2852/3105/2640 2850/3103/2638
f 2271/2493/2083 2285/2507/2097 2667/2914/2462 2852/3105/2640
f 2667/2914/2462 2666/2913/2461 2670/2917/2465 2852/3105/2640
f 2673/2920/2468 2853/3106/2641 2848/3101/2636 2851/3104/2639
f 2670/2917/2465 2669/2916/2464 2673/2920/2468 2851/3104/2639
f 2854/3107/2642 2849/3102/2637 2848/3101/2636 2853/3106/2641
f 2855/3108/2643 2856/3109/2644 2854/3107/2642 2853/3106/2641
f 2673/2920/2468 2672/2919/2467 2855/3108/2643 2853/3106/2641
f 2679/2926/2474 2857/3110/2645 2856/3109/2644 2855/3108/2643
f 2672/2919/2467 2675/2922/2470 2679/2926/2474 2855/3108/2643
f 2858/3111/2646 2859/3112/2647 2856/3109/2644 2857/3110/2645
f 2682/2929/2477 2860/3113/2648 2858/3111/2646 2857/3110/2645
f 2679/2926/2474 2678/2925/2473 2682/2929/2477 2857/3110/2645
f 2290/2512/2102 2861/3114/2649 2858/3111/2646 2860/3113/2648
f 2862/3115/2650 2291/2513/2103 2290/2512/2102 2860/3113/2648
f 2682/2929/2477 2681/2928/2476 2862/3115/2650 2860/3113/2648
f 2687/2934/2482 2292/2514/2104 2291/2513/2103 2862/3115/2650
f 2681/2928/2476 2684/2931/2479 2687/2934/2482 2862/3115/2650
f 2863/3116/2651 2864/3117/676 2865/3118/2652 2861/3114/2649
f 2290/2512/2102 2288/2510/2100 2863/3116/2651 2861/3114/2649
f 2865/3118/2652 2859/3112/2647 2858/3111/2646 2861/3114/2649
f 2866/3119/2653 2867/3120/2654 2864/3117/676 2863/3116/2651
f 2288/2510/2100 2287/2509/2099 2866/3119/2653 2863/3116/2651
f 2868/3121/2655 2869/3122/2656 2867/3120/2654 2866/3119/2653
f 2287/2509/2099 2870/3123/682 2868/3121/2655 2866/3119/2653
f 2287/2509/2099 2286/2508/2098 2871/3124/2657 2870/3123/682
f 2872/3125/2658 2873/3126/19 2868/3121/2655 2870/3123/682
f 2871/3124/2657 2874/3127/2659 2872/3125/2658 2870/3123/682
f 2871/3124/2657 2875/3128/2660 2876/3129/2661 2874/3127/2659
f 2877/3130/2662 2878/3131/2663 2872/3125/2658 2874/3127/2659
f 2876/3129/2661 2879/3132/2664 2877/3130/2662 2874/3127/2659
f 2876/3129/2661 2880/3133/2665 2881/3134/2666 2879/3132/2664
f 2882/3135/2667 2883/3136/2668 2877/3130/2662 2879/3132/2664
f 2881/3134/2666 2884/3137/2669 2882/3135/2667 2879/3132/2664
f 2881/3134/2666 2885/3138/2670 2886/3139/2671 2884/3137/2669
f 2887/3140/2672 2888/3141/2673 2882/3135/2667 2884/3137/2669
f 2886/3139/2671 2889/3142/2674 2887/3140/2672 2884/3137/2669
f 2886/3139/2671 2890/3143/2675 2891/3144/2676 2889/3142/2674
f 2892/3145/2677 2893/3146/2678 2887/3140/2672 2889/3142/2674
f 2891/3144/2676 2894/3147/2679 2892/3145/2677 2889/3142/2674
f 2891/3144/2676 2895/3148/2680 2896/3149/2681 2894/3147/2679
f 2897/3150/2682 2898/3151/2683 2892/3145/2677 2894/3147/2679
f 2896/3149/2681 2899/3152/2684 2897/3150/2682 2894/3147/2679
f 2896/3149/2681 2900/3153/2685 2901/3154/2511 2899/3152/2684
f 2902/3155/2686 2903/3156/2687 2897/3150/2682 2899/3152/2684
f 2901/3154/2511 2904/3157/2688 2902/3155/2686 2899/3152/2684
f 2901/3154/2511 2905/3158/2689 2906/3159/2690 2904/3157/2688
f 2907/3160/2691 2908/3161/2692 2902/3155/2686 2904/3157/2688
f 2906/3162/2690 2909/3163/2693 2907/3164/2691 2904/3165/2688
f 2906/3162/2690 2910/3166/2694 2911/3167/2690 2909/3163/2693
f 743/820/277 742/819/275 2907/3164/2691 2909/3163/2693
f 2911/3167/2690 744/821/722 743/820/277 2909/3163/2693
f 2911/3167/2690 2912/3168/2695 745/822/277 744/821/722
f 2913/3169/2696 2914/3170/2697 748/825/280 747/824/722
f 745/822/277 2912/3168/2695 2913/3169/2696 747/824/722
f 2915/3171/2698 2916/3172/2698 2914/3170/2697 2913/3169/2696
f 2912/3168/2695 2917/3173/2699 2915/3171/2698 2913/3169/2696
f 2918/3174/2700 2919/3175/2701 2915/3171/2698 2917/3173/2699
f 2910/3176/2694 2920/3177/396 2918/3178/2700 2917/3179/2699
f 2912/3168/2695 2911/3167/2690 2910/3166/2694 2917/3173/2699
f 2921/3180/2702 2922/3181/2703 2918/3178/2700 2920/3177/396
f 2905/3158/2689 2923/3182/2704 2921/3180/2702 2920/3177/396
f 2910/3176/2694 2906/3159/2690 2905/3158/2689 2920/3177/396
f 2924/3183/2705 2925/3184/2706 2921/3180/2702 2923/3182/2704
f 2900/3153/2685 2926/3185/2707 2924/3183/2705 2923/3182/2704
f 2905/3158/2689 2901/3154/2511 2900/3153/2685 2923/3182/2704
f 2927/3186/2708 2928/3187/2709 2924/3183/2705 2926/3185/2707
f 2895/3148/2680 2929/3188/2710 2927/3186/2708 2926/3185/2707
f 2900/3153/2685 2896/3149/2681 2895/3148/2680 2926/3185/2707
f 2930/3189/2711 2931/3190/2712 2927/3186/2708 2929/3188/2710
f 2890/3143/2675 2932/3191/2713 2930/3189/2711 2929/3188/2710
f 2895/3148/2680 2891/3144/2676 2890/3143/2675 2929/3188/2710
f 2933/3192/2714 2934/3193/2715 2930/3189/2711 2932/3191/2713
f 2885/3138/2670 2935/3194/2716 2933/3192/2714 2932/3191/2713
f 2890/3143/2675 2886/3139/2671 2885/3138/2670 2932/3191/2713
f 2936/3195/2717 2937/3196/2718 2933/3192/2714 2935/3194/2716
f 2880/3133/2665 2938/3197/2719 2936/3195/2717 2935/3194/2716
f 2885/3138/2670 2881/3134/2666 2880/3133/2665 2935/3194/2716
f 2939/3198/2720 2940/3199/2721 2936/3195/2717 2938/3197/2719
f 2875/3128/2660 2294/2516/2106 2939/3198/2720 2938/3197/2719
f 2880/3133/2665 2876/3129/2661 2875/3128/2660 2938/3197/2719
f 2941/3200/2722 2693/2940/2488 2940/3199/2721 2939/3198/2720
f 2294/2516/2106 2293/2515/2105 2941/3200/2722 2939/3198/2720
f 2690/2937/2485 2689/2936/2484 2693/2940/2488 2941/3200/2722
f 2293/2515/2105 2292/2514/2104 2690/2937/2485 2941/3200/2722
f 2693/2940/2488 2692/2939/2487 2696/2943/2240 2940/3199/2721
f 2696/2943/2240 2937/3196/2718 2936/3195/2717 2940/3199/2721
f 2696/2943/2240 2695/2942/2490 2699/2946/2493 2937/3196/2718
f 2699/2946/2493 2934/3193/2715 2933/3192/2714 2937/3196/2718
f 2699/2946/2493 2698/2945/2492 2702/2949/2496 2934/3193/2715
f 2702/2949/2496 2931/3190/2712 2930/3189/2711 2934/3193/2715
f 2702/2949/2496 2701/2948/2495 2705/2952/2499 2931/3190/2712
f 2705/2952/2499 2928/3187/2709 2927/3186/2708 2931/3190/2712
f 2705/2952/2499 2704/2951/2498 2708/2955/2502 2928/3187/2709
f 2708/2955/2502 2925/3184/2706 2924/3183/2705 2928/3187/2709
f 2708/2955/2502 2707/2954/2501 2711/2958/2505 2925/3184/2706
f 2711/2958/2505 2922/3181/2703 2921/3180/2702 2925/3184/2706
f 2711/2958/2505 2710/2957/2504 2714/2961/2508 2922/3181/2703
f 2714/3201/2508 2919/3175/2701 2918/3174/2700 2922/3202/2703
f 2714/3201/2508 2713/2964/2507 2717/2967/2511 2919/3175/2701
f 2717/2967/2511 2916/3172/2698 2915/3171/2698 2919/3175/2701
f 2717/2967/2511 2716/2966/2510 2720/2970/2514 2916/3172/2698
f 2720/2970/2514 2942/3203/2723 2914/3170/2697 2916/3172/2698
f 2720/2970/2514 2719/2969/2513 2723/2973/2517 2942/3203/2723
f 779/856/277 748/825/280 2914/3170/2697 2942/3203/2723
f 2723/2973/2517 780/857/404 779/856/277 2942/3203/2723
f 2723/2973/2517 2722/2972/2516 550/610/279 780/857/404
f 2943/3204/759 2944/3205/2724 782/859/754 781/858/753
f 554/614/537 2726/2976/2520 2943/3204/759 781/858/753
f 2945/3206/1006 2946/3207/1744 2944/3205/2724 2943/3204/759
f 2726/2976/2520 2728/2978/540 2945/3206/1006 2943/3204/759
f 2947/3208/2725 2948/3209/756 2946/3207/1744 2945/3206/1006
f 2728/2978/540 2730/2980/2522 2947/3208/2725 2945/3206/1006
f 2949/3210/546 2950/3211/759 2948/3209/756 2947/3208/2725
f 2730/2980/2522 2732/2982/2524 2949/3210/546 2947/3208/2725
f 2951/3212/762 2952/3213/947 2950/3211/759 2949/3210/546
f 2732/2982/2524 2734/2984/546 2951/3212/762 2949/3210/546
f 2953/3214/1002 2954/3215/2726 2952/3213/947 2951/3212/762
f 2734/2984/546 2736/2986/537 2953/3214/1002 2951/3212/762
f 2955/3216/537 2956/3217/765 2954/3215/2726 2953/3214/1002
f 2736/2986/537 2957/3218/766 2955/3216/537 2953/3214/1002
f 2958/3219/766 2959/3220/1540 2955/3216/537 2957/3218/766
f 2739/2989/2528 2960/3221/2727 2958/3219/766 2957/3218/766
f 2736/2986/537 2735/2985/2525 2739/2989/2528 2957/3218/766
f 2961/3222/2728 2962/3223/769 2958/3219/766 2960/3221/2727
f 2963/3224/2729 2204/2426/6 2961/3222/2728 2960/3221/2727
f 2739/2989/2528 2738/2988/2527 2963/3224/2729 2960/3221/2727
f 2964/3225/2730 2205/2427/2018 2204/2426/6 2963/3224/2729
f 2738/2988/2527 2741/2991/2530 2964/3225/2730 2963/3224/2729
f 2965/3226/2731 2318/2540/2130 2205/2427/2018 2964/3225/2730
f 2741/2991/2530 2743/2993/2532 2965/3226/2731 2964/3225/2730
f 2748/2998/2537 2966/3227/2732 2318/2540/2130 2965/3226/2731
f 2743/2993/2532 2745/2995/2534 2748/2998/2537 2965/3226/2731
f 2967/3228/2733 2319/2541/2131 2318/2540/2130 2966/3227/2732
f 2751/3001/2540 2968/3229/2734 2967/3228/2733 2966/3227/2732
f 2748/2998/2537 2747/2997/2536 2751/3001/2540 2966/3227/2732
f 2969/3230/2735 2970/3231/2736 2967/3228/2733 2968/3229/2734
f 2754/3004/2543 2971/3232/2543 2969/3230/2735 2968/3229/2734
f 2751/3001/2540 2750/3000/2539 2754/3004/2543 2968/3229/2734
f 2972/3233/2737 2973/3234/2738 2969/3230/2735 2971/3232/2543
f 2757/3007/2546 2974/3235/2734 2972/3233/2737 2971/3232/2543
f 2754/3004/2543 2753/3003/2542 2757/3007/2546 2971/3232/2543
f 2975/3236/2739 2976/3237/2740 2972/3233/2737 2974/3235/2734
f 2760/3010/2549 2977/3238/2741 2975/3236/2739 2974/3235/2734
f 2757/3007/2546 2756/3006/2545 2760/3010/2549 2974/3235/2734
f 2978/3239/2742 2979/3240/2743 2975/3236/2739 2977/3238/2741
f 2763/3013/2552 2980/3241/2744 2978/3239/2742 2977/3238/2741
f 2760/3010/2549 2759/3009/2548 2763/3013/2552 2977/3238/2741
f 2981/3242/2745 2982/3243/2746 2978/3239/2742 2980/3241/2744
f 2766/3016/2555 2983/3244/2747 2981/3242/2745 2980/3241/2744
f 2763/3013/2552 2762/3012/2551 2766/3016/2555 2980/3241/2744
f 2984/3245/2748 2985/3246/2749 2981/3242/2745 2983/3244/2747
f 2769/3019/2558 2986/3247/2750 2984/3245/2748 2983/3244/2747
f 2766/3016/2555 2765/3015/2554 2769/3019/2558 2983/3244/2747
f 2987/3248/2751 2988/3249/2752 2984/3245/2748 2986/3247/2750
f 2772/3250/2560 2989/3251/2753 2987/3248/2751 2986/3247/2750
f 2769/3019/2558 2768/3018/2557 2772/3250/2560 2986/3247/2750
f 2990/3252/2754 2991/3253/2755 2987/3248/2751 2989/3251/2753
f 2775/3028/2563 2992/3254/2756 2990/3255/2754 2989/3256/2753
f 2772/3025/2560 2771/3024/2559 2775/3028/2563 2989/3256/2753
f 2993/3257/2757 2994/3258/2758 2990/3252/2754 2992/3259/2756
f 2778/3031/2566 2780/3033/2568 2993/3260/2757 2992/3254/2756
f 2775/3028/2563 2774/3027/2562 2778/3031/2566 2992/3254/2756
f 2995/3261/2759 2996/3262/2760 2994/3258/2758 2993/3257/2757
f 2780/3033/2568 2782/3035/2570 2995/3263/2759 2993/3260/2757
f 2997/3264/2761 2998/3265/2762 2996/3262/2760 2995/3261/2759
f 2782/3035/2570 2784/3037/2572 2997/3266/2761 2995/3263/2759
f 2999/3267/2763 3000/3268/2764 2998/3265/2762 2997/3264/2761
f 2784/3037/2572 2786/3039/2574 2999/3269/2763 2997/3266/2761
f 3001/3270/2765 3002/3271/2766 3000/3268/2764 2999/3267/2763
f 2786/3039/2574 3003/3272/2577 3001/3273/2765 2999/3269/2763
f 3004/3274/2767 3005/3275/2768 3001/3273/2765 3003/3272/2577
f 2789/3042/2577 2791/3044/2579 3004/3274/2767 3003/3272/2577
f 2786/3039/2574 2785/3038/2573 2789/3042/2577 3003/3272/2577
f 3006/3276/2769 3007/3277/2770 3005/3275/2768 3004/3274/2767
f 2791/3044/2579 3008/3278/2771 3006/3276/2769 3004/3274/2767
f 3009/3279/2772 3010/3280/2773 3006/3276/2769 3008/3278/2771
f 2794/3047/2582 3011/3281/2774 3009/3279/2772 3008/3278/2771
f 2791/3044/2579 2790/3043/2578 2794/3047/2582 3008/3278/2771
f 3012/3282/2775 3013/3283/2776 3009/3279/2772 3011/3281/2774
f 2797/3050/2585 3014/3284/2777 3012/3282/2775 3011/3281/2774
f 2794/3047/2582 2793/3046/2581 2797/3050/2585 3011/3281/2774
f 3015/3285/2778 3016/3286/2779 3012/3282/2775 3014/3284/2777
f 2800/3053/2588 3017/3287/2780 3015/3285/2778 3014/3284/2777
f 2797/3050/2585 2796/3049/2584 2800/3053/2588 3014/3284/2777
f 3018/3288/2781 3019/3289/2781 3015/3285/2778 3017/3287/2780
f 2803/3056/2591 3020/3290/2781 3018/3288/2781 3017/3287/2780
f 2800/3053/2588 2799/3052/2587 2803/3056/2591 3017/3287/2780
f 3021/3291/2781 3022/3292/2781 3018/3288/2781 3020/3290/2781
f 2807/3060/2595 3023/3293/2782 3021/3291/2781 3020/3290/2781
f 2803/3056/2591 2802/3055/2590 2807/3060/2595 3020/3290/2781
f 3024/3294/2783 3025/3295/2784 3021/3291/2781 3023/3293/2782
f 2810/3063/2598 3026/3296/2785 3024/3294/2783 3023/3293/2782
f 2807/3060/2595 2806/3059/2594 2810/3063/2598 3023/3293/2782
f 3027/3297/2786 3028/3298/2787 3024/3294/2783 3026/3296/2785
f 3029/3299/2788 3030/3300/2789 3027/3297/2786 3026/3296/2785
f 2810/3063/2598 2809/3062/2597 3029/3299/2788 3026/3296/2785
f 3031/3301/2790 3032/3302/2791 3030/3300/2789 3029/3299/2788
f 2809/3062/2597 2812/3065/2600 3031/3301/2790 3029/3299/2788
f 3033/3303/2792 3034/3304/2793 3032/3302/2791 3031/3301/2790
f 2812/3065/2600 2814/3067/2602 3033/3303/2792 3031/3301/2790
f 3035/3305/2794 3036/3306/2795 3034/3304/2793 3033/3303/2792
f 2814/3067/2602 2816/3069/2604 3035/3305/2794 3033/3303/2792
f 3037/3307/2796 3038/3308/2601 3036/3306/2795 3035/3305/2794
f 2816/3069/2604 3039/3309/2439 3037/3307/2796 3035/3305/2794
f 2828/3081/2616 3040/3310/2616 3037/3307/2796 3039/3309/2439
f 2819/3072/2607 2825/3078/2613 2828/3081/2616 3039/3309/2439
f 2816/3069/2604 2815/3068/2603 2819/3072/2607 3039/3309/2439
f 3041/3311/2797 3038/3308/2601 3037/3307/2796 3040/3310/2616
f 3042/3312/2798 3043/3313/2799 3041/3311/2797 3040/3310/2616
f 2828/3081/2616 2827/3080/2615 3042/3312/2798 3040/3310/2616
f 3044/3314/2800 3045/3315/2801 3043/3313/2799 3042/3312/2798
f 2827/3080/2615 2830/3083/2618 3044/3314/2800 3042/3312/2798
f 3046/3316/2802 3047/3317/2803 3045/3315/2801 3044/3314/2800
f 2830/3083/2618 2833/3086/2621 3046/3316/2802 3044/3314/2800
f 3048/3318/2804 3049/3319/2805 3047/3317/2803 3046/3316/2802
f 2833/3086/2621 2835/3088/2623 3048/3318/2804 3046/3316/2802
f 3050/3320/2806 3051/3321/2807 3049/3319/2805 3048/3318/2804
f 2835/3088/2623 2837/3090/2625 3050/3320/2806 3048/3318/2804
f 3052/3322/2808 3053/3323/2809 3051/3321/2807 3050/3320/2806
f 2837/3090/2625 3054/3324/2810 3052/3322/2808 3050/3320/2806
f 3055/3325/2811 3056/3326/867 3052/3322/2808 3054/3324/2810
f 2840/3093/2628 3057/3327/1365 3055/3325/2811 3054/3324/2810
f 2837/3090/2625 2836/3089/2624 2840/3093/2628 3054/3324/2810
f 3058/3328/874 3059/3329/1139 3055/3325/2811 3057/3327/1365
f 3060/3330/2812 3061/3331/2813 3058/3328/874 3057/3327/1365
f 2840/3093/2628 2839/3092/2627 3060/3330/2812 3057/3327/1365
f 3062/3332/2814 3063/3333/2815 3061/3331/2813 3060/3330/2812
f 2839/3092/2627 2842/3095/2630 3062/3332/2814 3060/3330/2812
f 3064/3334/2816 3065/3335/2817 3063/3333/2815 3062/3332/2814
f 2842/3095/2630 2844/3097/2632 3064/3334/2816 3062/3332/2814
f 3066/3336/2818 3067/3337/2819 3065/3335/2817 3064/3334/2816
f 2844/3097/2632 2846/3099/2634 3066/3336/2818 3064/3334/2816
f 3068/3338/853 3069/3339/2820 3067/3337/2819 3066/3336/2818
f 2846/3099/2634 3070/3340/2821 3068/3338/853 3066/3336/2818
f 3071/3341/2822 3072/3342/2823 3068/3338/853 3070/3340/2821
f 2849/3102/2637 2854/3107/2642 3071/3341/2822 3070/3340/2821
f 2846/3099/2634 2845/3098/2633 2849/3102/2637 3070/3340/2821
f 2859/3112/2647 2865/3118/2652 3072/3342/2823 3071/3341/2822
f 2854/3107/2642 2856/3109/2644 2859/3112/2647 3071/3341/2822
f 3073/3343/2824 3069/3339/2820 3068/3338/853 3072/3342/2823
f 2865/3118/2652 2864/3117/676 3073/3343/2824 3072/3342/2823
f 3074/3344/2825 3075/3345/2819 3069/3339/2820 3073/3343/2824
f 2864/3117/676 2867/3120/2654 3074/3344/2825 3073/3343/2824
f 3076/3346/857 3077/3347/873 3075/3345/2819 3074/3344/2825
f 2867/3120/2654 2869/3122/2656 3076/3346/857 3074/3344/2825
f 3078/3348/874 3079/3349/1126 3077/3347/873 3076/3346/857
f 2869/3122/2656 3080/3350/1137 3078/3348/874 3076/3346/857
f 2869/3122/2656 2868/3121/2655 2873/3126/19 3080/3350/1137
f 3081/3351/2826 3082/3352/2827 3078/3348/874 3080/3350/1137
f 2873/3126/19 3083/3353/2828 3081/3351/2826 3080/3350/1137
f 2873/3126/19 2872/3125/2658 2878/3131/2663 3083/3353/2828
f 3084/3354/1111 3085/3355/2829 3081/3351/2826 3083/3353/2828
f 2878/3131/2663 3086/3356/2830 3084/3354/1111 3083/3353/2828
f 2878/3131/2663 2877/3130/2662 2883/3136/2668 3086/3356/2830
f 3087/3357/883 3088/3358/1137 3084/3354/1111 3086/3356/2830
f 2883/3136/2668 3089/3359/2831 3087/3357/883 3086/3356/2830
f 2883/3136/2668 2882/3135/2667 2888/3141/2673 3089/3359/2831
f 3090/3360/2832 3091/3361/2833 3087/3357/883 3089/3359/2831
f 2888/3141/2673 3092/3362/2834 3090/3360/2832 3089/3359/2831
f 2888/3141/2673 2887/3140/2672 2893/3146/2678 3092/3362/2834
f 3093/3363/2835 3094/3364/2836 3090/3360/2832 3092/3362/2834
f 2893/3146/2678 3095/3365/2837 3093/3363/2835 3092/3362/2834
f 2893/3146/2678 2892/3145/2677 2898/3151/2683 3095/3365/2837
f 3096/3366/2838 3097/3367/2839 3093/3363/2835 3095/3365/2837
f 2898/3151/2683 3098/3368/2840 3096/3366/2838 3095/3365/2837
f 2898/3151/2683 2897/3150/2682 2903/3156/2687 3098/3368/2840
f 3099/3369/2841 3100/3370/2842 3096/3366/2838 3098/3368/2840
f 2903/3156/2687 3101/3371/2843 3099/3369/2841 3098/3368/2840
f 2903/3156/2687 2902/3155/2686 2908/3161/2692 3101/3371/2843
f 943/3372/898 942/3373/897 3099/3369/2841 3101/3371/2843
f 2908/3374/2692 944/1035/899 943/1034/898 3101/3375/2843
f 2908/3374/2692 2907/3164/2691 742/819/275 944/1035/899
f 3102/3376/2844 3100/3377/2842 946/1037/901 945/1036/900
f 949/1042/904 3103/3378/2845 3102/3379/2844 945/1039/900
f 3104/3380/2846 3097/3367/2839 3102/3379/2844 3103/3378/2845
f 3105/3381/2847 3106/3382/2656 3104/3380/2846 3103/3378/2845
f 949/1042/904 953/1047/907 3105/3381/2847 3103/3378/2845
f 52/56/52 2242/2464/2054 3105/3381/2847 953/1047/907
f 3107/3383/2848 3108/3384/1540 955/1049/546 954/1048/908
f 34/36/34 2227/2449/2039 3107/3383/2848 954/1048/908
f 3109/3385/2849 3110/3386/910 3108/3384/1540 3107/3383/2848
f 2227/2449/2039 3111/3387/2850 3109/3385/2849 3107/3383/2848
f 2227/2449/2039 2226/2448/2038 3112/3388/2851 3111/3387/2850
f 3113/3389/2852 3114/3390/2853 3109/3385/2849 3111/3387/2850
f 3112/3388/2851 3115/3391/2854 3113/3389/2852 3111/3387/2850
f 3112/3388/2851 3116/3392/2855 3117/3393/2856 3115/3391/2854
f 3118/3394/2857 3119/3395/919 3113/3389/2852 3115/3391/2854
f 3117/3393/2856 3120/3396/2858 3118/3394/2857 3115/3391/2854
f 3117/3393/2856 2948/3209/756 2950/3211/759 3120/3396/2858
f 3121/3397/2859 3122/3398/922 3118/3394/2857 3120/3396/2858
f 2950/3211/759 2952/3213/947 3121/3397/2859 3120/3396/2858
f 3123/3399/2860 3124/3400/2861 3122/3398/922 3121/3397/2859
f 2952/3213/947 2954/3215/2726 3123/3399/2860 3121/3397/2859
f 2283/2505/2095 2282/2504/2094 3124/3400/2861 3123/3399/2860
f 2954/3215/2726 2956/3217/765 2283/2505/2095 3123/3399/2860
f 3125/3401/2862 3126/3402/1008 3122/3398/922 3124/3400/2861
f 2282/2504/2094 3127/3403/2863 3125/3401/2862 3124/3400/2861
f 3128/3404/2864 3129/3405/929 3126/3402/1008 3125/3401/2862
f 3127/3403/2863 3130/3406/2865 3128/3404/2864 3125/3401/2862
f 3131/3407/910 3132/3408/537 3128/3404/2864 3130/3406/2865
f 3133/3409/2866 3134/3410/537 3131/3407/910 3130/3406/2865
f 3127/3403/2863 3135/3411/2867 3133/3409/2866 3130/3406/2865
f 3136/3412/2868 3137/3413/2869 3134/3410/537 3133/3409/2866
f 3135/3411/2867 3138/3414/2870 3136/3412/2868 3133/3409/2866
f 3135/3411/2867 3139/3415/2871 3140/3416/2872 3138/3414/2870
f 3141/3417/2873 3142/3418/2874 3136/3412/2868 3138/3414/2870
f 3140/3416/2872 3143/3419/2875 3141/3417/2873 3138/3414/2870
f 3140/3416/2872 3144/3420/2876 3145/3421/2877 3143/3419/2875
f 3146/3422/2878 3147/3423/2879 3141/3417/2873 3143/3419/2875
f 3145/3421/2877 3148/3424/2880 3146/3422/2878 3143/3419/2875
f 3145/3421/2877 3149/3425/2881 3150/3426/761 3148/3424/2880
f 3151/3427/2882 3152/3428/2883 3146/3422/2878 3148/3424/2880
f 3150/3426/761 3153/3429/759 3151/3427/2882 3148/3424/2880
f 3150/3426/761 3154/3430/910 3155/3431/2884 3153/3429/759
f 3156/3432/2885 2354/2576/2166 3151/3427/2882 3153/3429/759
f 3155/3431/2884 3157/3433/2886 3156/3432/2885 3153/3429/759
f 3155/3431/2884 3158/3434/2887 3159/3435/2888 3157/3433/2886
f 3160/3436/2889 3161/3437/2890 3156/3432/2885 3157/3433/2886
f 3159/3435/2888 3162/3438/2891 3160/3436/2889 3157/3433/2886
f 3159/3435/2888 3163/3439/2892 3164/3440/2893 3162/3438/2891
f 3165/3441/2894 3166/3442/2895 3160/3436/2889 3162/3438/2891
f 3164/3440/2893 3167/3443/2896 3165/3441/2894 3162/3438/2891
f 3164/3440/2893 3168/3444/2897 3169/3445/2898 3167/3443/2896
f 3170/3446/2899 3171/3447/2900 3165/3441/2894 3167/3443/2896
f 3169/3445/2898 3172/3448/2901 3170/3446/2899 3167/3443/2896
f 3169/3445/2898 2361/2583/2173 2360/2582/2172 3172/3448/2901
f 3173/3449/2902 3174/3450/2903 3170/3446/2899 3172/3448/2901
f 2360/2582/2172 2359/2581/2171 3173/3449/2902 3172/3448/2901
f 3175/3451/2904 3176/3452/2905 3174/3450/2903 3173/3449/2902
f 2359/2581/2171 3177/3453/2906 3175/3451/2904 3173/3449/2902
f 3178/3454/2907 3179/3455/2908 3175/3451/2904 3177/3453/2906
f 3180/3456/2909 3181/3457/2910 3178/3454/2907 3177/3453/2906
f 2359/2581/2171 2357/2579/2169 3180/3456/2909 3177/3453/2906
f 3182/3458/2911 3183/3459/2912 3181/3457/2910 3180/3456/2909
f 2357/2579/2169 2356/2578/2168 3182/3458/2911 3180/3456/2909
f 3184/3460/2913 3185/3461/2914 3183/3459/2912 3182/3458/2911
f 2356/2578/2168 3186/3462/2915 3184/3460/2913 3182/3458/2911
f 2356/2578/2168 2355/2577/2167 3187/3463/2916 3186/3462/2915
f 3188/3464/2917 3189/3465/2918 3184/3460/2913 3186/3462/2915
f 3187/3463/2916 3190/3466/2919 3188/3464/2917 3186/3462/2915
f 3187/3463/2916 3191/3467/2920 3192/3468/2921 3190/3466/2919
f 3193/3469/2922 3194/3470/2923 3188/3464/2917 3190/3466/2919
f 3192/3468/2921 3195/3471/2924 3193/3469/2922 3190/3466/2919
f 3196/3472/2925 3197/3473/2926 3193/3469/2922 3195/3471/2924
f 3198/3474/2927 3199/3475/2928 3196/3472/2925 3195/3471/2924
f 3192/3468/2921 3200/3476/2929 3198/3474/2927 3195/3471/2924
f 3163/3439/2892 3201/3477/2930 3198/3474/2927 3200/3476/2929
f 3168/3444/2897 3164/3440/2893 3163/3439/2892 3200/3476/2929
f 3192/3468/2921 3191/3467/2920 3168/3444/2897 3200/3476/2929
f 3202/3478/2931 3199/3475/2928 3198/3474/2927 3201/3477/2930
f 3158/3434/2887 3203/3479/2528 3202/3478/2931 3201/3477/2930
f 3163/3439/2892 3159/3435/2888 3158/3434/2887 3201/3477/2930
f 3204/3480/2932 3205/3481/2933 3202/3478/2931 3203/3479/2528
f 3154/3430/910 3206/3482/1550 3204/3480/2932 3203/3479/2528
f 3158/3434/2887 3155/3431/2884 3154/3430/910 3203/3479/2528
f 3207/3483/2934 3208/3484/764 3204/3480/2932 3206/3482/1550
f 3149/3425/2881 3209/3485/2935 3207/3483/2934 3206/3482/1550
f 3154/3430/910 3150/3426/761 3149/3425/2881 3206/3482/1550
f 2279/2501/2091 3210/3486/2936 3207/3483/2934 3209/3485/2935
f 3144/3420/2876 2280/2502/2092 2279/2501/2091 3209/3485/2935
f 3149/3425/2881 3145/3421/2877 3144/3420/2876 3209/3485/2935
f 3211/3487/764 3208/3484/764 3207/3483/2934 3210/3486/2936
f 3212/3488/758 2959/3220/1540 3211/3487/764 3210/3486/2936
f 2279/2501/2091 2278/2500/2090 3212/3488/758 3210/3486/2936
f 2956/3217/765 2955/3216/537 2959/3220/1540 3212/3488/758
f 2278/2500/2090 2283/2505/2095 2956/3217/765 3212/3488/758
f 2962/3223/769 3213/3489/2937 3208/3484/764 3211/3487/764
f 2959/3220/1540 2958/3219/766 2962/3223/769 3211/3487/764
f 2962/3223/769 2961/3222/2728 3214/3490/926 3213/3489/2937
f 3205/3481/2933 3204/3480/2932 3208/3484/764 3213/3489/2937
f 3214/3490/926 3215/3491/2938 3205/3481/2933 3213/3489/2937
f 3214/3490/926 2202/2424/2016 2201/2423/2015 3215/3491/2938
f 3199/3475/2928 3202/3478/2931 3205/3481/2933 3215/3491/2938
f 2201/2423/2015 3196/3472/2925 3199/3475/2928 3215/3491/2938
f 2961/3222/2728 2204/2426/6 2202/2424/2016 3214/3490/926
f 2201/2423/2015 2200/2422/2014 3197/3473/2926 3196/3472/2925
f 3216/3492/2939 3194/3470/2923 3193/3469/2922 3197/3473/2926
f 2200/2422/2014 2320/2542/2132 3216/3492/2939 3197/3473/2926
f 3217/3493/2940 3218/3494/2941 3194/3470/2923 3216/3492/2939
f 2320/2542/2132 2970/3231/2736 3217/3493/2940 3216/3492/2939
f 2973/3234/2738 3219/3495/2942 3218/3494/2941 3217/3493/2940
f 2970/3231/2736 2969/3230/2735 2973/3234/2738 3217/3493/2940
f 3220/3496/2943 3189/3465/2918 3218/3494/2941 3219/3495/2942
f 2976/3237/2740 3221/3497/2944 3220/3496/2943 3219/3495/2942
f 2973/3234/2738 2972/3233/2737 2976/3237/2740 3219/3495/2942
f 3222/3498/2945 3185/3461/2914 3220/3496/2943 3221/3497/2944
f 2979/3240/2743 3223/3499/2946 3222/3498/2945 3221/3497/2944
f 2976/3237/2740 2975/3236/2739 2979/3240/2743 3221/3497/2944
f 3224/3500/2947 3225/3501/2948 3222/3498/2945 3223/3499/2946
f 2982/3243/2746 3226/3502/2949 3224/3500/2947 3223/3499/2946
f 2979/3240/2743 2978/3239/2742 2982/3243/2746 3223/3499/2946
f 3227/3503/2950 3228/3504/2951 3224/3500/2947 3226/3502/2949
f 2985/3246/2749 3229/3505/2952 3227/3503/2950 3226/3502/2949
f 2982/3243/2746 2981/3242/2745 2985/3246/2749 3226/3502/2949
f 3230/3506/2953 3231/3507/2954 3227/3503/2950 3229/3505/2952
f 2988/3249/2752 3232/3508/2955 3230/3506/2953 3229/3505/2952
f 2985/3246/2749 2984/3245/2748 2988/3249/2752 3229/3505/2952
f 3233/3509/2956 3234/3510/2957 3230/3506/2953 3232/3508/2955
f 2991/3253/2755 3235/3511/2958 3233/3509/2956 3232/3508/2955
f 2988/3249/2752 2987/3248/2751 2991/3253/2755 3232/3508/2955
f 3236/3512/2959 3237/3513/2960 3233/3509/2956 3235/3511/2958
f 2994/3258/2758 2996/3262/2760 3236/3512/2959 3235/3511/2958
f 2991/3253/2755 2990/3252/2754 2994/3258/2758 3235/3511/2958
f 3238/3514/2961 3239/3515/2962 3237/3513/2960 3236/3512/2959
f 2996/3262/2760 2998/3265/2762 3238/3514/2961 3236/3512/2959
f 3240/3516/2963 3241/3517/2964 3239/3515/2962 3238/3514/2961
f 2998/3265/2762 3000/3268/2764 3240/3516/2963 3238/3514/2961
f 3242/3518/2965 3243/3519/2966 3241/3517/2964 3240/3516/2963
f 3000/3268/2764 3002/3271/2766 3242/3518/2965 3240/3516/2963
f 3244/3520/2967 3245/3521/2968 3243/3519/2966 3242/3518/2965
f 3002/3271/2766 3246/3522/2969 3244/3520/2967 3242/3518/2965
f 3247/3523/2970 3248/3524/2971 3244/3520/2967 3246/3522/2969
f 3005/3525/2768 3007/3526/2770 3247/3523/2970 3246/3522/2969
f 3002/3271/2766 3001/3270/2765 3005/3525/2768 3246/3522/2969
f 3249/3527/2972 3250/3528/2973 3248/3524/2971 3247/3523/2970
f 3007/3277/2770 3251/3529/2974 3249/3530/2972 3247/3531/2970
f 3252/3532/2975 3253/3533/2976 3249/3527/2972 3251/3534/2974
f 3010/3280/2773 3254/3535/2977 3252/3536/2975 3251/3529/2974
f 3007/3277/2770 3006/3276/2769 3010/3280/2773 3251/3529/2974
f 3255/3537/2978 3256/3538/2979 3252/3536/2975 3254/3535/2977
f 3013/3283/2776 3257/3539/2980 3255/3537/2978 3254/3535/2977
f 3010/3280/2773 3009/3279/2772 3013/3283/2776 3254/3535/2977
f 3258/3540/2981 3259/3541/2982 3255/3537/2978 3257/3539/2980
f 3016/3286/2779 3260/3542/2983 3258/3540/2981 3257/3539/2980
f 3013/3283/2776 3012/3282/2775 3016/3286/2779 3257/3539/2980
f 3261/3543/2984 3262/3544/2780 3258/3540/2981 3260/3542/2983
f 3019/3289/2781 3263/3545/2985 3261/3543/2984 3260/3542/2983
f 3016/3286/2779 3015/3285/2778 3019/3289/2781 3260/3542/2983
f 3264/3546/2986 3265/3547/2987 3261/3543/2984 3263/3545/2985
f 3022/3292/2781 3266/3548/2988 3264/3546/2986 3263/3545/2985
f 3019/3289/2781 3018/3288/2781 3022/3292/2781 3263/3545/2985
f 3267/3549/2989 3268/3550/2990 3264/3546/2986 3266/3548/2988
f 3025/3295/2784 3269/3551/2991 3267/3549/2989 3266/3548/2988
f 3022/3292/2781 3021/3291/2781 3025/3295/2784 3266/3548/2988
f 3270/3552/2992 3271/3553/2993 3267/3549/2989 3269/3551/2991
f 3028/3298/2787 3272/3554/2994 3270/3552/2992 3269/3551/2991
f 3025/3295/2784 3024/3294/2783 3028/3298/2787 3269/3551/2991
f 3273/3555/2995 3274/3556/2996 3270/3552/2992 3272/3554/2994
f 3275/3557/2997 3276/3558/2998 3273/3555/2995 3272/3554/2994
f 3028/3298/2787 3027/3297/2786 3275/3557/2997 3272/3554/2994
f 3277/3559/2999 3278/3560/3000 3276/3558/2998 3275/3557/2997
f 3027/3297/2786 3030/3300/2789 3277/3559/2999 3275/3557/2997
f 3279/3561/3001 3280/3562/3002 3278/3560/3000 3277/3559/2999
f 3030/3300/2789 3032/3302/2791 3279/3561/3001 3277/3559/2999
f 3281/3563/3003 3282/3564/2958 3280/3562/3002 3279/3561/3001
f 3032/3302/2791 3034/3304/2793 3281/3563/3003 3279/3561/3001
f 3283/3565/3004 3284/3566/3005 3282/3564/2958 3281/3563/3003
f 3034/3304/2793 3036/3306/2795 3283/3565/3004 3281/3563/3003
f 3285/3567/3006 3286/3568/3007 3284/3566/3005 3283/3565/3004
f 3036/3306/2795 3038/3308/2601 3285/3567/3006 3283/3565/3004
f 3287/3569/3008 3288/3570/3009 3286/3568/3007 3285/3567/3006
f 3038/3308/2601 3041/3311/2797 3287/3569/3008 3285/3567/3006
f 3289/3571/3010 3290/3572/3011 3288/3570/3009 3287/3569/3008
f 3041/3311/2797 3043/3313/2799 3289/3571/3010 3287/3569/3008
f 3291/3573/3012 3292/3574/3013 3290/3572/3011 3289/3571/3010
f 3043/3313/2799 3045/3315/2801 3291/3573/3012 3289/3571/3010
f 3293/3575/3014 3294/3576/3015 3292/3574/3013 3291/3573/3012
f 3045/3315/2801 3047/3317/2803 3293/3575/3014 3291/3573/3012
f 3295/3577/3016 3296/3578/3017 3294/3576/3015 3293/3575/3014
f 3047/3317/2803 3049/3319/2805 3295/3577/3016 3293/3575/3014
f 3297/3579/3018 3298/3580/3019 3296/3578/3017 3295/3577/3016
f 3049/3319/2805 3051/3321/2807 3297/3579/3018 3295/3577/3016
f 3299/3581/3020 3300/3582/3021 3298/3580/3019 3297/3579/3018
f 3051/3321/2807 3053/3323/2809 3299/3581/3020 3297/3579/3018
f 3301/3583/3022 3302/3584/3023 3300/3582/3021 3299/3581/3020
f 3053/3323/2809 3303/3585/3024 3301/3583/3022 3299/3581/3020
f 3304/3586/1360 3305/3587/3025 3301/3583/3022 3303/3585/3024
f 3056/3326/867 3306/3588/1360 3304/3586/1360 3303/3585/3024
f 3053/3323/2809 3052/3322/2808 3056/3326/867 3303/3585/3024
f 3307/3589/1361 3308/3590/1140 3304/3586/1360 3306/3588/1360
f 3059/3329/1139 3309/3591/1117 3307/3589/1361 3306/3588/1360
f 3056/3326/867 3055/3325/2811 3059/3329/1139 3306/3588/1360
f 3310/3592/1367 3311/3593/1140 3307/3589/1361 3309/3591/1117
f 3312/3594/1101 3313/3595/1101 3310/3592/1367 3309/3591/1117
f 3059/3329/1139 3058/3328/874 3312/3594/1101 3309/3591/1117
f 3314/3596/3026 3315/3597/3027 3313/3595/1101 3312/3594/1101
f 3058/3328/874 3061/3331/2813 3314/3596/3026 3312/3594/1101
f 3316/3598/3028 3317/3599/3029 3315/3597/3027 3314/3596/3026
f 3061/3331/2813 3063/3333/2815 3316/3598/3028 3314/3596/3026
f 3318/3600/3030 3319/3601/3031 3317/3599/3029 3316/3598/3028
f 3063/3333/2815 3065/3335/2817 3318/3600/3030 3316/3598/3028
f 3320/3602/1109 3321/3603/3032 3319/3601/3031 3318/3600/3030
f 3065/3335/2817 3067/3337/2819 3320/3602/1109 3318/3600/3030
f 3075/3345/2819 3077/3347/873 3321/3603/3032 3320/3602/1109
f 3067/3337/2819 3069/3339/2820 3075/3345/2819 3320/3602/1109
f 3322/3604/881 3323/3605/3033 3319/3601/3031 3321/3603/3032
f 3077/3347/873 3079/3349/1126 3322/3604/881 3321/3603/3032
f 3324/3606/3034 3325/3607/3035 3323/3605/3033 3322/3604/881
f 3079/3349/1126 3326/3608/2826 3324/3606/3034 3322/3604/881
f 3079/3349/1126 3078/3348/874 3082/3352/2827 3326/3608/2826
f 3327/3609/3036 3328/3610/3037 3324/3606/3034 3326/3608/2826
f 3082/3352/2827 3329/3611/3038 3327/3609/3036 3326/3608/2826
f 3082/3352/2827 3081/3351/2826 3085/3355/2829 3329/3611/3038
f 3330/3612/1118 3331/3613/1099 3327/3609/3036 3329/3611/3038
f 3085/3355/2829 3332/3614/873 3330/3612/1118 3329/3611/3038
f 3085/3355/2829 3084/3354/1111 3088/3358/1137 3332/3614/873
f 3333/3615/3032 3334/3616/1139 3330/3612/1118 3332/3614/873
f 3088/3358/1137 3335/3617/1119 3333/3615/3032 3332/3614/873
f 3088/3358/1137 3087/3357/883 3091/3361/2833 3335/3617/1119
f 3336/3618/2828 3337/3619/1143 3333/3615/3032 3335/3617/1119
f 3091/3361/2833 3338/3620/2655 3336/3618/2828 3335/3617/1119
f 3091/3361/2833 3090/3360/2832 3094/3364/2836 3338/3620/2655
f 3106/3382/2656 2246/2468/2058 3336/3618/2828 3338/3620/2655
f 3094/3364/2836 3104/3380/2846 3106/3382/2656 3338/3620/2655
f 2246/2468/2058 2245/2467/2057 3337/3619/1143 3336/3618/2828
f 3339/3621/3039 3334/3616/1139 3333/3615/3032 3337/3619/1143
f 2245/2467/2057 2244/2466/2056 3339/3621/3039 3337/3619/1143
f 3340/3622/3038 3341/3623/1140 3334/3616/1139 3339/3621/3039
f 2244/2466/2056 3342/3624/3040 3340/3622/3038 3339/3621/3039
f 2232/2454/2044 3343/3625/3041 3340/3622/3038 3342/3624/3040
f 3344/3626/3042 2233/2455/2045 2232/2454/2044 3342/3624/3040
f 2244/2466/2056 2243/2465/2055 3344/3626/3042 3342/3624/3040
f 3345/3627/1137 3341/3623/1140 3340/3622/3038 3343/3625/3041
f 2240/2462/2052 3346/3628/3043 3345/3627/1137 3343/3625/3041
f 2232/2454/2044 2230/2452/2042 2240/2462/2052 3343/3625/3041
f 3347/3629/3044 3348/3630/875 3345/3627/1137 3346/3628/3043
f 3349/3631/2809 3350/3632/3045 3347/3629/3044 3346/3628/3043
f 2240/2462/2052 2238/2460/2050 3349/3631/2809 3346/3628/3043
f 2238/2460/2050 2237/2459/2049 3351/3633/3046 3349/3631/2809
f 3351/3633/3046 3352/3634/3047 3350/3632/3045 3349/3631/2809
f 3351/3633/3046 3353/3635/3048 3354/3636/2663 3352/3634/3047
f 3355/3637/3049 3356/3638/3050 3350/3632/3045 3352/3634/3047
f 3354/3636/2663 3357/3639/3051 3355/3637/3049 3352/3634/3047
f 3354/3636/2663 3358/3640/873 3359/3641/3052 3357/3639/3051
f 3360/3642/876 3361/3643/3053 3355/3637/3049 3357/3639/3051
f 3359/3641/3052 3362/3644/3054 3360/3642/876 3357/3639/3051
f 3359/3641/3052 3363/3645/1097 3364/3646/856 3362/3644/3054
f 3365/3647/1142 3366/3648/1141 3360/3642/876 3362/3644/3054
f 3364/3646/856 3367/3649/1109 3365/3647/1142 3362/3644/3054
f 3364/3646/856 3368/3650/2049 3369/3651/1367 3367/3649/1109
f 3311/3593/1140 3310/3592/1367 3365/3647/1142 3367/3649/1109
f 3369/3651/1367 3370/3652/1139 3311/3593/1140 3367/3649/1109
f 3369/3651/1367 3371/3653/3032 3372/3654/1120 3370/3652/1139
f 3308/3590/1140 3307/3589/1361 3311/3593/1140 3370/3652/1139
f 3372/3654/1120 3373/3655/3055 3308/3590/1140 3370/3652/1139
f 3372/3654/1120 3374/3656/1357 3375/3657/3056 3373/3655/3055
f 3305/3587/3025 3304/3586/1360 3308/3590/1140 3373/3655/3055
f 3375/3657/3056 3376/3658/3057 3305/3587/3025 3373/3655/3055
f 3375/3657/3056 3377/3659/3058 3378/3660/3059 3376/3658/3057
f 3302/3584/3023 3301/3583/3022 3305/3587/3025 3376/3658/3057
f 3378/3660/3059 3379/3661/3060 3302/3584/3023 3376/3658/3057
f 3378/3660/3059 3380/3662/3061 3381/3663/1378 3379/3661/3060
f 3382/3664/3062 3300/3582/3021 3302/3584/3023 3379/3661/3060
f 3381/3663/1378 3383/3665/3063 3382/3664/3062 3379/3661/3060
f 3381/3663/1378 3384/3666/3064 3385/3667/3065 3383/3665/3063
f 3386/3668/3066 3387/3669/3067 3382/3664/3062 3383/3665/3063
f 3385/3667/3065 3388/3670/3068 3386/3668/3066 3383/3665/3063
f 3385/3667/3065 3389/3671/3069 3390/3672/3070 3388/3670/3068
f 3391/3673/3071 3392/3674/3072 3386/3668/3066 3388/3670/3068
f 3390/3672/3070 3393/3675/3073 3391/3673/3071 3388/3670/3068
f 3390/3672/3070 3394/3676/3074 3395/3677/3075 3393/3675/3073
f 2249/2471/2061 2248/2470/2060 3391/3673/3071 3393/3675/3073
f 3395/3677/3075 2251/2473/2063 2249/2471/2061 3393/3675/3073
f 3396/3678/3076 3397/3679/3077 3398/3680/3078 3394/3676/3074
f 3390/3672/3070 3389/3671/3069 3396/3678/3076 3394/3676/3074
f 3398/3680/3078 3399/3681/3079 3395/3677/3075 3394/3676/3074
f 3398/3680/3078 3400/3682/3080 3401/3683/3081 3399/3681/3079
f 3402/3684/3082 2251/2473/2063 3395/3677/3075 3399/3681/3079
f 3401/3683/3081 3403/3685/3083 3402/3684/3082 3399/3681/3079
f 3401/3683/3081 3404/3686/3084 3405/3687/3085 3403/3685/3083
f 3406/3688/3086 3407/3689/3087 3402/3684/3082 3403/3685/3083
f 3405/3687/3085 3408/3690/3088 3406/3688/3086 3403/3685/3083
f 3405/3687/3085 3409/3691/3089 3410/3692/3090 3408/3690/3088
f 3411/3693/3091 3412/3694/3092 3406/3688/3086 3408/3690/3088
f 3410/3692/3090 3413/3695/3093 3411/3693/3091 3408/3690/3088
f 3410/3692/3090 3414/3696/3094 3415/3697/3095 3413/3695/3093
f 3416/3698/3096 3417/3699/3097 3411/3693/3091 3413/3695/3093
f 3415/3697/3095 3418/3700/3098 3416/3698/3096 3413/3695/3093
f 3415/3697/3095 3419/3701/3099 3420/3702/3100 3418/3700/3098
f 3421/3703/3101 3422/3704/3102 3416/3698/3096 3418/3700/3098
f 3420/3702/3100 3423/3705/3103 3421/3703/3101 3418/3700/3098
f 3420/3702/3100 3424/3706/3104 3425/3707/3105 3423/3705/3103
f 3278/3560/3000 3280/3562/3002 3421/3703/3101 3423/3705/3103
f 3425/3707/3105 3276/3558/2998 3278/3560/3000 3423/3705/3103
f 3426/3708/3106 3427/3709/3107 3428/3710/3108 3424/3706/3104
f 3420/3702/3100 3419/3701/3099 3426/3708/3106 3424/3706/3104
f 3428/3710/3108 3429/3711/3109 3425/3707/3105 3424/3706/3104
f 3428/3710/3108 3430/3712/3110 3431/3713/3111 3429/3711/3109
f 3273/3555/2995 3276/3558/2998 3425/3707/3105 3429/3711/3109
f 3431/3713/3111 3274/3556/2996 3273/3555/2995 3429/3711/3109
f 3432/3714/3112 3433/3715/3113 3434/3716/3114 3430/3712/3110
f 3428/3710/3108 3427/3709/3107 3432/3714/3112 3430/3712/3110
f 3434/3716/3114 3435/3717/3115 3431/3713/3111 3430/3712/3110
f 3434/3716/3114 3436/3718/3116 3437/3719/3117 3435/3717/3115
f 3438/3720/3118 3274/3556/2996 3431/3713/3111 3435/3717/3115
f 3437/3719/3117 3439/3721/3119 3438/3720/3118 3435/3717/3115
f 3437/3719/3117 3440/3722/3120 3441/3723/3121 3439/3721/3119
f 3442/3724/3122 3271/3553/2993 3438/3720/3118 3439/3721/3119
f 3441/3723/3121 3443/3725/3123 3442/3724/3122 3439/3721/3119
f 3441/3723/3121 3444/3726/3124 3445/3727/3124 3443/3725/3123
f 3446/3728/3125 3268/3550/2990 3442/3724/3122 3443/3725/3123
f 3445/3727/3124 3447/3729/3126 3446/3728/3125 3443/3725/3123
f 3445/3727/3124 3448/3730/3127 3449/3731/3128 3447/3729/3126
f 3450/3732/3129 3265/3547/2987 3446/3728/3125 3447/3729/3126
f 3449/3731/3128 3451/3733/3130 3450/3732/3129 3447/3729/3126
f 3449/3731/3128 3452/3734/3131 3453/3735/3132 3451/3733/3130
f 3454/3736/3133 3262/3544/2780 3450/3732/3129 3451/3733/3130
f 3453/3735/3132 3455/3737/3134 3454/3736/3133 3451/3733/3130
f 3453/3735/3132 3456/3738/3135 3457/3739/3136 3455/3737/3134
f 3458/3740/3137 3259/3541/2982 3454/3736/3133 3455/3737/3134
f 3457/3741/3136 3459/3742/3138 3458/3743/3137 3455/3744/3134
f 3457/3741/3136 3460/3745/3139 3461/3746/2980 3459/3742/3138
f 3462/3747/3138 3256/3748/2979 3458/3743/3137 3459/3742/3138
f 3461/3746/2980 3463/3749/2981 3462/3747/3138 3459/3742/3138
f 3461/3746/2980 3464/3750/2988 3465/3751/3140 3463/3749/2981
f 3466/3752/3141 3253/3533/2976 3462/3747/3138 3463/3749/2981
f 3465/3751/3140 3467/3753/3142 3466/3752/3141 3463/3749/2981
f 3465/3751/3140 3468/3754/3143 3469/3755/3144 3467/3753/3142
f 3470/3756/3145 3250/3528/2973 3466/3752/3141 3467/3753/3142
f 3469/3755/3144 3471/3757/3146 3470/3756/3145 3467/3753/3142
f 3469/3755/3144 3472/3758/3147 3473/3759/3148 3471/3757/3146
f 3474/3760/3149 3475/3761/3150 3470/3756/3145 3471/3757/3146
f 3473/3759/3148 3476/3762/3151 3474/3760/3149 3471/3757/3146
f 3473/3759/3148 3477/3763/3152 3478/3764/3153 3476/3762/3151
f 3479/3765/3154 3480/3766/3155 3474/3760/3149 3476/3762/3151
f 3478/3764/3153 3481/3767/3156 3479/3765/3154 3476/3762/3151
f 3478/3764/3153 3482/3768/3157 3483/3769/3158 3481/3767/3156
f 3484/3770/2320 3485/3771/2435 3479/3765/3154 3481/3767/3156
f 3483/3769/3158 3486/3772/3159 3484/3770/2320 3481/3767/3156
f 3483/3769/3158 2343/2565/2155 3487/3773/3160 3486/3772/3159
f 3488/3774/3161 3489/3775/3162 3484/3770/2320 3486/3772/3159
f 3487/3773/3160 3490/3776/3163 3488/3774/3161 3486/3772/3159
f 3487/3773/3160 3491/3777/3164 3492/3778/3165 3490/3776/3163
f 3493/3779/3166 3494/3780/3167 3488/3774/3161 3490/3776/3163
f 3492/3778/3165 3495/3781/3168 3493/3779/3166 3490/3776/3163
f 3492/3778/3165 3496/3782/3169 3497/3783/3170 3495/3781/3168
f 3176/3452/2905 3498/3784/3171 3493/3779/3166 3495/3781/3168
f 3497/3783/3170 3174/3450/2903 3176/3452/2905 3495/3781/3168
f 3499/3785/3172 3494/3780/3167 3493/3779/3166 3498/3784/3171
f 3179/3455/2908 3500/3786/3173 3499/3785/3172 3498/3784/3171
f 3176/3452/2905 3175/3451/2904 3179/3455/2908 3498/3784/3171
f 3501/3787/3174 3502/3788/3175 3499/3785/3172 3500/3786/3173
f 3503/3789/3176 3504/3790/3177 3501/3787/3174 3500/3786/3173
f 3179/3455/2908 3178/3454/2907 3503/3789/3176 3500/3786/3173
f 3505/3791/3178 3228/3504/2951 3504/3790/3177 3503/3789/3176
f 3178/3454/2907 3181/3457/2910 3505/3791/3178 3503/3789/3176
f 3225/3501/2948 3224/3500/2947 3228/3504/2951 3505/3791/3178
f 3181/3457/2910 3183/3459/2912 3225/3501/2948 3505/3791/3178
f 3231/3507/2954 3506/3792/3179 3501/3787/3174 3504/3790/3177
f 3228/3504/2951 3227/3503/2950 3231/3507/2954 3504/3790/3177
f 3507/3793/3180 3502/3788/3175 3501/3787/3174 3506/3792/3179
f 3234/3510/2957 3508/3794/2338 3507/3793/3180 3506/3792/3179
f 3231/3507/2954 3230/3506/2953 3234/3510/2957 3506/3792/3179
f 3509/3795/3181 3510/3796/3182 3507/3793/3180 3508/3794/2338
f 3237/3513/2960 3239/3515/2962 3509/3795/3181 3508/3794/2338
f 3234/3510/2957 3233/3509/2956 3237/3513/2960 3508/3794/2338
f 3511/3797/3183 3512/3798/3184 3510/3796/3182 3509/3795/3181
f 3239/3515/2962 3241/3517/2964 3511/3797/3183 3509/3795/3181
f 3513/3799/3185 3485/3771/2435 3512/3798/3184 3511/3797/3183
f 3241/3517/2964 3243/3519/2966 3513/3799/3185 3511/3797/3183
f 3480/3766/3155 3479/3765/3154 3485/3771/2435 3513/3799/3185
f 3243/3519/2966 3245/3521/2968 3480/3766/3155 3513/3799/3185
f 3485/3771/2435 3484/3770/2320 3489/3775/3162 3512/3798/3184
f 3489/3775/3162 3514/3800/3186 3510/3796/3182 3512/3798/3184
f 3489/3775/3162 3488/3774/3161 3494/3780/3167 3514/3800/3186
f 3502/3788/3175 3507/3793/3180 3510/3796/3182 3514/3800/3186
f 3494/3780/3167 3499/3785/3172 3502/3788/3175 3514/3800/3186
f 3515/3801/3187 3516/3802/3188 3517/3803/3189 3496/3782/3169
f 3492/3778/3165 3491/3777/3164 3515/3801/3187 3496/3782/3169
f 3517/3803/3189 3171/3447/2900 3497/3783/3170 3496/3782/3169
f 2346/2568/2158 2348/2570/2160 3516/3802/3188 3515/3801/3187
f 3491/3777/3164 2325/2547/2137 2346/2568/2158 3515/3801/3187
f 3518/3804/3190 3166/3442/2895 3517/3803/3189 3516/3802/3188
f 2348/2570/2160 2353/2575/2165 3518/3804/3190 3516/3802/3188
f 3161/3437/2890 3160/3436/2889 3166/3442/2895 3518/3804/3190
f 2353/2575/2165 2352/2574/2164 3161/3437/2890 3518/3804/3190
f 3166/3442/2895 3165/3441/2894 3171/3447/2900 3517/3803/3189
f 3171/3447/2900 3170/3446/2899 3174/3450/2903 3497/3783/3170
f 3487/3773/3160 2343/2565/2155 2325/2547/2137 3491/3777/3164
f 3519/3805/3191 3520/3806/3192 2344/2566/2156 3482/3768/3157
f 3478/3764/3153 3477/3763/3152 3519/3805/3191 3482/3768/3157
f 2344/2566/2156 2343/2565/2155 3483/3769/3158 3482/3768/3157
f 3521/3807/3193 3522/3808/3194 3520/3806/3192 3519/3805/3191
f 3477/3763/3152 3523/3809/3195 3521/3807/3193 3519/3805/3191
f 3524/3810/3196 3525/3811/3197 3521/3807/3193 3523/3809/3195
f 3472/3758/3147 3526/3812/3198 3524/3810/3196 3523/3809/3195
f 3477/3763/3152 3473/3759/3148 3472/3758/3147 3523/3809/3195
f 3527/3813/3199 3528/3814/3200 3524/3810/3196 3526/3812/3198
f 3468/3754/3143 3529/3815/3201 3527/3813/3199 3526/3812/3198
f 3472/3758/3147 3469/3755/3144 3468/3754/3143 3526/3812/3198
f 3530/3816/3202 3531/3817/2573 3527/3813/3199 3529/3815/3201
f 3464/3750/2988 3532/3818/3203 3530/3816/3202 3529/3815/3201
f 3468/3754/3143 3465/3751/3140 3464/3750/2988 3529/3815/3201
f 3533/3819/3204 3534/3820/3205 3530/3816/3202 3532/3818/3203
f 3460/3745/3139 3535/3821/3206 3533/3819/3204 3532/3818/3203
f 3464/3750/2988 3461/3746/2980 3460/3745/3139 3532/3818/3203
f 3536/3822/3207 3537/3823/3208 3533/3819/3204 3535/3821/3206
f 3456/3738/3135 3538/3824/3209 3536/3825/3207 3535/3826/3206
f 3460/3745/3139 3457/3741/3136 3456/3827/3135 3535/3821/3206
f 3539/3828/3210 3540/3829/3211 3536/3825/3207 3538/3824/3209
f 3452/3734/3131 3541/3830/3212 3539/3828/3210 3538/3824/3209
f 3456/3738/3135 3453/3735/3132 3452/3734/3131 3538/3824/3209
f 3542/3831/3213 3543/3832/3214 3539/3828/3210 3541/3830/3212
f 3448/3730/3127 3544/3833/3215 3542/3831/3213 3541/3830/3212
f 3452/3734/3131 3449/3731/3128 3448/3730/3127 3541/3830/3212
f 3545/3834/3216 3546/3835/3217 3542/3831/3213 3544/3833/3215
f 3444/3726/3124 3547/3836/3218 3545/3834/3216 3544/3833/3215
f 3448/3730/3127 3445/3727/3124 3444/3726/3124 3544/3833/3215
f 3548/3837/2325 3549/3838/2603 3545/3834/3216 3547/3836/3218
f 3440/3722/3120 3550/3839/3219 3548/3837/2325 3547/3836/3218
f 3444/3726/3124 3441/3723/3121 3440/3722/3120 3547/3836/3218
f 3551/3840/3220 3552/3841/3221 3548/3837/2325 3550/3839/3219
f 3436/3718/3116 3553/3842/3222 3551/3840/3220 3550/3839/3219
f 3440/3722/3120 3437/3719/3117 3436/3718/3116 3550/3839/3219
f 3554/3843/3223 3555/3844/3224 3551/3840/3220 3553/3842/3222
f 3433/3715/3113 3556/3845/3225 3554/3843/3223 3553/3842/3222
f 3436/3718/3116 3434/3716/3114 3433/3715/3113 3553/3842/3222
f 3557/3846/3226 3558/3847/3227 3554/3843/3223 3556/3845/3225
f 3559/3848/3228 3560/3849/3229 3557/3846/3226 3556/3845/3225
f 3433/3715/3113 3432/3714/3112 3559/3848/3228 3556/3845/3225
f 3561/3850/3230 3562/3851/3231 3560/3849/3229 3559/3848/3228
f 3432/3714/3112 3427/3709/3107 3561/3850/3230 3559/3848/3228
f 3563/3852/3232 3564/3853/3233 3562/3851/3231 3561/3850/3230
f 3427/3709/3107 3426/3708/3106 3563/3852/3232 3561/3850/3230
f 3565/3854/3234 3566/3855/3235 3564/3853/3233 3563/3852/3232
f 3426/3708/3106 3419/3701/3099 3565/3854/3234 3563/3852/3232
f 3414/3696/3094 3567/3856/3236 3566/3855/3235 3565/3854/3234
f 3419/3701/3099 3415/3697/3095 3414/3696/3094 3565/3854/3234
f 3568/3857/3237 3569/3858/3238 3566/3855/3235 3567/3856/3236
f 3409/3691/3089 3570/3859/3239 3568/3857/3237 3567/3856/3236
f 3414/3696/3094 3410/3692/3090 3409/3691/3089 3567/3856/3236
f 3571/3860/3240 3572/3861/3241 3568/3857/3237 3570/3859/3239
f 3404/3686/3084 3573/3862/3242 3571/3860/3240 3570/3859/3239
f 3409/3691/3089 3405/3687/3085 3404/3686/3084 3570/3859/3239
f 3574/3863/3243 3575/3864/3244 3571/3860/3240 3573/3862/3242
f 3400/3682/3080 3576/3865/3245 3574/3863/3243 3573/3862/3242
f 3404/3686/3084 3401/3683/3081 3400/3682/3080 3573/3862/3242
f 3577/3866/3246 3578/3867/3247 3574/3863/3243 3576/3865/3245
f 3397/3679/3077 3579/3868/3248 3577/3866/3246 3576/3865/3245
f 3400/3682/3080 3398/3680/3078 3397/3679/3077 3576/3865/3245
f 3580/3869/3249 3581/3870/3250 3577/3866/3246 3579/3868/3248
f 3582/3871/3251 3583/3872/3252 3580/3869/3249 3579/3868/3248
f 3397/3679/3077 3396/3678/3076 3582/3871/3251 3579/3868/3248
f 3584/3873/3253 3585/3874/3254 3583/3872/3252 3582/3871/3251
f 3396/3678/3076 3389/3671/3069 3584/3873/3253 3582/3871/3251
f 3384/3666/3064 3586/3875/3255 3585/3874/3254 3584/3873/3253
f 3389/3671/3069 3385/3667/3065 3384/3666/3064 3584/3873/3253
f 3587/3876/3256 3588/3877/3257 3585/3874/3254 3586/3875/3255
f 3380/3662/3061 3589/3878/3258 3587/3876/3256 3586/3875/3255
f 3384/3666/3064 3381/3663/1378 3380/3662/3061 3586/3875/3255
f 3590/3879/3259 3591/3880/3260 3587/3876/3256 3589/3878/3258
f 3377/3659/3058 3592/3881/1365 3590/3879/3259 3589/3878/3258
f 3380/3662/3061 3378/3660/3059 3377/3659/3058 3589/3878/3258
f 3593/3882/3261 3594/3883/3036 3590/3879/3259 3592/3881/1365
f 3374/3656/1357 3595/3884/1367 3593/3882/3261 3592/3881/1365
f 3377/3659/3058 3375/3657/3056 3374/3656/1357 3592/3881/1365
f 3596/3885/856 3597/3886/3262 3593/3882/3261 3595/3884/1367
f 3371/3653/3032 3598/3887/3263 3596/3885/856 3595/3884/1367
f 3374/3656/1357 3372/3654/1120 3371/3653/3032 3595/3884/1367
f 3599/3888/1146 3600/3889/3264 3596/3885/856 3598/3887/3263
f 3368/3650/2049 3601/3890/3265 3599/3888/1146 3598/3887/3263
f 3371/3653/3032 3369/3651/1367 3368/3650/2049 3598/3887/3263
f 3602/3891/1096 3603/3892/3266 3599/3888/1146 3601/3890/3265
f 3363/3645/1097 3604/3893/1098 3602/3891/1096 3601/3890/3265
f 3368/3650/2049 3364/3646/856 3363/3645/1097 3601/3890/3265
f 3605/3894/3267 3606/3895/3268 3602/3891/1096 3604/3893/1098
f 3358/3640/873 3607/3896/873 3605/3894/3267 3604/3893/1098
f 3363/3645/1097 3359/3641/3052 3358/3640/873 3604/3893/1098
f 3608/3897/2829 3609/3898/1098 3605/3894/3267 3607/3896/873
f 3353/3635/3048 3610/3899/3269 3608/3897/2829 3607/3896/873
f 3358/3640/873 3354/3636/2663 3353/3635/3048 3607/3896/873
f 2217/2439/2029 2216/2438/2028 3608/3897/2829 3610/3899/3269
f 2237/2459/2049 2236/2458/2048 2217/2439/2029 3610/3899/3269
f 3353/3635/3048 3351/3633/3046 2237/2459/2049 3610/3899/3269
f 2216/2438/2028 3611/3900/855 3609/3898/1098 3608/3897/2829
f 2215/2437/684 3612/3901/1100 3613/3902/1366 3611/3900/855
f 2216/2438/2028 2214/2436/2027 2215/2437/684 3611/3900/855
f 3613/3902/1366 3614/3903/1368 3609/3898/1098 3611/3900/855
f 3613/3902/1366 3615/3904/3270 3616/3905/1369 3614/3903/1368
f 3606/3895/3268 3605/3894/3267 3609/3898/1098 3614/3903/1368
f 3616/3905/1369 3617/3906/3271 3606/3895/3268 3614/3903/1368
f 3616/3905/1369 3618/3907/1373 3619/3908/3272 3617/3906/3271
f 3603/3892/3266 3602/3891/1096 3606/3895/3268 3617/3906/3271
f 3619/3908/3272 3620/3909/3273 3603/3892/3266 3617/3906/3271
f 3619/3908/3272 3621/3910/1537 3622/3911/3274 3620/3909/3273
f 3600/3889/3264 3599/3888/1146 3603/3892/3266 3620/3909/3273
f 3622/3911/3274 3623/3912/3275 3600/3889/3264 3620/3909/3273
f 3622/3911/3274 3624/3913/3276 3625/3914/1151 3623/3912/3275
f 3597/3886/3262 3596/3885/856 3600/3889/3264 3623/3912/3275
f 3625/3914/1151 3626/3915/3277 3597/3886/3262 3623/3912/3275
f 3625/3914/1151 3627/3916/3278 3628/3917/3279 3626/3915/3277
f 3594/3883/3036 3593/3882/3261 3597/3886/3262 3626/3915/3277
f 3628/3917/3279 3629/3918/3280 3594/3883/3036 3626/3915/3277
f 3628/3917/3279 3630/3919/3281 3631/3920/3282 3629/3918/3280
f 3591/3880/3260 3590/3879/3259 3594/3883/3036 3629/3918/3280
f 3631/3920/3282 3632/3921/3283 3591/3880/3260 3629/3918/3280
f 3631/3920/3282 3633/3922/3284 3634/3923/3285 3632/3921/3283
f 3588/3877/3257 3587/3876/3256 3591/3880/3260 3632/3921/3283
f 3634/3923/3285 3635/3924/3286 3588/3877/3257 3632/3921/3283
f 3634/3923/3285 3636/3925/3287 3637/3926/3288 3635/3924/3286
f 3583/3872/3252 3585/3874/3254 3588/3877/3257 3635/3924/3286
f 3637/3926/3288 3580/3869/3249 3583/3872/3252 3635/3924/3286
f 3638/3927/3289 3639/3928/3290 3640/3929/3291 3636/3925/3287
f 3634/3923/3285 3633/3922/3284 3638/3927/3289 3636/3925/3287
f 3640/3929/3291 3641/3930/3292 3637/3926/3288 3636/3925/3287
f 3640/3929/3291 3642/3931/3293 3643/3932/3294 3641/3930/3292
f 3581/3870/3250 3580/3869/3249 3637/3926/3288 3641/3930/3292
f 3643/3932/3294 3644/3933/3295 3581/3870/3250 3641/3930/3292
f 3643/3932/3294 3645/3934/3296 3646/3935/3297 3644/3933/3295
f 3578/3867/3247 3577/3866/3246 3581/3870/3250 3644/3933/3295
f 3646/3935/3297 3647/3936/3298 3578/3867/3247 3644/3933/3295
f 3646/3935/3297 3648/3937/3299 3649/3938/3300 3647/3936/3298
f 3575/3864/3244 3574/3863/3243 3578/3867/3247 3647/3936/3298
f 3649/3938/3300 3650/3939/3301 3575/3864/3244 3647/3936/3298
f 3649/3938/3300 3651/3940/3302 3652/3941/3303 3650/3939/3301
f 3572/3861/3241 3571/3860/3240 3575/3864/3244 3650/3939/3301
f 3652/3941/3303 3653/3942/3304 3572/3861/3241 3650/3939/3301
f 3652/3941/3303 3654/3943/3305 3655/3944/3306 3653/3942/3304
f 3569/3858/3238 3568/3857/3237 3572/3861/3241 3653/3942/3304
f 3655/3944/3306 3656/3945/3307 3569/3858/3238 3653/3942/3304
f 3655/3944/3306 3657/3946/3308 3658/3947/3309 3656/3945/3307
f 3564/3853/3233 3566/3855/3235 3569/3858/3238 3656/3945/3307
f 3658/3947/3309 3562/3851/3231 3564/3853/3233 3656/3945/3307
f 3659/3948/3310 3660/3949/3311 3661/3950/3312 3657/3946/3308
f 3655/3944/3306 3654/3943/3305 3659/3948/3310 3657/3946/3308
f 3661/3950/3312 3662/3951/3313 3658/3947/3309 3657/3946/3308
f 3661/3950/3312 3663/3952/3314 3664/3953/3315 3662/3951/3313
f 3560/3849/3229 3562/3851/3231 3658/3947/3309 3662/3951/3313
f 3664/3953/3315 3557/3846/3226 3560/3849/3229 3662/3951/3313
f 3665/3954/3316 3666/3955/3317 3667/3956/3318 3663/3952/3314
f 3661/3950/3312 3660/3949/3311 3665/3954/3316 3663/3952/3314
f 3667/3956/3318 3668/3957/3319 3664/3953/3315 3663/3952/3314
f 3667/3956/3318 3669/3958/3320 3670/3959/3321 3668/3957/3319
f 3558/3847/3227 3557/3846/3226 3664/3953/3315 3668/3957/3319
f 3670/3959/3321 3671/3960/3322 3558/3847/3227 3668/3957/3319
f 3670/3959/3321 3672/3961/3323 3673/3962/3324 3671/3960/3322
f 3555/3844/3224 3554/3843/3223 3558/3847/3227 3671/3960/3322
f 3673/3962/3324 3674/3963/3325 3555/3844/3224 3671/3960/3322
f 3673/3962/3324 3675/3964/3326 3676/3965/3327 3674/3963/3325
f 3552/3841/3221 3551/3840/3220 3555/3844/3224 3674/3963/3325
f 3676/3965/3327 3677/3966/3328 3552/3841/3221 3674/3963/3325
f 3676/3965/3327 3678/3967/3329 3679/3968/3330 3677/3966/3328
f 3549/3838/2603 3548/3837/2325 3552/3841/3221 3677/3966/3328
f 3679/3968/3330 3680/3969/3331 3549/3838/2603 3677/3966/3328
f 3679/3968/3330 3681/3970/3332 3682/3971/3333 3680/3969/3331
f 3546/3835/3217 3545/3834/3216 3549/3838/2603 3680/3969/3331
f 3682/3971/3333 3683/3972/3334 3546/3835/3217 3680/3969/3331
f 3682/3971/3333 3684/3973/3335 3685/3974/3336 3683/3972/3334
f 3543/3832/3214 3542/3831/3213 3546/3835/3217 3683/3972/3334
f 3685/3975/3336 3686/3976/3337 3543/3977/3214 3683/3978/3334
f 3685/3975/3336 3687/3979/3338 3688/3980/3339 3686/3976/3337
f 3540/3829/3211 3539/3828/3210 3543/3832/3214 3686/3981/3337
f 3688/3980/3339 3689/3982/3340 3540/3983/3211 3686/3976/3337
f 3688/3980/3339 3690/3984/3341 3691/3985/3342 3689/3982/3340
f 3537/3823/3208 3536/3822/3207 3540/3983/3211 3689/3982/3340
f 3691/3985/3342 3692/3986/3343 3537/3823/3208 3689/3982/3340
f 3691/3985/3342 3693/3987/3344 3694/3988/3345 3692/3986/3343
f 3534/3820/3205 3533/3819/3204 3537/3823/3208 3692/3986/3343
f 3694/3988/3345 3695/3989/3346 3534/3820/3205 3692/3986/3343
f 3694/3988/3345 3696/3990/3347 3697/3991/3348 3695/3989/3346
f 3531/3817/2573 3530/3816/3202 3534/3820/3205 3695/3989/3346
f 3697/3991/3348 3698/3992/3349 3531/3817/2573 3695/3989/3346
f 3697/3991/3348 3699/3993/3350 3700/3994/3351 3698/3992/3349
f 3528/3814/3200 3527/3813/3199 3531/3817/2573 3698/3992/3349
f 3700/3994/3351 3701/3995/3352 3528/3814/3200 3698/3992/3349
f 3700/3994/3351 3702/3996/3353 3703/3997/3354 3701/3995/3352
f 3525/3811/3197 3524/3810/3196 3528/3814/3200 3701/3995/3352
f 3703/3997/3354 3704/3998/3355 3525/3811/3197 3701/3995/3352
f 3703/3997/3354 3705/3999/3356 2334/2556/2146 3704/3998/3355
f 3522/3808/3194 3521/3807/3193 3525/3811/3197 3704/3998/3355
f 2334/2556/2146 2333/2555/2145 3522/3808/3194 3704/3998/3355
f 3706/4000/3357 3707/4001/3358 3708/4002/3359 3705/3999/3356
f 3703/3997/3354 3702/3996/3353 3706/4000/3357 3705/3999/3356
f 3708/4002/3359 2328/2550/2140 2334/2556/2146 3705/3999/3356
f 3709/4003/2788 3710/4004/3360 3707/4001/3358 3706/4000/3357
f 3702/3996/3353 3711/4005/3361 3709/4003/2788 3706/4000/3357
f 3712/4006/2441 3713/4007/2596 3709/4003/2788 3711/4005/3361
f 3699/3993/3350 3714/4008/3362 3712/4006/2441 3711/4005/3361
f 3702/3996/3353 3700/3994/3351 3699/3993/3350 3711/4005/3361
f 3715/4009/2781 3716/4010/3363 3712/4006/2441 3714/4008/3362
f 3696/3990/3347 3717/4011/3364 3715/4009/2781 3714/4008/3362
f 3699/3993/3350 3697/3991/3348 3696/3990/3347 3714/4008/3362
f 3718/4012/3365 3719/4013/3366 3715/4009/2781 3717/4011/3364
f 3693/3987/3344 3720/4014/3367 3718/4012/3365 3717/4011/3364
f 3696/3990/3347 3694/3988/3345 3693/3987/3344 3717/4011/3364
f 3721/4015/3368 3722/4016/3369 3718/4012/3365 3720/4014/3367
f 3690/3984/3341 3723/4017/3370 3721/4015/3368 3720/4014/3367
f 3693/3987/3344 3691/3985/3342 3690/3984/3341 3720/4014/3367
f 3724/4018/3010 3725/4019/3371 3721/4015/3368 3723/4017/3370
f 3687/3979/3338 3726/4020/3372 3724/4018/3010 3723/4017/3370
f 3690/3984/3341 3688/3980/3339 3687/3979/3338 3723/4017/3370
f 3727/4021/3373 3728/4022/3374 3724/4018/3010 3726/4020/3372
f 3684/3973/3335 3729/4023/3375 3727/4024/3373 3726/4025/3372
f 3687/3979/3338 3685/3975/3336 3684/4026/3335 3726/4020/3372
f 3730/4027/3376 3731/4028/3377 3727/4021/3373 3729/4029/3375
f 3681/3970/3332 3732/4030/3378 3730/4031/3376 3729/4023/3375
f 3684/3973/3335 3682/3971/3333 3681/3970/3332 3729/4023/3375
f 3733/4032/3379 3734/4033/3380 3730/4027/3376 3732/4034/3378
f 3678/3967/3329 3735/4035/3381 3733/4036/3379 3732/4030/3378
f 3681/3970/3332 3679/3968/3330 3678/3967/3329 3732/4030/3378
f 3736/4037/3382 3737/4038/3383 3733/4036/3379 3735/4035/3381
f 3675/3964/3326 3738/4039/3384 3736/4037/3382 3735/4035/3381
f 3678/3967/3329 3676/3965/3327 3675/3964/3326 3735/4035/3381
f 3739/4040/3385 3740/4041/3386 3736/4037/3382 3738/4039/3384
f 3672/3961/3323 3741/4042/3387 3739/4040/3385 3738/4039/3384
f 3675/3964/3326 3673/3962/3324 3672/3961/3323 3738/4039/3384
f 3742/4043/3388 3743/4044/3389 3739/4040/3385 3741/4042/3387
f 3669/3958/3320 3744/4045/3390 3742/4043/3388 3741/4042/3387
f 3672/3961/3323 3670/3959/3321 3669/3958/3320 3741/4042/3387
f 3745/4046/3391 3746/4047/3392 3742/4043/3388 3744/4045/3390
f 3666/3955/3317 3747/4048/3393 3745/4046/3391 3744/4045/3390
f 3669/3958/3320 3667/3956/3318 3666/3955/3317 3744/4045/3390
f 3748/4049/3394 3749/4050/3395 3745/4046/3391 3747/4048/3393
f 3750/4051/3396 3751/4052/3397 3748/4049/3394 3747/4048/3393
f 3666/3955/3317 3665/3954/3316 3750/4051/3396 3747/4048/3393
f 3752/4053/3398 3753/4054/3399 3751/4052/3397 3750/4051/3396
f 3665/3954/3316 3660/3949/3311 3752/4053/3398 3750/4051/3396
f 3754/4055/3400 3755/4056/3401 3753/4054/3399 3752/4053/3398
f 3660/3949/3311 3659/3948/3310 3754/4055/3400 3752/4053/3398
f 3756/4057/3402 3757/4058/3403 3755/4056/3401 3754/4055/3400
f 3659/3948/3310 3654/3943/3305 3756/4057/3402 3754/4055/3400
f 3651/3940/3302 3758/4059/3404 3757/4058/3403 3756/4057/3402
f 3654/3943/3305 3652/3941/3303 3651/3940/3302 3756/4057/3402
f 3759/4060/3405 3760/4061/3406 3757/4058/3403 3758/4059/3404
f 3648/3937/3299 3761/4062/3407 3759/4060/3405 3758/4059/3404
f 3651/3940/3302 3649/3938/3300 3648/3937/3299 3758/4059/3404
f 3762/4063/3408 3763/4064/3409 3759/4060/3405 3761/4062/3407
f 3645/3934/3296 3764/4065/3410 3762/4063/3408 3761/4062/3407
f 3648/3937/3299 3646/3935/3297 3645/3934/3296 3761/4062/3407
f 3765/4066/3411 3766/4067/3412 3762/4063/3408 3764/4065/3410
f 3642/3931/3293 3767/4068/3413 3765/4066/3411 3764/4065/3410
f 3645/3934/3296 3643/3932/3294 3642/3931/3293 3764/4065/3410
f 3768/4069/3414 3769/4070/3415 3765/4066/3411 3767/4068/3413
f 3639/3928/3290 3770/4071/3416 3768/4069/3414 3767/4068/3413
f 3642/3931/3293 3640/3929/3291 3639/3928/3290 3767/4068/3413
f 3771/4072/3417 3772/4073/3418 3768/4069/3414 3770/4071/3416
f 3773/4074/3419 3774/4075/3420 3771/4072/3417 3770/4071/3416
f 3639/3928/3290 3638/3927/3289 3773/4074/3419 3770/4071/3416
f 3775/4076/3421 3776/4077/3422 3774/4075/3420 3773/4074/3419
f 3638/3927/3289 3633/3922/3284 3775/4076/3421 3773/4074/3419
f 3630/3919/3281 3777/4078/3423 3776/4077/3422 3775/4076/3421
f 3633/3922/3284 3631/3920/3282 3630/3919/3281 3775/4076/3421
f 3778/4079/3424 3779/4080/3425 3776/4077/3422 3777/4078/3423
f 3627/3916/3278 3780/4081/3426 3778/4079/3424 3777/4078/3423
f 3630/3919/3281 3628/3917/3279 3627/3916/3278 3777/4078/3423
f 3781/4082/3427 3782/4083/3428 3778/4079/3424 3780/4081/3426
f 3624/3913/3276 3783/4084/3429 3781/4082/3427 3780/4081/3426
f 3627/3916/3278 3625/3914/1151 3624/3913/3276 3780/4081/3426
f 3784/4085/3430 3785/4086/3431 3781/4082/3427 3783/4084/3429
f 3621/3910/1537 3786/4087/3432 3784/4085/3430 3783/4084/3429
f 3624/3913/3276 3622/3911/3274 3621/3910/1537 3783/4084/3429
f 3787/4088/3433 3788/4089/3434 3784/4085/3430 3786/4087/3432
f 3618/3907/1373 3789/4090/1378 3787/4088/3433 3786/4087/3432
f 3621/3910/1537 3619/3908/3272 3618/3907/1373 3786/4087/3432
f 3790/4091/3435 3791/4092/1376 3787/4088/3433 3789/4090/1378
f 3615/3904/3270 3792/4093/1140 3790/4091/3435 3789/4090/1378
f 3618/3907/1373 3616/3905/1369 3615/3904/3270 3789/4090/1378
f 1643/1795/1118 1642/1794/1539 3790/4091/3435 3792/4093/1140
f 3612/3901/1100 1644/1796/1142 1643/1795/1118 3792/4093/1140
f 3615/3904/3270 3613/3902/1366 3612/3901/1100 3792/4093/1140
f 3612/3901/1100 2215/2437/684 20/20/20 1644/1796/1142
f 3793/4094/767 3794/4095/910 1646/1798/910 1645/1797/537
f 1650/1802/753 3795/4096/1556 3793/4094/767 1645/1797/537
f 1652/1804/1542 3796/4097/1542 3795/4096/1556 1650/1802/753
f 1652/1804/1542 955/1049/546 3108/3384/1540 3796/4097/1542
f 3797/4098/1556 3798/4099/1556 3795/4096/1556 3796/4097/1542
f 3108/3384/1540 3110/3386/910 3797/4098/1556 3796/4097/1542
f 3799/4100/753 3800/4101/753 3798/4099/1556 3797/4098/1556
f 3110/3386/910 3801/4102/767 3799/4100/753 3797/4098/1556
f 3110/3386/910 3109/3385/2849 3114/3390/2853 3801/4102/767
f 3802/4103/546 3803/4104/753 3799/4100/753 3801/4102/767
f 3114/3390/2853 3804/4105/3436 3802/4103/546 3801/4102/767
f 3114/3390/2853 3113/3389/2852 3119/3395/919 3804/4105/3436
f 3129/3405/929 3805/4106/546 3802/4103/546 3804/4105/3436
f 3119/3395/919 3126/3402/1008 3129/3405/929 3804/4105/3436
f 3806/4107/753 3803/4104/753 3802/4103/546 3805/4106/546
f 3132/3408/537 3807/4108/762 3806/4107/753 3805/4106/546
f 3129/3405/929 3128/3404/2864 3132/3408/537 3805/4106/546
f 3808/4109/753 3809/4110/753 3806/4107/753 3807/4108/762
f 3810/4111/762 3811/4112/753 3808/4109/753 3807/4108/762
f 3132/3408/537 3131/3407/910 3810/4111/762 3807/4108/762
f 3812/4113/762 3813/4114/753 3811/4112/753 3810/4111/762
f 3131/3407/910 3134/3410/537 3812/4113/762 3810/4111/762
f 3814/4115/3437 3815/4116/3438 3813/4114/753 3812/4113/762
f 3134/3410/537 3137/3413/2869 3814/4115/3437 3812/4113/762
f 3816/4117/3439 3817/4118/3440 3815/4116/3438 3814/4115/3437
f 3137/3413/2869 3818/4119/3441 3816/4117/3439 3814/4115/3437
f 3137/3413/2869 3136/3412/2868 3142/3418/2874 3818/4119/3441
f 3819/4120/1542 3820/4121/762 3816/4117/3439 3818/4119/3441
f 3142/3418/2874 3821/4122/3442 3819/4120/1542 3818/4119/3441
f 3142/3418/2874 3141/3417/2873 3147/3423/2879 3821/4122/3442
f 3822/4123/3443 3823/4124/1001 3819/4120/1542 3821/4122/3442
f 3147/3423/2879 3824/4125/3444 3822/4123/3443 3821/4122/3442
f 3147/3423/2879 3146/3422/2878 3152/3428/2883 3824/4125/3444
f 2350/2572/2162 3825/4126/3445 3822/4123/3443 3824/4125/3444
f 3152/3428/2883 2351/2573/2163 2350/2572/2162 3824/4125/3444
f 3826/4127/1550 3823/4124/1001 3822/4123/3443 3825/4126/3445
f 3827/4128/3446 3828/4129/3447 3826/4127/1550 3825/4126/3445
f 2350/2572/2162 2349/2571/2161 3827/4128/3446 3825/4126/3445
f 3829/4130/1541 3830/4131/1006 3828/4129/3447 3827/4128/3446
f 2349/2571/2161 3831/4132/3448 3829/4130/1541 3827/4128/3446
f 2349/2571/2161 2321/2543/2133 2327/2549/2139 3831/4132/3448
f 2329/2551/2141 3832/4133/3449 3829/4130/1541 3831/4132/3448
f 2327/2549/2139 2330/2552/2142 2329/2551/2141 3831/4132/3448
f 3833/4134/3450 3830/4131/1006 3829/4130/1541 3832/4133/3449
f 3708/4002/3359 3707/4001/3358 3833/4134/3450 3832/4133/3449
f 2329/2551/2141 2328/2550/2140 3708/4002/3359 3832/4133/3449
f 3834/4135/3451 3835/4136/753 3830/4131/1006 3833/4134/3450
f 3707/4001/3358 3710/4004/3360 3834/4135/3451 3833/4134/3450
f 3836/4137/3452 3837/4138/3441 3835/4136/753 3834/4135/3451
f 3710/4004/3360 3838/4139/3453 3836/4137/3452 3834/4135/3451
f 3839/4140/3454 3840/4141/3455 3836/4137/3452 3838/4139/3453
f 3713/4007/2596 3841/4142/3363 3839/4140/3454 3838/4139/3453
f 3710/4004/3360 3709/4003/2788 3713/4007/2596 3838/4139/3453
f 3842/4143/3456 3843/4144/3457 3839/4140/3454 3841/4142/3363
f 3716/4010/3363 3844/4145/2321 3842/4143/3456 3841/4142/3363
f 3713/4007/2596 3712/4006/2441 3716/4010/3363 3841/4142/3363
f 3845/4146/3458 3846/4147/3459 3842/4143/3456 3844/4145/2321
f 3719/4013/3366 3847/4148/3460 3845/4146/3458 3844/4145/2321
f 3716/4010/3363 3715/4009/2781 3719/4013/3366 3844/4145/2321
f 3848/4149/3461 3849/4150/3462 3845/4146/3458 3847/4148/3460
f 3722/4016/3369 3850/4151/3463 3848/4149/3461 3847/4148/3460
f 3719/4013/3366 3718/4012/3365 3722/4016/3369 3847/4148/3460
f 3851/4152/3464 3852/4153/3465 3848/4149/3461 3850/4151/3463
f 3725/4019/3371 3853/4154/3466 3851/4152/3464 3850/4151/3463
f 3722/4016/3369 3721/4015/3368 3725/4019/3371 3850/4151/3463
f 3854/4155/3467 3855/4156/3468 3851/4152/3464 3853/4154/3466
f 3728/4022/3374 3856/4157/3469 3854/4155/3467 3853/4154/3466
f 3725/4019/3371 3724/4018/3010 3728/4022/3374 3853/4154/3466
f 3857/4158/3470 3858/4159/3471 3854/4155/3467 3856/4157/3469
f 3731/4028/3377 3859/4160/3472 3857/4158/3470 3856/4157/3469
f 3728/4022/3374 3727/4021/3373 3731/4028/3377 3856/4157/3469
f 3860/4161/3473 3861/4162/3474 3857/4158/3470 3859/4160/3472
f 3734/4033/3380 3862/4163/3475 3860/4161/3473 3859/4160/3472
f 3731/4028/3377 3730/4027/3376 3734/4033/3380 3859/4160/3472
f 3863/4164/3476 3864/4165/3477 3860/4161/3473 3862/4163/3475
f 3737/4038/3383 3865/4166/3478 3863/4167/3476 3862/4168/3475
f 3734/4033/3380 3733/4032/3379 3737/4169/3383 3862/4163/3475
f 3866/4170/3479 3867/4171/3480 3863/4167/3476 3865/4166/3478
f 3740/4041/3386 3868/4172/3481 3866/4170/3479 3865/4166/3478
f 3737/4038/3383 3736/4037/3382 3740/4041/3386 3865/4166/3478
f 3869/4173/3482 3870/4174/3483 3866/4170/3479 3868/4172/3481
f 3743/4044/3389 3871/4175/3484 3869/4173/3482 3868/4172/3481
f 3740/4041/3386 3739/4040/3385 3743/4044/3389 3868/4172/3481
f 3872/4176/3485 3873/4177/3486 3869/4173/3482 3871/4175/3484
f 3746/4047/3392 3874/4178/3487 3872/4176/3485 3871/4175/3484
f 3743/4044/3389 3742/4043/3388 3746/4047/3392 3871/4175/3484
f 3875/4179/3488 3876/4180/3489 3872/4176/3485 3874/4178/3487
f 3749/4050/3395 3877/4181/3490 3875/4179/3488 3874/4178/3487
f 3746/4047/3392 3745/4046/3391 3749/4050/3395 3874/4178/3487
f 3878/4182/3491 3879/4183/3492 3875/4179/3488 3877/4181/3490
f 3880/4184/3493 3881/4185/3494 3878/4182/3491 3877/4181/3490
f 3749/4050/3395 3748/4049/3394 3880/4184/3493 3877/4181/3490
f 3882/4186/3495 3883/4187/3496 3881/4185/3494 3880/4184/3493
f 3748/4049/3394 3751/4052/3397 3882/4186/3495 3880/4184/3493
f 3884/4188/3497 3885/4189/3498 3883/4187/3496 3882/4186/3495
f 3751/4052/3397 3753/4054/3399 3884/4188/3497 3882/4186/3495
f 3886/4190/3499 3887/4191/3500 3885/4189/3498 3884/4188/3497
f 3753/4054/3399 3755/4056/3401 3886/4190/3499 3884/4188/3497
f 3760/4061/3406 3888/4192/3501 3887/4191/3500 3886/4190/3499
f 3755/4056/3401 3757/4058/3403 3760/4061/3406 3886/4190/3499
f 3889/4193/3502 3890/4194/3503 3887/4191/3500 3888/4192/3501
f 3763/4064/3409 3891/4195/3504 3889/4193/3502 3888/4192/3501
f 3760/4061/3406 3759/4060/3405 3763/4064/3409 3888/4192/3501
f 3892/4196/3505 3893/4197/3506 3889/4193/3502 3891/4195/3504
f 3766/4067/3412 3894/4198/3507 3892/4196/3505 3891/4195/3504
f 3763/4064/3409 3762/4063/3408 3766/4067/3412 3891/4195/3504
f 3895/4199/3508 3896/4200/3509 3892/4196/3505 3894/4198/3507
f 3769/4070/3415 3897/4201/3510 3895/4199/3508 3894/4198/3507
f 3766/4067/3412 3765/4066/3411 3769/4070/3415 3894/4198/3507
f 3898/4202/3511 3899/4203/3512 3895/4199/3508 3897/4201/3510
f 3772/4073/3418 3900/4204/3513 3898/4202/3511 3897/4201/3510
f 3769/4070/3415 3768/4069/3414 3772/4073/3418 3897/4201/3510
f 3901/4205/3514 3902/4206/3515 3898/4202/3511 3900/4204/3513
f 3903/4207/3516 3904/4208/3517 3901/4205/3514 3900/4204/3513
f 3772/4073/3418 3771/4072/3417 3903/4207/3516 3900/4204/3513
f 3905/4209/3518 3906/4210/3519 3904/4208/3517 3903/4207/3516
f 3771/4072/3417 3774/4075/3420 3905/4209/3518 3903/4207/3516
f 3779/4080/3425 3907/4211/3520 3906/4210/3519 3905/4209/3518
f 3774/4075/3420 3776/4077/3422 3779/4080/3425 3905/4209/3518
f 3908/4212/3521 3909/4213/3522 3906/4210/3519 3907/4211/3520
f 3782/4083/3428 3910/4214/3523 3908/4212/3521 3907/4211/3520
f 3779/4080/3425 3778/4079/3424 3782/4083/3428 3907/4211/3520
f 3911/4215/3524 3912/4216/3525 3908/4212/3521 3910/4214/3523
f 3785/4086/3431 3913/4217/3526 3911/4215/3524 3910/4214/3523
f 3782/4083/3428 3781/4082/3427 3785/4086/3431 3910/4214/3523
f 3914/4218/3527 3915/4219/3528 3911/4215/3524 3913/4217/3526
f 3788/4089/3434 3916/4220/3529 3914/4218/3527 3913/4217/3526
f 3785/4086/3431 3784/4085/3430 3788/4089/3434 3913/4217/3526
f 1774/1938/1640 1773/1937/1639 3914/4218/3527 3916/4220/3529
f 3791/4092/1376 1775/1939/1641 1774/1938/1640 3916/4220/3529
f 3788/4089/3434 3787/4088/3433 3791/4092/1376 3916/4220/3529
f 3791/4092/1376 3790/4091/3435 1642/1794/1539 1775/1939/1641
f 3917/4221/1550 3918/4222/1850 1777/1941/1642 1776/1940/762
f 1781/1945/537 3919/4223/1646 3917/4221/1550 1776/1940/762
f 1781/1945/537 1646/1798/910 3794/4095/910 3919/4223/1646
f 3920/4224/3530 3921/4225/2934 3917/4221/1550 3919/4223/1646
f 3794/4095/910 3922/4226/1646 3920/4224/3530 3919/4223/1646
f 3794/4095/910 3793/4094/767 3923/4227/1644 3922/4226/1646
f 3924/4228/758 3925/4229/759 3920/4224/3530 3922/4226/1646
f 3923/4227/1644 3926/4230/762 3924/4228/758 3922/4226/1646
f 3923/4227/1644 3798/4099/1556 3800/4101/753 3926/4230/762
f 3927/4231/762 3928/4232/753 3924/4228/758 3926/4230/762
f 3800/4101/753 3929/4233/753 3927/4231/762 3926/4230/762
f 3800/4101/753 3799/4100/753 3803/4104/753 3929/4233/753
f 3809/4110/753 3930/4234/753 3927/4231/762 3929/4233/753
f 3803/4104/753 3806/4107/753 3809/4110/753 3929/4233/753
f 3931/4235/753 3928/4232/753 3927/4231/762 3930/4234/753
f 3932/4236/753 3933/4237/753 3931/4235/753 3930/4234/753
f 3809/4110/753 3808/4109/753 3932/4236/753 3930/4234/753
f 3934/4238/762 3935/4239/1006 3933/4237/753 3932/4236/753
f 3808/4109/753 3811/4112/753 3934/4238/762 3932/4236/753
f 3936/4240/1006 3937/4241/1006 3935/4239/1006 3934/4238/762
f 3811/4112/753 3813/4114/753 3936/4240/1006 3934/4238/762
f 3938/4242/3531 3939/4243/764 3937/4241/1006 3936/4240/1006
f 3813/4114/753 3815/4116/3438 3938/4242/3531 3936/4240/1006
f 3940/4244/3532 3941/4245/3533 3939/4243/764 3938/4242/3531
f 3815/4116/3438 3817/4118/3440 3940/4244/3532 3938/4242/3531
f 3942/4246/769 3943/4247/766 3941/4245/3533 3940/4244/3532
f 3817/4118/3440 3944/4248/537 3942/4246/769 3940/4244/3532
f 3817/4118/3440 3816/4117/3439 3820/4121/762 3944/4248/537
f 3945/4249/767 3946/4250/769 3942/4246/769 3944/4248/537
f 3820/4121/762 3947/4251/1002 3945/4249/767 3944/4248/537
f 3820/4121/762 3819/4120/1542 3823/4124/1001 3947/4251/1002
f 3948/4252/3534 3949/4253/3535 3945/4249/767 3947/4251/1002
f 3823/4124/1001 3826/4127/1550 3948/4252/3534 3947/4251/1002
f 3950/4254/3437 3951/4255/3536 3949/4253/3535 3948/4252/3534
f 3826/4127/1550 3828/4129/3447 3950/4254/3437 3948/4252/3534
f 3835/4136/753 3837/4138/3441 3951/4255/3536 3950/4254/3437
f 3828/4129/3447 3830/4131/1006 3835/4136/753 3950/4254/3437
f 3952/4256/3537 3953/4257/3538 3949/4253/3535 3951/4255/3536
f 3837/4138/3441 3954/4258/3539 3952/4256/3537 3951/4255/3536
f 3955/4259/3540 3956/4260/3541 3952/4256/3537 3954/4258/3539
f 3840/4141/3455 3957/4261/3542 3955/4259/3540 3954/4258/3539
f 3837/4138/3441 3836/4137/3452 3840/4141/3455 3954/4258/3539
f 3958/4262/3543 3959/4263/3538 3955/4259/3540 3957/4261/3542
f 3843/4144/3457 3960/4264/3544 3958/4262/3543 3957/4261/3542
f 3840/4141/3455 3839/4140/3454 3843/4144/3457 3957/4261/3542
f 3961/4265/3545 3962/4266/3546 3958/4262/3543 3960/4264/3544
f 3846/4147/3459 3963/4267/3547 3961/4265/3545 3960/4264/3544
f 3843/4144/3457 3842/4143/3456 3846/4147/3459 3960/4264/3544
f 3964/4268/3548 3965/4269/3549 3961/4265/3545 3963/4267/3547
f 3849/4150/3462 3966/4270/3550 3964/4268/3548 3963/4267/3547
f 3846/4147/3459 3845/4146/3458 3849/4150/3462 3963/4267/3547
f 3967/4271/3551 3968/4272/3552 3964/4268/3548 3966/4270/3550
f 3852/4153/3465 3969/4273/3553 3967/4271/3551 3966/4270/3550
f 3849/4150/3462 3848/4149/3461 3852/4153/3465 3966/4270/3550
f 3970/4274/3554 3971/4275/3555 3967/4271/3551 3969/4273/3553
f 3855/4156/3468 3972/4276/3556 3970/4274/3554 3969/4273/3553
f 3852/4153/3465 3851/4152/3464 3855/4156/3468 3969/4273/3553
f 3973/4277/3557 3974/4278/3558 3970/4274/3554 3972/4276/3556
f 3858/4159/3471 3975/4279/3559 3973/4277/3557 3972/4276/3556
f 3855/4156/3468 3854/4155/3467 3858/4159/3471 3972/4276/3556
f 3976/4280/3560 3977/4281/3561 3973/4277/3557 3975/4279/3559
f 3861/4162/3474 3978/4282/3562 3976/4280/3560 3975/4279/3559
f 3858/4159/3471 3857/4158/3470 3861/4162/3474 3975/4279/3559
f 3979/4283/3563 3980/4284/3564 3976/4280/3560 3978/4282/3562
f 3864/4165/3477 3981/4285/3565 3979/4283/3563 3978/4282/3562
f 3861/4162/3474 3860/4161/3473 3864/4165/3477 3978/4282/3562
f 3982/4286/3566 3983/4287/3567 3979/4283/3563 3981/4285/3565
f 3867/4171/3480 3984/4288/3568 3982/4289/3566 3981/4290/3565
f 3864/4165/3477 3863/4164/3476 3867/4291/3480 3981/4285/3565
f 3985/4292/3569 3986/4293/3570 3982/4286/3566 3984/4294/3568
f 3870/4174/3483 3987/4295/3571 3985/4296/3569 3984/4288/3568
f 3867/4171/3480 3866/4170/3479 3870/4174/3483 3984/4288/3568
f 3988/4297/3572 3989/4298/3573 3985/4292/3569 3987/4299/3571
f 3873/4177/3486 3990/4300/3574 3988/4301/3572 3987/4295/3571
f 3870/4174/3483 3869/4173/3482 3873/4177/3486 3987/4295/3571
f 3991/4302/3575 3992/4303/3576 3988/4297/3572 3990/4304/3574
f 3876/4180/3489 3993/4305/3577 3991/4306/3575 3990/4300/3574
f 3873/4177/3486 3872/4176/3485 3876/4180/3489 3990/4300/3574
f 3994/4307/3578 3995/4308/3579 3991/4302/3575 3993/4309/3577
f 3879/4183/3492 3996/4310/3580 3994/4311/3578 3993/4305/3577
f 3876/4180/3489 3875/4179/3488 3879/4183/3492 3993/4305/3577
f 3997/4312/3581 3998/4313/3582 3994/4307/3578 3996/4314/3580
f 3999/4315/3583 4000/4316/3584 3997/4317/3581 3996/4310/3580
f 3879/4183/3492 3878/4182/3491 3999/4315/3583 3996/4310/3580
f 4001/4318/3585 4002/4319/3586 4000/4316/3584 3999/4315/3583
f 3878/4182/3491 3881/4185/3494 4001/4318/3585 3999/4315/3583
f 4003/4320/3587 4004/4321/3588 4002/4319/3586 4001/4318/3585
f 3881/4185/3494 3883/4187/3496 4003/4320/3587 4001/4318/3585
f 4005/4322/3589 4006/4323/3590 4004/4321/3588 4003/4320/3587
f 3883/4187/3496 3885/4189/3498 4005/4322/3589 4003/4320/3587
f 3890/4194/3503 4007/4324/3591 4006/4323/3590 4005/4322/3589
f 3885/4189/3498 3887/4191/3500 3890/4194/3503 4005/4322/3589
f 4008/4325/3592 4009/4326/3593 4006/4323/3590 4007/4324/3591
f 3893/4197/3506 4010/4327/3594 4008/4325/3592 4007/4324/3591
f 3890/4194/3503 3889/4193/3502 3893/4197/3506 4007/4324/3591
f 4011/4328/3595 4012/4329/3596 4008/4325/3592 4010/4327/3594
f 3896/4200/3509 4013/4330/3597 4011/4328/3595 4010/4327/3594
f 3893/4197/3506 3892/4196/3505 3896/4200/3509 4010/4327/3594
f 4014/4331/3598 4015/4332/3599 4011/4328/3595 4013/4330/3597
f 3899/4203/3512 4016/4333/3600 4014/4331/3598 4013/4330/3597
f 3896/4200/3509 3895/4199/3508 3899/4203/3512 4013/4330/3597
f 4017/4334/3601 4018/4335/3602 4014/4331/3598 4016/4333/3600
f 3902/4206/3515 4019/4336/3603 4017/4334/3601 4016/4333/3600
f 3899/4203/3512 3898/4202/3511 3902/4206/3515 4016/4333/3600
f 4020/4337/3604 4021/4338/3605 4017/4334/3601 4019/4336/3603
f 4022/4339/3606 4023/4340/3607 4020/4337/3604 4019/4336/3603
f 3902/4206/3515 3901/4205/3514 4022/4339/3606 4019/4336/3603
f 4024/4341/3608 4025/4342/3609 4023/4340/3607 4022/4339/3606
f 3901/4205/3514 3904/4208/3517 4024/4341/3608 4022/4339/3606
f 3909/4213/3522 4026/4343/3610 4025/4342/3609 4024/4341/3608
f 3904/4208/3517 3906/4210/3519 3909/4213/3522 4024/4341/3608
f 4027/4344/3611 4028/4345/3612 4025/4342/3609 4026/4343/3610
f 3912/4216/3525 4029/4346/3613 4027/4344/3611 4026/4343/3610
f 3909/4213/3522 3908/4212/3521 3912/4216/3525 4026/4343/3610
f 1893/2069/1731 1892/2068/1730 4027/4344/3611 4029/4346/3613
f 3915/4219/3528 1894/2070/1732 1893/2069/1731 4029/4346/3613
f 3912/4216/3525 3911/4215/3524 3915/4219/3528 4029/4346/3613
f 3915/4219/3528 3914/4218/3527 1773/1937/1639 1894/2070/1732
f 4030/4347/3614 4031/4348/3615 1896/2072/1734 1895/2071/1733
f 1900/2076/1738 4032/4349/3616 4030/4347/3614 1895/2071/1733
f 1900/2076/1738 1777/1941/1642 3918/4222/1850 4032/4349/3616
f 4033/4350/3617 4034/4351/3618 4030/4347/3614 4032/4349/3616
f 3918/4222/1850 4035/4352/3619 4033/4350/3617 4032/4349/3616
f 3918/4222/1850 3917/4221/1550 3921/4225/2934 4035/4352/3619
f 4036/4353/3620 4037/4354/3621 4033/4350/3617 4035/4352/3619
f 3921/4225/2934 4038/4355/757 4036/4353/3620 4035/4352/3619
f 3921/4225/2934 3920/4224/3530 3925/4229/759 4038/4355/757
f 4039/4356/3622 4040/4357/3623 4036/4353/3620 4038/4355/757
f 3925/4229/759 4041/4358/1747 4039/4356/3622 4038/4355/757
f 3925/4229/759 3924/4228/758 3928/4232/753 4041/4358/1747
f 4042/4359/1542 4043/4360/1748 4039/4356/3622 4041/4358/1747
f 3928/4232/753 3931/4235/753 4042/4359/1542 4041/4358/1747
f 4044/4361/1542 4045/4362/1748 4043/4360/1748 4042/4359/1542
f 3931/4235/753 3933/4237/753 4044/4361/1542 4042/4359/1542
f 4046/4363/1001 4047/4364/3624 4045/4362/1748 4044/4361/1542
f 3933/4237/753 3935/4239/1006 4046/4363/1001 4044/4361/1542
f 4048/4365/1001 4049/4366/761 4047/4364/3624 4046/4363/1001
f 3935/4239/1006 3937/4241/1006 4048/4365/1001 4046/4363/1001
f 4050/4367/1006 4051/4368/3624 4049/4366/761 4048/4365/1001
f 3937/4241/1006 3939/4243/764 4050/4367/1006 4048/4365/1001
f 4052/4369/1646 4053/4370/1748 4051/4368/3624 4050/4367/1006
f 3939/4243/764 3941/4245/3533 4052/4369/1646 4050/4367/1006
f 4054/4371/910 4055/4372/1747 4053/4370/1748 4052/4369/1646
f 3941/4245/3533 3943/4247/766 4054/4371/910 4052/4369/1646
f 4056/4373/3625 4057/4374/1001 4055/4372/1747 4054/4371/910
f 3943/4247/766 4058/4375/3625 4056/4373/3625 4054/4371/910
f 3943/4247/766 3942/4246/769 3946/4250/769 4058/4375/3625
f 4059/4376/3626 4060/4377/3626 4056/4373/3625 4058/4375/3625
f 3946/4250/769 3953/4257/3538 4059/4376/3626 4058/4375/3625
f 3956/4260/3541 4061/4378/3627 4060/4377/3626 4059/4376/3626
f 3953/4257/3538 3952/4256/3537 3956/4260/3541 4059/4376/3626
f 4062/4379/3628 4063/4380/3629 4060/4377/3626 4061/4378/3627
f 3959/4263/3538 4064/4381/3630 4062/4379/3628 4061/4378/3627
f 3956/4260/3541 3955/4259/3540 3959/4263/3538 4061/4378/3627
f 4065/4382/3631 4066/4383/3632 4062/4379/3628 4064/4381/3630
f 3962/4266/3546 4067/4384/3633 4065/4382/3631 4064/4381/3630
f 3959/4263/3538 3958/4262/3543 3962/4266/3546 4064/4381/3630
f 2297/2519/2109 2296/2518/2108 4065/4382/3631 4067/4384/3633
f 3965/4269/3549 2301/2523/2113 2297/2519/2109 4067/4384/3633
f 3962/4266/3546 3961/4265/3545 3965/4269/3549 4067/4384/3633
f 2296/2518/2108 4068/4385/3634 4066/4383/3632 4065/4382/3631
f 4069/4386/3635 4070/4387/3636 4066/4383/3632 4068/4385/3634
f 4071/4388/3637 4072/4389/3638 4069/4386/3635 4068/4385/3634
f 2296/2518/2108 2295/2517/2107 4071/4388/3637 4068/4385/3634
f 4073/4390/3639 4074/4391/3640 4072/4389/3638 4071/4388/3637
f 2295/2517/2107 2300/2522/2112 4073/4390/3639 4071/4388/3637
f 4075/4392/3641 4076/4393/3642 4074/4391/3640 4073/4390/3639
f 2300/2522/2112 4077/4394/3643 4075/4392/3641 4073/4390/3639
f 4078/4395/3644 4079/4396/3645 4075/4392/3641 4077/4394/3643
f 4080/4397/3646 3971/4275/3555 4078/4395/3644 4077/4394/3643
f 2300/2522/2112 2299/2521/2111 4080/4397/3646 4077/4394/3643
f 3968/4272/3552 3967/4271/3551 3971/4275/3555 4080/4397/3646
f 2299/2521/2111 2301/2523/2113 3968/4272/3552 4080/4397/3646
f 3974/4278/3558 4081/4398/3647 4079/4396/3645 4078/4395/3644
f 3971/4275/3555 3970/4274/3554 3974/4278/3558 4078/4395/3644
f 4082/4399/3648 4083/4400/3649 4079/4396/3645 4081/4398/3647
f 3977/4281/3561 4084/4401/3650 4082/4399/3648 4081/4398/3647
f 3974/4278/3558 3973/4277/3557 3977/4281/3561 4081/4398/3647
f 4085/4402/3651 4086/4403/3652 4082/4399/3648 4084/4401/3650
f 3980/4284/3564 4087/4404/3653 4085/4402/3651 4084/4401/3650
f 3977/4281/3561 3976/4280/3560 3980/4284/3564 4084/4401/3650
f 4088/4405/3654 4089/4406/3655 4085/4402/3651 4087/4404/3653
f 3983/4287/3567 4090/4407/3656 4088/4405/3654 4087/4404/3653
f 3980/4284/3564 3979/4283/3563 3983/4287/3567 4087/4404/3653
f 4091/4408/3657 4092/4409/3658 4088/4405/3654 4090/4407/3656
f 3986/4293/3570 4093/4410/3659 4091/4408/3657 4090/4407/3656
f 3983/4287/3567 3982/4286/3566 3986/4293/3570 4090/4407/3656
f 4094/4411/3660 4095/4412/3661 4091/4408/3657 4093/4410/3659
f 3989/4298/3573 4096/4413/3662 4094/4411/3660 4093/4410/3659
f 3986/4293/3570 3985/4292/3569 3989/4298/3573 4093/4410/3659
f 4097/4414/3663 4098/4415/3664 4094/4411/3660 4096/4413/3662
f 3992/4303/3576 4099/4416/3665 4097/4414/3663 4096/4413/3662
f 3989/4298/3573 3988/4297/3572 3992/4303/3576 4096/4413/3662
f 4100/4417/3666 4101/4418/3667 4097/4414/3663 4099/4416/3665
f 3995/4308/3579 4102/4419/3668 4100/4417/3666 4099/4416/3665
f 3992/4303/3576 3991/4302/3575 3995/4308/3579 4099/4416/3665
f 4103/4420/3669 4104/4421/3670 4100/4417/3666 4102/4419/3668
f 3998/4313/3582 4105/4422/3671 4103/4420/3669 4102/4419/3668
f 3995/4308/3579 3994/4307/3578 3998/4313/3582 4102/4419/3668
f 4106/4423/3672 4107/4424/3673 4103/4420/3669 4105/4422/3671
f 4108/4425/3674 4109/4426/3675 4106/4423/3672 4105/4422/3671
f 3998/4313/3582 3997/4312/3581 4108/4425/3674 4105/4422/3671
f 4110/4427/3676 4111/4428/3677 4109/4426/3675 4108/4425/3674
f 3997/4317/3581 4000/4316/3584 4110/4429/3676 4108/4430/3674
f 4112/4431/3678 4113/4432/3679 4111/4433/3677 4110/4429/3676
f 4000/4316/3584 4002/4319/3586 4112/4431/3678 4110/4429/3676
f 4114/4434/3680 4115/4435/3681 4113/4432/3679 4112/4431/3678
f 4002/4319/3586 4004/4321/3588 4114/4434/3680 4112/4431/3678
f 4009/4326/3593 4116/4436/3682 4115/4435/3681 4114/4434/3680
f 4004/4321/3588 4006/4323/3590 4009/4326/3593 4114/4434/3680
f 4117/4437/3683 4118/4438/3684 4115/4435/3681 4116/4436/3682
f 4012/4329/3596 4119/4439/3685 4117/4437/3683 4116/4436/3682
f 4009/4326/3593 4008/4325/3592 4012/4329/3596 4116/4436/3682
f 4120/4440/3686 4121/4441/3687 4117/4437/3683 4119/4439/3685
f 4015/4332/3599 4122/4442/3688 4120/4440/3686 4119/4439/3685
f 4012/4329/3596 4011/4328/3595 4015/4332/3599 4119/4439/3685
f 4123/4443/3689 4124/4444/3690 4120/4440/3686 4122/4442/3688
f 4018/4335/3602 4125/4445/3691 4123/4443/3689 4122/4442/3688
f 4015/4332/3599 4014/4331/3598 4018/4335/3602 4122/4442/3688
f 4126/4446/3692 4127/4447/3693 4123/4443/3689 4125/4445/3691
f 4021/4338/3605 4128/4448/3694 4126/4446/3692 4125/4445/3691
f 4018/4335/3602 4017/4334/3601 4021/4338/3605 4125/4445/3691
f 1998/2182/1820 1997/4449/1820 4126/4446/3692 4128/4448/3694
f 4129/4450/3695 1999/2183/1821 1998/2182/1820 4128/4448/3694
f 4021/4338/3605 4020/4337/3604 4129/4450/3695 4128/4448/3694
f 4130/4451/3696 2001/2187/1823 1999/2183/1821 4129/4450/3695
f 4020/4337/3604 4023/4340/3607 4130/4451/3696 4129/4450/3695
f 4028/4345/3612 2003/2190/1825 2001/2187/1823 4130/4451/3696
f 4023/4340/3607 4025/4342/3609 4028/4345/3612 4130/4451/3696
f 4028/4345/3612 4027/4344/3611 1892/2068/1730 2003/2190/1825
f 4131/4452/1916 4132/4453/3697 2005/2192/1827 2004/2191/1826
f 2009/2196/1831 4133/4454/3698 4131/4452/1916 2004/2191/1826
f 2009/2196/1831 1896/2072/1734 4031/4348/3615 4133/4454/3698
f 4134/4455/3699 4135/4456/3700 4131/4452/1916 4133/4454/3698
f 4031/4348/3615 4136/4457/3701 4134/4455/3699 4133/4454/3698
f 4031/4348/3615 4030/4347/3614 4034/4351/3618 4136/4457/3701
f 4137/4458/3702 4138/4459/3703 4134/4455/3699 4136/4457/3701
f 4034/4351/3618 4139/4460/3704 4137/4458/3702 4136/4457/3701
f 4034/4351/3618 4033/4350/3617 4037/4354/3621 4139/4460/3704
f 4140/4461/3705 4141/4462/3706 4137/4458/3702 4139/4460/3704
f 4037/4354/3621 4142/4463/3707 4140/4461/3705 4139/4460/3704
f 4037/4354/3621 4036/4353/3620 4040/4357/3623 4142/4463/3707
f 4143/4464/3708 4144/4465/3709 4140/4461/3705 4142/4463/3707
f 4040/4357/3623 4145/4466/3710 4143/4464/3708 4142/4463/3707
f 4040/4357/3623 4039/4356/3622 4043/4360/1748 4145/4466/3710
f 4146/4467/3711 4147/4468/3712 4143/4464/3708 4145/4466/3710
f 4043/4360/1748 4045/4362/1748 4146/4467/3711 4145/4466/3710
f 4148/4469/922 4149/4470/3713 4147/4468/3712 4146/4467/3711
f 4045/4362/1748 4047/4364/3624 4148/4469/922 4146/4467/3711
f 4150/4471/3714 4151/4472/3715 4149/4470/3713 4148/4469/922
f 4047/4364/3624 4049/4366/761 4150/4471/3714 4148/4469/922
f 4152/4473/1643 4153/4474/3716 4151/4472/3715 4150/4471/3714
f 4049/4366/761 4051/4368/3624 4152/4473/1643 4150/4471/3714
f 4154/4475/2881 4155/4476/3717 4153/4474/3716 4152/4473/1643
f 4051/4368/3624 4053/4370/1748 4154/4475/2881 4152/4473/1643
f 4156/4477/3710 4157/4478/3718 4155/4476/3717 4154/4475/2881
f 4053/4370/1748 4055/4372/1747 4156/4477/3710 4154/4475/2881
f 4158/4479/1744 4159/4480/3719 4157/4478/3718 4156/4477/3710
f 4055/4372/1747 4057/4374/1001 4158/4479/1744 4156/4477/3710
f 4070/4387/3636 4069/4386/3635 4159/4480/3719 4158/4479/1744
f 4057/4374/1001 4063/4380/3629 4070/4387/3636 4158/4479/1744
f 4160/4481/3720 4161/4482/3721 4157/4478/3718 4159/4480/3719
f 4069/4386/3635 4072/4389/3638 4160/4481/3720 4159/4480/3719
f 4162/4483/3722 4163/4484/3723 4161/4482/3721 4160/4481/3720
f 4072/4389/3638 4074/4391/3640 4162/4483/3722 4160/4481/3720
f 4164/4485/3724 4165/4486/3725 4163/4484/3723 4162/4483/3722
f 4074/4391/3640 4076/4393/3642 4164/4485/3724 4162/4483/3722
f 4166/4487/3726 4167/4488/3727 4165/4486/3725 4164/4485/3724
f 4076/4393/3642 4083/4400/3649 4166/4487/3726 4164/4485/3724
f 4086/4403/3652 4168/4489/3728 4167/4488/3727 4166/4487/3726
f 4083/4400/3649 4082/4399/3648 4086/4403/3652 4166/4487/3726
f 4169/4490/3729 4170/4491/3730 4167/4488/3727 4168/4489/3728
f 4089/4406/3655 4171/4492/3731 4169/4490/3729 4168/4489/3728
f 4086/4403/3652 4085/4402/3651 4089/4406/3655 4168/4489/3728
f 4172/4493/3732 4173/4494/3733 4169/4490/3729 4171/4492/3731
f 4092/4409/3658 4174/4495/3734 4172/4493/3732 4171/4492/3731
f 4089/4406/3655 4088/4405/3654 4092/4409/3658 4171/4492/3731
f 4175/4496/3735 4176/4497/3736 4172/4493/3732 4174/4495/3734
f 4095/4412/3661 4177/4498/3737 4175/4496/3735 4174/4495/3734
f 4092/4409/3658 4091/4408/3657 4095/4412/3661 4174/4495/3734
f 4178/4499/3738 4179/4500/3739 4175/4496/3735 4177/4498/3737
f 4098/4415/3664 4180/4501/3740 4178/4499/3738 4177/4498/3737
f 4095/4412/3661 4094/4411/3660 4098/4415/3664 4177/4498/3737
f 4181/4502/3741 4182/4503/3742 4178/4499/3738 4180/4501/3740
f 4101/4418/3667 4183/4504/3743 4181/4502/3741 4180/4501/3740
f 4098/4415/3664 4097/4414/3663 4101/4418/3667 4180/4501/3740
f 4184/4505/3744 4185/4506/3745 4181/4502/3741 4183/4504/3743
f 4104/4421/3670 4186/4507/3746 4184/4505/3744 4183/4504/3743
f 4101/4418/3667 4100/4417/3666 4104/4421/3670 4183/4504/3743
f 4187/4508/3747 4188/4509/3748 4184/4505/3744 4186/4507/3746
f 4107/4424/3673 4189/4510/3749 4187/4508/3747 4186/4507/3746
f 4104/4421/3670 4103/4420/3669 4107/4424/3673 4186/4507/3746
f 4190/4511/3750 4191/4512/3751 4187/4508/3747 4189/4510/3749
f 4192/4513/3752 4193/4514/3753 4190/4511/3750 4189/4510/3749
f 4107/4424/3673 4106/4423/3672 4192/4513/3752 4189/4510/3749
f 4194/4515/3754 4195/4516/3755 4193/4514/3753 4192/4513/3752
f 4106/4423/3672 4109/4426/3675 4194/4515/3754 4192/4513/3752
f 4196/4517/3756 4197/4518/3757 4195/4516/3755 4194/4515/3754
f 4109/4426/3675 4111/4428/3677 4196/4517/3756 4194/4515/3754
f 4198/4519/3758 4199/4520/3759 4197/4521/3757 4196/4522/3756
f 4111/4433/3677 4113/4432/3679 4198/4523/3758 4196/4524/3756
f 4118/4525/3684 4200/4526/3760 4199/4520/3759 4198/4519/3758
f 4113/4432/3679 4115/4435/3681 4118/4438/3684 4198/4523/3758
f 4201/4527/3761 4202/4528/3762 4199/4520/3759 4200/4526/3760
f 4121/4529/3687 4203/4530/3763 4201/4527/3761 4200/4526/3760
f 4118/4438/3684 4117/4437/3683 4121/4441/3687 4200/4531/3760
f 4204/4532/3764 4205/4533/3765 4201/4527/3761 4203/4530/3763
f 4124/4534/3690 4206/4535/3766 4204/4532/3764 4203/4530/3763
f 4121/4441/3687 4120/4440/3686 4124/4444/3690 4203/4536/3763
f 2084/2279/1823 2083/2278/1901 4204/4532/3764 4206/4535/3766
f 4127/4537/3693 2085/2280/1902 2084/2279/1823 4206/4535/3766
f 4124/4444/3690 4123/4443/3689 4127/4447/3693 4206/4538/3766
f 4127/4447/3693 4126/4446/3692 1997/4449/1820 2085/4539/1902
f 4207/4540/3767 4208/4541/3768 2087/4542/1904 2086/4543/1903
f 2091/4544/1908 4209/4545/3769 4207/4540/3767 2086/4543/1903
f 2091/4544/1908 2093/2376/1910 4210/4546/3770 4209/4545/3769
f 4211/4547/3771 4212/4548/3772 4207/4540/3767 4209/4545/3769
f 4210/4546/3770 4213/4549/3773 4211/4547/3771 4209/4545/3769
f 4210/4546/3770 4214/4550/3774 4215/4551/3775 4213/4549/3773
f 4216/4552/3776 4217/4553/1829 4211/4547/3771 4213/4549/3773
f 4215/4551/3775 4218/4554/3777 4216/4552/3776 4213/4549/3773
f 4215/4551/3775 4219/4555/3778 4220/4556/3779 4218/4554/3777
f 4221/4557/3780 4222/4558/3781 4216/4552/3776 4218/4554/3777
f 4220/4556/3779 4223/4559/3782 4221/4557/3780 4218/4554/3777
f 4220/4556/3779 4224/4560/3783 4225/4561/3784 4223/4559/3782
f 4226/4562/3785 4227/4563/3786 4221/4557/3780 4223/4559/3782
f 4225/4561/3784 4228/4564/3787 4226/4562/3785 4223/4559/3782
f 4225/4561/3784 4229/4565/3788 4230/4566/3789 4228/4564/3787
f 4231/4567/3790 4232/4568/3791 4226/4562/3785 4228/4564/3787
f 4230/4566/3789 4233/4569/3792 4231/4567/3790 4228/4564/3787
f 4230/4566/3789 4234/4570/3793 4235/4571/3794 4233/4569/3792
f 4236/4572/3795 4237/4573/3796 4231/4567/3790 4233/4569/3792
f 4235/4571/3794 4238/4574/3797 4236/4572/3795 4233/4569/3792
f 4235/4571/3794 4239/4575/3798 4240/4576/3799 4238/4574/3797
f 4241/4577/3800 4242/4578/3801 4236/4572/3795 4238/4574/3797
f 4240/4576/3799 4243/4579/3802 4241/4577/3800 4238/4574/3797
f 4240/4576/3799 4149/4470/3713 4151/4472/3715 4243/4579/3802
f 4244/4580/3803 4245/4581/3804 4241/4577/3800 4243/4579/3802
f 4151/4472/3715 4153/4474/3716 4244/4580/3803 4243/4579/3802
f 4246/4582/3805 4247/4583/3806 4245/4581/3804 4244/4580/3803
f 4153/4474/3716 4155/4476/3717 4246/4582/3805 4244/4580/3803
f 4161/4482/3721 4163/4484/3723 4247/4583/3806 4246/4582/3805
f 4155/4476/3717 4157/4478/3718 4161/4482/3721 4246/4582/3805
f 4248/4584/3807 4249/4585/3808 4245/4581/3804 4247/4583/3806
f 4163/4484/3723 4165/4486/3725 4248/4584/3807 4247/4583/3806
f 4170/4491/3730 4250/4586/3809 4249/4585/3808 4248/4584/3807
f 4165/4486/3725 4167/4488/3727 4170/4491/3730 4248/4584/3807
f 4251/4587/3810 4242/4578/3801 4249/4585/3808 4250/4586/3809
f 4173/4494/3733 4252/4588/3811 4251/4587/3810 4250/4586/3809
f 4170/4491/3730 4169/4490/3729 4173/4494/3733 4250/4586/3809
f 4253/4589/3812 4237/4573/3796 4251/4587/3810 4252/4588/3811
f 4176/4497/3736 4254/4590/3813 4253/4589/3812 4252/4588/3811
f 4173/4494/3733 4172/4493/3732 4176/4497/3736 4252/4588/3811
f 4255/4591/3814 4232/4568/3791 4253/4589/3812 4254/4590/3813
f 4179/4500/3739 4256/4592/3815 4255/4591/3814 4254/4590/3813
f 4176/4497/3736 4175/4496/3735 4179/4500/3739 4254/4590/3813
f 4257/4593/3816 4227/4563/3786 4255/4591/3814 4256/4592/3815
f 4182/4503/3742 4258/4594/3817 4257/4593/3816 4256/4592/3815
f 4179/4500/3739 4178/4499/3738 4182/4503/3742 4256/4592/3815
f 4259/4595/3818 4222/4558/3781 4257/4593/3816 4258/4594/3817
f 4185/4506/3745 4260/4596/3819 4259/4595/3818 4258/4594/3817
f 4182/4503/3742 4181/4502/3741 4185/4506/3745 4258/4594/3817
f 4261/4597/3820 4217/4553/1829 4259/4595/3818 4260/4596/3819
f 4188/4509/3748 4262/4598/3821 4261/4597/3820 4260/4596/3819
f 4185/4506/3745 4184/4505/3744 4188/4509/3748 4260/4596/3819
f 4263/4599/3822 4212/4548/3772 4261/4597/3820 4262/4598/3821
f 4191/4512/3751 4264/4600/3823 4263/4599/3822 4262/4598/3821
f 4188/4509/3748 4187/4508/3747 4191/4512/3751 4262/4598/3821
f 4265/4601/3824 4208/4541/3768 4263/4599/3822 4264/4600/3823
f 4266/4602/3825 4267/4603/3826 4265/4601/3824 4264/4600/3823
f 4191/4512/3751 4190/4511/3750 4266/4602/3825 4264/4600/3823
f 4268/4604/3827 4269/4605/3828 4267/4603/3826 4266/4602/3825
f 4190/4511/3750 4193/4514/3753 4268/4604/3827 4266/4602/3825
f 4270/4606/3829 4271/4607/3830 4269/4605/3828 4268/4604/3827
f 4193/4514/3753 4195/4516/3755 4270/4606/3829 4268/4604/3827
f 4272/4608/3831 4273/4609/3832 4271/4610/3830 4270/4611/3829
f 4195/4516/3755 4197/4518/3757 4272/4612/3831 4270/4606/3829
f 4202/4528/3762 4274/4613/3833 4273/4609/3832 4272/4608/3831
f 4197/4521/3757 4199/4520/3759 4202/4528/3762 4272/4608/3831
f 2159/2357/1976 2158/2356/1975 4273/4609/3832 4274/4613/3833
f 4205/4533/3765 2160/2358/1976 2159/2357/1976 4274/4613/3833
f 4202/4528/3762 4201/4527/3761 4205/4533/3765 4274/4613/3833
f 4205/4533/3765 4204/4532/3764 2083/2278/1901 2160/2358/1976
f 4267/4614/3826 4269/4615/3828 2162/2360/1978 2161/2359/1977
f 2163/4616/1979 4265/4601/3824 4267/4603/3826 2161/4617/1977
f 4269/4615/3828 4271/4610/3830 2164/2364/1977 2162/2360/1978
f 4271/4610/3830 4273/4609/3832 2158/2356/1975 2164/2364/1977
f 2163/4616/1979 2087/4542/1904 4208/4541/3768 4265/4601/3824
f 4208/4541/3768 4207/4540/3767 4212/4548/3772 4263/4599/3822
f 4212/4548/3772 4211/4547/3771 4217/4553/1829 4261/4597/3820
f 4217/4553/1829 4216/4552/3776 4222/4558/3781 4259/4595/3818
f 4222/4558/3781 4221/4557/3780 4227/4563/3786 4257/4593/3816
f 4227/4563/3786 4226/4562/3785 4232/4568/3791 4255/4591/3814
f 4232/4568/3791 4231/4567/3790 4237/4573/3796 4253/4589/3812
f 4237/4573/3796 4236/4572/3795 4242/4578/3801 4251/4587/3810
f 4242/4578/3801 4241/4577/3800 4245/4581/3804 4249/4585/3808
f 4144/4465/3709 4143/4464/3708 4147/4468/3712 4239/4575/3798
f 4235/4571/3794 4234/4570/3793 4144/4465/3709 4239/4575/3798
f 4147/4468/3712 4149/4470/3713 4240/4576/3799 4239/4575/3798
f 4141/4462/3706 4140/4461/3705 4144/4465/3709 4234/4570/3793
f 4230/4566/3789 4229/4565/3788 4141/4462/3706 4234/4570/3793
f 4138/4459/3703 4137/4458/3702 4141/4462/3706 4229/4565/3788
f 4225/4561/3784 4224/4560/3783 4138/4459/3703 4229/4565/3788
f 4135/4456/3700 4134/4455/3699 4138/4459/3703 4224/4560/3783
f 4220/4556/3779 4219/4555/3778 4135/4456/3700 4224/4560/3783
f 4132/4453/3697 4131/4452/1916 4135/4456/3700 4219/4555/3778
f 4215/4551/3775 4214/4550/3774 4132/4453/3697 4219/4555/3778
f 2165/2375/1980 2005/2192/1827 4132/4453/3697 4214/4550/3774
f 4210/4546/3770 2093/2376/1910 2165/2375/1980 4214/4550/3774
f 4076/4393/3642 4075/4392/3641 4079/4396/3645 4083/4400/3649
f 4063/4380/3629 4062/4379/3628 4066/4383/3632 4070/4387/3636
f 4057/4374/1001 4056/4373/3625 4060/4377/3626 4063/4380/3629
f 2301/2523/2113 3965/4269/3549 3964/4268/3548 3968/4272/3552
f 3946/4250/769 3945/4249/767 3949/4253/3535 3953/4257/3538
f 3793/4094/767 3795/4096/1556 3798/4099/1556 3923/4227/1644
f 2333/2555/2145 2332/2554/2144 3520/3806/3192 3522/3808/3194
f 2332/2554/2144 2326/2548/2138 2344/2566/2156 3520/3806/3192
f 3245/3521/2968 3475/3761/3150 3474/3760/3149 3480/3766/3155
f 3248/3524/2971 3250/3528/2973 3470/3756/3145 3475/3761/3150
f 3245/3521/2968 3244/3520/2967 3248/3524/2971 3475/3761/3150
f 3250/3528/2973 3249/3527/2972 3253/3533/2976 3466/3752/3141
f 3253/3533/2976 3252/3532/2975 3256/3748/2979 3462/3747/3138
f 3256/3538/2979 3255/3537/2978 3259/3541/2982 3458/3740/3137
f 3259/3541/2982 3258/3540/2981 3262/3544/2780 3454/3736/3133
f 3262/3544/2780 3261/3543/2984 3265/3547/2987 3450/3732/3129
f 3265/3547/2987 3264/3546/2986 3268/3550/2990 3446/3728/3125
f 3268/3550/2990 3267/3549/2989 3271/3553/2993 3442/3724/3122
f 3271/3553/2993 3270/3552/2992 3274/3556/2996 3438/3720/3118
f 3280/3562/3002 3282/3564/2958 3422/3704/3102 3421/3703/3101
f 4275/4618/3834 3417/3699/3097 3416/3698/3096 3422/3704/3102
f 3282/3564/2958 3284/3566/3005 4275/4618/3834 3422/3704/3102
f 4276/4619/3835 4277/4620/3836 3417/3699/3097 4275/4618/3834
f 3284/3566/3005 3286/3568/3007 4276/4619/3835 4275/4618/3834
f 4278/4621/3837 4279/4622/3838 4277/4620/3836 4276/4619/3835
f 3286/3568/3007 3288/3570/3009 4278/4621/3837 4276/4619/3835
f 4280/4623/3839 4281/4624/3840 4279/4622/3838 4278/4621/3837
f 3288/3570/3009 3290/3572/3011 4280/4623/3839 4278/4621/3837
f 4282/4625/3841 4283/4626/3842 4281/4624/3840 4280/4623/3839
f 3290/3572/3011 3292/3574/3013 4282/4625/3841 4280/4623/3839
f 4284/4627/3843 4285/4628/3844 4283/4626/3842 4282/4625/3841
f 3292/3574/3013 3294/3576/3015 4284/4627/3843 4282/4625/3841
f 4286/4629/3845 3392/3674/3072 4285/4628/3844 4284/4627/3843
f 3294/3576/3015 3296/3578/3017 4286/4629/3845 4284/4627/3843
f 3387/3669/3067 3386/3668/3066 3392/3674/3072 4286/4629/3845
f 3296/3578/3017 3298/3580/3019 3387/3669/3067 4286/4629/3845
f 3392/3674/3072 3391/3673/3071 2248/2470/2060 4285/4628/3844
f 2248/2470/2060 2247/2469/2059 4283/4626/3842 4285/4628/3844
f 2247/2469/2059 2253/2475/2065 4281/4624/3840 4283/4626/3842
f 2253/2475/2065 4287/4630/3846 4279/4622/3838 4281/4624/3840
f 3407/3689/3087 3406/3688/3086 3412/3694/3092 4287/4630/3846
f 2253/2475/2065 2252/2474/2064 3407/3689/3087 4287/4630/3846
f 3412/3694/3092 4277/4620/3836 4279/4622/3838 4287/4630/3846
f 3412/3694/3092 3411/3693/3091 3417/3699/3097 4277/4620/3836
f 2252/2474/2064 2251/2473/2063 3402/3684/3082 3407/3689/3087
f 3298/3580/3019 3300/3582/3021 3382/3664/3062 3387/3669/3067
f 3310/3592/1367 3313/3595/1101 3366/3648/1141 3365/3647/1142
f 4288/4631/3847 3361/3643/3053 3360/3642/876 3366/3648/1141
f 3313/3595/1101 3315/3597/3027 4288/4631/3847 3366/3648/1141
f 4289/4632/3848 4290/4633/3849 3361/3643/3053 4288/4631/3847
f 3315/3597/3027 3317/3599/3029 4289/4632/3848 4288/4631/3847
f 3323/3605/3033 3325/3607/3035 4290/4633/3849 4289/4632/3848
f 3317/3599/3029 3319/3601/3031 3323/3605/3033 4289/4632/3848
f 3356/3638/3050 3355/3637/3049 3361/3643/3053 4290/4633/3849
f 3325/3607/3035 4291/4634/3850 3356/3638/3050 4290/4633/3849
f 3347/3629/3044 3350/3632/3045 3356/3638/3050 4291/4634/3850
f 3328/3610/3037 3348/3630/875 3347/3629/3044 4291/4634/3850
f 3325/3607/3035 3324/3606/3034 3328/3610/3037 4291/4634/3850
f 3328/3610/3037 3327/3609/3036 3331/3613/1099 3348/3630/875
f 3331/3613/1099 3341/3623/1140 3345/3627/1137 3348/3630/875
f 3331/3613/1099 3330/3612/1118 3334/3616/1139 3341/3623/1140
f 3183/3459/2912 3185/3461/2914 3222/3498/2945 3225/3501/2948
f 3185/3461/2914 3184/3460/2913 3189/3465/2918 3220/3496/2943
f 3189/3465/2918 3188/3464/2917 3194/3470/2923 3218/3494/2941
f 2361/2583/2173 3169/3445/2898 3168/3444/2897 3191/3467/2920
f 3187/3463/2916 2355/2577/2167 2361/2583/2173 3191/3467/2920
f 2352/2574/2164 2354/2576/2166 3156/3432/2885 3161/3437/2890
f 2354/2576/2166 2351/2573/2163 3152/3428/2883 3151/3427/2882
f 3140/3416/2872 3139/3415/2871 2280/2502/2092 3144/3420/2876
f 3119/3395/919 3118/3394/2857 3122/3398/922 3126/3402/1008
f 2225/2447/2037 2944/3205/2724 2946/3207/1744 3116/3392/2855
f 3112/3388/2851 2226/2448/2038 2225/2447/2037 3116/3392/2855
f 2946/3207/1744 2948/3209/756 3117/3393/2856 3116/3392/2855
f 2242/2464/2054 2246/2468/2058 3106/3382/2656 3105/3381/2847
f 3094/3364/2836 3093/3363/2835 3097/3367/2839 3104/3380/2846
f 3097/3367/2839 3096/3366/2838 3100/3370/2842 3102/3379/2844
f 3100/3370/2842 3099/3369/2841 942/3373/897 946/4635/901
f 2320/2542/2132 2319/2541/2131 2967/3228/2733 2970/3231/2736
f 2225/2447/2037 32/34/32 782/859/754 2944/3205/2724
f 2871/3124/2657 2286/2508/2098 2294/2516/2106 2875/3128/2660
f 2292/2514/2104 2687/2934/2482 2686/2933/2481 2690/2937/2485
f 2285/2507/2097 2664/2911/2459 2663/2910/2458 2667/2914/2462
f 2267/2489/2079 2265/2487/2077 2594/2838/2393 2597/2841/2396
f 2266/2488/2078 2254/2476/2066 77/87/77 416/463/406
f 2306/2528/2118 2305/2527/2117 2304/2526/2116 2546/2775/2349
f 2392/2614/2204 2336/2558/2148 2364/2586/2176 2396/2618/2208
f 2336/2558/2148 2335/2557/2147 2365/2587/2177 2364/2586/2176
f 2348/2570/2160 2347/2569/2159 2322/2544/2134 2353/2575/2165
f 2330/2552/2142 2327/2549/2139 2326/2548/2138 2332/2554/2144
f 2270/2492/2082 2273/2495/2085 2277/2499/2089 2831/3084/2619
f 2824/3077/2612 2284/2506/2096 2270/2492/2082 2831/3084/2619
f 2222/2444/2034 2224/2446/2036 3344/3626/3042 2243/2465/2055
f 2183/2403/1998 2218/2440/2030 2223/2445/2035 50/54/50
f 2184/2404/1999 2219/2441/2031 2218/2440/2030 2183/2403/1998
f 2186/2406/1142 4292/4636/2000 2219/2441/2031 2184/2404/1999
f 4293/4637/3851 4294/4638/3852 2188/2408/2002 2187/2407/2001
f 2192/2412/2006 4295/4639/3853 4293/4637/3851 2187/2407/2001
f 4296/4640/3854 4297/4641/3855 4294/4638/3852 4293/4637/3851
f 4295/4639/3853 4298/4642/3856 4296/4640/3854 4293/4637/3851
f 4295/4639/3853 2212/2434/2025 2211/2433/2024 4298/4642/3856
f 2235/2457/2047 2234/2456/2046 4296/4640/3854 4298/4642/3856
f 2211/2433/2024 2210/2432/2023 2235/2457/2047 4298/4642/3856
f 2234/2456/2046 4299/4643/3857 4297/4641/3855 4296/4640/3854
f 4300/4644/3858 4292/4636/2000 4294/4638/3852 4297/4641/3855
f 4299/4643/3857 4301/4645/3859 4300/4644/3858 4297/4641/3855
f 2220/2442/2032 2219/2441/2031 4292/4636/2000 4300/4644/3858
f 4301/4645/3859 2224/2446/2036 2220/2442/2032 4300/4644/3858
f 4292/4636/2000 2186/2406/1142 2188/2408/2002 4294/4638/3852
f 2229/2451/2041 2213/2435/2026 2217/2439/2029 2236/2458/2048
f 2210/2432/2023 2209/2431/2022 2228/2450/2040 2235/2457/2047
f 2209/2431/2022 2213/2435/2026 2229/2451/2041 2228/2450/2040
f 2212/2434/2025 4295/4639/3853 2192/2412/2006 2199/2420/2013
f 2311/2533/2123 2310/2532/2122 2316/2538/2128 2312/2534/2124
f 2233/2455/2045 3344/3626/3042 2224/2446/2036 4301/4645/3859
f 2231/2453/2043 2233/2455/2045 4301/4645/3859 4299/4643/3857
f 2281/2503/2093 3135/3411/2867 3127/3403/2863 2282/2504/2094
f 2281/2503/2093 2280/2502/2092 3139/3415/2871 3135/3411/2867
f 2199/2420/2013 15/15/15 14/14/14
f 14/14/14 10/10/10 9/9/9
f 43/47/43 2196/2416/2010 36/44/36
f 14/14/14 2212/2434/2025 2199/2420/2013
f 9/9/9 2206/2428/2019 14/14/14
f 2231/2453/2043 4299/4643/3857 2234/2456/2046
